fylke,school,program,occurrence,level,category,year,round,expected,spread,p_fill,history_years,held_out
Akershus,Asker,Studiespesialisering,0,Vg1,ST,2027,2,42.9,4.4,0.902,4,0
Akershus,Bjertnes,Bygg- og anleggsteknikk,0,Vg1,BA,2027,2,29.0,4.9,0.865,3,0
Akershus,Bjertnes,Elektro og datateknologi,0,Vg1,EL,2027,2,37.8,4.9,0.931,3,0
Akershus,Bjertnes,Helse- og oppvekstfag,0,Vg1,HS,2027,2,31.4,6.0,0.398,0,0
Akershus,Bjertnes,"Salg, service og reiseliv",0,Vg1,SR,2027,2,30.5,6.2,0.885,3,0
Akershus,Bjertnes,Studiespesialisering,0,Vg1,ST,2027,2,38.5,4.9,0.828,3,0
Akershus,Bjørkelangen,Elektro og datateknologi,0,Vg1,EL,2027,2,30.0,4.9,0.908,3,0
Akershus,Bjørkelangen,"Frisør, blomster, interiør og eksponeringsdesign",0,Vg1,FD,2027,2,23.1,6.5,0.82,2,0
Akershus,Bjørkelangen,Helse- og oppvekstfag,0,Vg1,HS,2027,2,26.6,4.9,0.826,3,0
Akershus,Bjørkelangen,Idrettsfag,0,Vg1,ID,2027,2,39.0,4.9,0.867,3,0
Akershus,Bjørkelangen,"Salg, service og reiseliv",0,Vg1,SR,2027,2,29.4,6.2,0.858,3,0
Akershus,Bjørkelangen,Studiespesialisering,0,Vg1,ST,2027,2,33.5,5.2,0.493,1,0
Akershus,Bjørkelangen,Teknologi- og industrifag,0,Vg1,TP,2027,2,26.5,6.2,0.737,2,0
Akershus,Bleiker,Elektro og datateknologi,0,Vg1,EL,2027,2,36.4,4.9,0.944,3,0
Akershus,Bleiker,Helse- og oppvekstfag,0,Vg1,HS,2027,2,33.5,6.2,0.875,3,0
Akershus,Bleiker,Idrettsfag,0,Vg1,ID,2027,2,43.2,4.9,0.911,3,0
Akershus,Bleiker,Informasjonsteknologi og medieproduksjon,0,Vg1,IM,2027,2,37.4,6.0,0.47,0,0
Akershus,Bleiker,Medier og kommunikasjon,0,Vg1,MK,2027,2,38.8,4.9,0.864,3,0
Akershus,Bleiker,"Salg, service og reiseliv",0,Vg1,SR,2027,2,36.1,4.9,0.903,3,0
Akershus,Bleiker,Teknologi- og industrifag,0,Vg1,TP,2027,2,34.1,6.2,0.925,3,0
Akershus,Drømtorp,Helse- og oppvekstfag,0,Vg1,HS,2027,2,28.3,6.0,0.265,0,0
Akershus,Drømtorp,Informasjonsteknologi og medieproduksjon,0,Vg1,IM,2027,2,30.7,4.9,0.606,2,0
Akershus,Drømtorp,Medier og kommunikasjon,0,Vg1,MK,2027,2,33.5,5.2,0.391,1,0
Akershus,Drømtorp,"Salg, service og reiseliv",0,Vg1,SR,2027,2,28.6,5.2,0.438,1,0
Akershus,Dønski,Idrettsfag,0,Vg1,ID,2027,2,42.4,4.9,0.942,3,0
Akershus,Dønski,Studiespesialisering,0,Vg1,ST,2027,2,40.0,4.9,0.89,3,0
Akershus,Eidsvoll,Bygg- og anleggsteknikk,0,Vg1,BA,2027,2,28.1,4.9,0.837,3,0
Akershus,Eidsvoll,Elektro og datateknologi,0,Vg1,EL,2027,2,36.0,4.9,0.909,3,0
Akershus,Eidsvoll,Helse- og oppvekstfag,0,Vg1,HS,2027,2,28.9,4.9,0.828,3,0
Akershus,Eidsvoll,Idrettsfag,0,Vg1,ID,2027,2,37.4,4.9,0.691,2,0
Akershus,Eidsvoll,Studiespesialisering,0,Vg1,ST,2027,2,36.7,6.0,0.336,0,0
Akershus,Eidsvoll,Teknologi- og industrifag,0,Vg1,TP,2027,2,30.7,4.9,0.885,3,0
Akershus,Eikeli,"Salg, service og reiseliv",0,Vg1,SR,2027,2,31.8,5.2,0.482,1,0
Akershus,Eikeli,Studiespesialisering,0,Vg1,ST,2027,2,37.5,6.0,0.281,0,0
Akershus,Frogn,Idrettsfag,0,Vg1,ID,2027,2,36.7,4.9,0.874,3,0
Akershus,Frogn,"Salg, service og reiseliv",0,Vg1,SR,2027,2,28.7,6.2,0.865,3,0
Akershus,Frogn,"Salg, service og reiseliv, SK",0,Vg1,SR,2027,2,34.7,4.9,0.845,3,0
Akershus,Frogn,Studiespesialisering,0,Vg1,ST,2027,2,33.1,5.2,0.476,1,0
Akershus,Hvam,Idrettsfag,0,Vg1,ID,2027,2,33.2,6.2,0.678,2,0
Akershus,Hvam,Medier og kommunikasjon,0,Vg1,MK,2027,2,27.4,5.2,0.497,1,0
Akershus,Hvam,Naturbruk,0,Vg1,NA,2027,2,29.6,5.2,0.657,1,0
Akershus,Hvam,"Naturbruk, energi-/miljøfag, SK 3 år",0,Vg1,NA,2027,2,28.2,5.2,0.589,1,0
Akershus,Hvam,"Naturbruk, realfag og dyrekunnskap, SK 3 år",0,Vg1,NA,2027,2,35.9,6.2,0.807,3,0
Akershus,Jessheim,Helse- og oppvekstfag,0,Vg1,HS,2027,2,28.3,4.9,0.899,3,0
Akershus,Jessheim,"Kunst, design og arkitektur",0,Vg1,KD,2027,2,38.4,4.9,0.888,3,0
Akershus,Jessheim,"Salg, service og reiseliv",0,Vg1,SR,2027,2,30.0,4.9,0.924,3,0
Akershus,Jessheim,Studiespesialisering,0,Vg1,ST,2027,2,38.3,4.9,0.875,3,0
Akershus,Jessheim,Teknologi- og industrifag,0,Vg1,TP,2027,2,30.4,4.9,0.943,3,0
Akershus,Kjelle,Bygg- og anleggsteknikk,0,Vg1,BA,2027,2,25.1,4.9,0.662,2,0
Akershus,Kjelle,Naturbruk,0,Vg1,NA,2027,2,29.0,4.9,0.673,2,0
Akershus,Lillestrøm,Medier og kommunikasjon,0,Vg1,MK,2027,2,41.6,4.9,0.943,3,0
Akershus,Lillestrøm,Studiespesialisering,0,Vg1,ST,2027,2,44.8,4.9,0.934,3,0
Akershus,Lillestrøm,"Studiespesialisering, forberedende IB",0,Vg1,ST,2027,2,42.4,4.9,0.921,3,0
Akershus,Lørenskog,"Frisør, blomster, interiør og eksponeringsdesign",0,Vg1,FD,2027,2,32.6,4.9,0.924,3,0
Akershus,Lørenskog,Idrettsfag,0,Vg1,ID,2027,2,43.5,4.9,0.953,3,0
Akershus,Lørenskog,"Kunst, design og arkitektur",0,Vg1,KD,2027,2,39.4,4.9,0.918,3,0
Akershus,Lørenskog,Restaurant- og matfag,0,Vg1,RM,2027,2,30.5,4.9,0.72,2,0
Akershus,Lørenskog,Studiespesialisering,0,Vg1,ST,2027,2,42.1,4.9,0.907,3,0
Akershus,Lørenskog,"Studiespesialisering, toppidrett",0,Vg1,ST,2027,2,45.6,3.6,0.947,3,0
Akershus,Mailand,Helse- og oppvekstfag,0,Vg1,HS,2027,2,30.5,6.2,0.9,3,0
Akershus,Mailand,Informasjonsteknologi og medieproduksjon,0,Vg1,IM,2027,2,35.6,4.9,0.935,3,0
Akershus,Mailand,"Salg, service og reiseliv",0,Vg1,SR,2027,2,33.2,4.9,0.925,3,0
Akershus,Mailand,Studiespesialisering,0,Vg1,ST,2027,2,36.7,4.9,0.876,3,0
Akershus,Nadderud,Idrettsfag,0,Vg1,ID,2027,2,46.0,3.6,0.971,3,0
Akershus,Nadderud,Studiespesialisering,0,Vg1,ST,2027,2,46.1,3.3,0.938,4,0
Akershus,Nannestad,Helse- og oppvekstfag,0,Vg1,HS,2027,2,29.4,4.9,0.866,3,0
Akershus,Nannestad,Idrettsfag,0,Vg1,ID,2027,2,39.0,4.9,0.903,3,0
Akershus,Nannestad,Informasjonsteknologi og medieproduksjon,0,Vg1,IM,2027,2,35.3,4.9,0.908,3,0
Akershus,Nannestad,Medier og kommunikasjon,0,Vg1,MK,2027,2,33.6,4.9,0.705,2,0
Akershus,Nannestad,Restaurant- og matfag,0,Vg1,RM,2027,2,27.3,5.2,0.465,1,0
Akershus,Nannestad,"Salg, service og reiseliv",0,Vg1,SR,2027,2,31.8,4.9,0.895,3,0
Akershus,Nannestad,Studiespesialisering,0,Vg1,ST,2027,2,37.7,4.9,0.839,3,0
Akershus,Nes,Bygg- og anleggsteknikk,0,Vg1,BA,2027,2,21.0,5.2,0.636,2,0
Akershus,Nes,Elektro og datateknologi,0,Vg1,EL,2027,2,28.9,4.9,0.866,3,0
Akershus,Nes,Helse- og oppvekstfag,0,Vg1,HS,2027,2,23.5,5.2,0.777,3,0
Akershus,Nes,Idrettsfag,0,Vg1,ID,2027,2,32.1,6.2,0.82,3,0
Akershus,Nes,Studiespesialisering,0,Vg1,ST,2027,2,31.5,6.0,0.279,0,0
Akershus,Nesbru,Bygg- og anleggsteknikk,0,Vg1,BA,2027,2,29.2,4.9,0.913,3,0
Akershus,Nesbru,Studiespesialisering,0,Vg1,ST,2027,2,37.8,4.4,0.881,4,0
Akershus,Nesbru,"Studiespesialisering, forberedende IB",0,Vg1,ST,2027,2,38.8,6.2,0.865,3,0
Akershus,Nesodden,Elektro og datateknologi,0,Vg1,EL,2027,2,32.4,4.9,0.863,3,0
Akershus,Nesodden,Helse- og oppvekstfag,0,Vg1,HS,2027,2,25.4,5.2,0.497,1,0
Akershus,Nesodden,Informasjonsteknologi og medieproduksjon,0,Vg1,IM,2027,2,31.5,5.2,0.546,1,0
Akershus,Nesodden,Studiespesialisering,0,Vg1,ST,2027,2,33.3,4.9,0.567,2,0
Akershus,Roald Amundsen,Idrettsfag,0,Vg1,ID,2027,2,41.0,4.9,0.876,3,0
Akershus,Roald Amundsen,Studiespesialisering,0,Vg1,ST,2027,2,38.5,6.0,0.345,0,0
Akershus,Rosenvilde,Helse- og oppvekstfag,0,Vg1,HS,2027,2,28.7,4.9,0.626,2,0
Akershus,Rosenvilde,Informasjonsteknologi og medieproduksjon,0,Vg1,IM,2027,2,35.6,4.9,0.674,2,0
Akershus,Rosenvilde,"Kunst, design og arkitektur",0,Vg1,KD,2027,2,31.5,5.2,0.486,1,0
Akershus,Rosenvilde,Medier og kommunikasjon,0,Vg1,MK,2027,2,34.1,5.2,0.487,1,0
Akershus,Rosenvilde,Restaurant- og matfag,0,Vg1,RM,2027,2,28.1,4.9,0.731,3,0
Akershus,Rosenvilde,Studiespesialisering,0,Vg1,ST,2027,2,34.3,4.9,0.651,3,0
Akershus,Rud,Elektro og datateknologi,0,Vg1,EL,2027,2,33.9,4.9,0.919,3,0
Akershus,Rud,"Elektro og datateknologi, SK 3 år",0,Vg1,EL,2027,2,37.9,4.9,0.885,3,0
Akershus,Rud,"Frisør, blomster, interiør og eksponeringsdesign",0,Vg1,FD,2027,2,29.6,4.9,0.834,3,0
Akershus,Rud,Helse- og oppvekstfag,0,Vg1,HS,2027,2,28.2,4.9,0.661,2,0
Akershus,Rud,"Håndverk, design og produktutvikling",0,Vg1,DT,2027,2,33.2,5.2,0.492,1,0
Akershus,Rud,Teknologi- og industrifag,0,Vg1,TP,2027,2,30.7,4.9,0.896,3,0
Akershus,Rælingen,Idrettsfag,0,Vg1,ID,2027,2,31.8,6.2,0.795,3,0
Akershus,Rælingen,"Salg, service og reiseliv",0,Vg1,SR,2027,2,25.0,5.2,0.607,2,0
Akershus,Rælingen,Studiespesialisering,0,Vg1,ST,2027,2,31.9,5.2,0.392,1,0
Akershus,Rælingen,"Studiespesialisering, toppidrett",0,Vg1,ST,2027,2,35.3,5.2,0.454,1,0
Akershus,Røyken,Bygg- og anleggsteknikk,0,Vg1,BA,2027,2,30.1,4.4,0.832,6,0
Akershus,Røyken,Elektro og datateknologi,0,Vg1,EL,2027,2,34.7,4.9,0.762,2,0
Akershus,Røyken,"Frisør, blomster, interiør og eksponeringsdesign",0,Vg1,FD,2027,2,30.8,4.9,0.816,3,0
Akershus,Røyken,Helse- og oppvekstfag,0,Vg1,HS,2027,2,31.8,4.4,0.823,6,0
Akershus,Røyken,Informasjonsteknologi og medieproduksjon,0,Vg1,IM,2027,2,34.7,4.9,0.719,2,0
Akershus,Røyken,"Kunst, design og arkitektur",0,Vg1,KD,2027,2,36.1,6.0,0.401,0,0
Akershus,Røyken,"Salg, service og reiseliv",0,Vg1,SR,2027,2,34.0,4.9,0.853,3,0
Akershus,Røyken,Studiespesialisering,0,Vg1,ST,2027,2,35.9,5.6,0.472,4,0
Akershus,Sandvika,Helse- og oppvekstfag,0,Vg1,HS,2027,2,32.8,4.9,0.93,3,0
Akershus,Sandvika,Medier og kommunikasjon,0,Vg1,MK,2027,2,40.2,4.9,0.921,3,0
Akershus,Sandvika,Studiespesialisering,0,Vg1,ST,2027,2,42.4,4.4,0.91,4,0
Akershus,Skedsmo,Bygg- og anleggsteknikk,0,Vg1,BA,2027,2,28.2,4.9,0.871,3,0
Akershus,Skedsmo,Elektro og datateknologi,0,Vg1,EL,2027,2,34.9,4.9,0.935,3,0
Akershus,Skedsmo,"Håndverk, design og produktutvikling",0,Vg1,DT,2027,2,25.9,4.9,0.694,2,0
Akershus,Skedsmo,"Salg, service og reiseliv",0,Vg1,SR,2027,2,32.6,5.2,0.877,1,0
Akershus,Skedsmo,Studiespesialisering,0,Vg1,ST,2027,2,35.6,4.9,0.835,3,0
Akershus,Ski,Idrettsfag,0,Vg1,ID,2027,2,44.8,4.9,0.96,3,0
Akershus,Ski,Studiespesialisering,0,Vg1,ST,2027,2,43.3,4.9,0.919,3,0
Akershus,Stabekk,Studiespesialisering,0,Vg1,ST,2027,2,40.1,4.4,0.887,4,0
Akershus,Strømmen,Elektro og datateknologi,0,Vg1,EL,2027,2,32.2,4.9,0.903,3,0
Akershus,Strømmen,Helse- og oppvekstfag,0,Vg1,HS,2027,2,25.3,6.2,0.67,2,0
Akershus,Strømmen,Teknologi- og industrifag,0,Vg1,TP,2027,2,30.1,4.9,0.878,3,0
Akershus,Sørumsand,Elektro og datateknologi,0,Vg1,EL,2027,2,32.2,4.9,0.836,2,0
Akershus,Sørumsand,Medier og kommunikasjon,0,Vg1,MK,2027,2,33.7,6.0,0.294,0,0
Akershus,Sørumsand,Restaurant- og matfag,0,Vg1,RM,2027,2,26.7,6.0,0.191,0,0
Akershus,Sørumsand,Studiespesialisering,0,Vg1,ST,2027,2,35.2,6.0,0.242,0,0
Akershus,Sørumsand,Teknologi- og industrifag,0,Vg1,TP,2027,2,28.3,4.9,0.656,2,0
Akershus,Valler,Studiespesialisering,0,Vg1,ST,2027,2,42.4,4.4,0.898,4,0
Akershus,Vestby,Bygg- og anleggsteknikk,0,Vg1,BA,2027,2,26.6,6.2,0.807,3,0
Akershus,Vestby,Restaurant- og matfag,0,Vg1,RM,2027,2,26.7,5.2,0.391,1,0
Akershus,Vestby,"Salg, service og reiseliv",0,Vg1,SR,2027,2,31.5,4.9,0.829,3,0
Akershus,Vestby,Studiespesialisering,0,Vg1,ST,2027,2,33.3,5.2,0.463,1,0
Akershus,Vestby,"Studiespesialisering, forskerlinje",0,Vg1,ST,2027,2,33.2,6.0,0.327,0,0
Akershus,Ås,Elektro og datateknologi,0,Vg1,EL,2027,2,39.2,4.9,0.974,3,0
Akershus,Ås,"Frisør, blomster, interiør og eksponeringsdesign",0,Vg1,FD,2027,2,34.9,4.9,0.928,3,0
Akershus,Ås,Helse- og oppvekstfag,0,Vg1,HS,2027,2,37.2,4.9,0.932,3,0
Akershus,Ås,Idrettsfag,0,Vg1,ID,2027,2,45.1,3.6,0.956,3,0
Akershus,Ås,"Kunst, design og arkitektur",0,Vg1,KD,2027,2,43.6,4.9,0.923,3,0
Akershus,Ås,Studiespesialisering,0,Vg1,ST,2027,2,43.8,4.9,0.912,3,0
Akershus,Ås,"Studiespesialisering, forberedende IB",0,Vg1,ST,2027,2,38.9,5.2,0.706,1,0
Akershus,Ås,Teknologi- og industrifag,0,Vg1,TP,2027,2,35.0,4.9,0.964,3,0
Buskerud,Buskerud,Bygg- og anleggsteknikk,0,Vg1,BA,2027,,24.8,4.7,0.835,6,0
Buskerud,Buskerud,Elektro og datateknologi,0,Vg1,EL,2027,,32.0,4.9,0.91,3,0
Buskerud,Buskerud,Helse- og oppvekstfag,0,Vg1,HS,2027,,25.6,5.6,0.825,6,0
Buskerud,Buskerud,Idrettsfag,0,Vg1,ID,2027,,33.1,4.4,0.868,6,0
Buskerud,Buskerud,Naturbruk,0,Vg1,NA,2027,,24.5,4.7,0.692,5,0
Buskerud,Buskerud,Restaurant- og matfag,0,Vg1,RM,2027,,23.0,4.7,0.433,4,0
Buskerud,Buskerud,"Salg, service og reiseliv",0,Vg1,SR,2027,,29.1,4.9,0.856,3,0
Buskerud,Buskerud,Studiespesialisering,0,Vg1,ST,2027,,32.6,6.2,0.357,3,0
Buskerud,Buskerud,Teknologi- og industrifag,0,Vg1,TP,2027,,25.8,6.2,0.884,3,0
Buskerud,Drammen,"Idrettsfag, toppidrett, bandy/hopp/turn",0,Vg1,ID,2027,,40.0,4.4,0.943,5,0
Buskerud,Drammen,"Idrettsfag, toppidrett, fotball",0,Vg1,ID,2027,,45.1,3.3,0.943,5,0
Buskerud,Drammen,"Idrettsfag, toppidrett, håndball",0,Vg1,ID,2027,,44.7,4.4,0.943,5,0
Buskerud,Drammen,"Idrettsfag, toppidrett, langrenn/svømming",0,Vg1,ID,2027,,41.4,5.5,0.7,4,0
Buskerud,Drammen,"Kunst, design og arkitektur",0,Vg1,KD,2027,,39.4,4.9,0.925,3,0
Buskerud,Drammen,"Salg, service og reiseliv",0,Vg1,SR,2027,,35.7,4.9,0.953,3,0
Buskerud,Drammen,Studiespesialisering,0,Vg1,ST,2027,,40.7,4.4,0.914,6,0
Buskerud,Drammen,"Studiespesialisering, entreprenørskap",0,Vg1,ST,2027,,44.6,4.4,0.949,6,0
Buskerud,Drammen,"Studiespesialisering, forskerlinje",0,Vg1,ST,2027,,37.3,5.6,0.931,6,0
Buskerud,Drammen,"Studiespesialisering, internasjonalisering",0,Vg1,ST,2027,,36.4,4.4,0.96,4,0
Buskerud,Eiker,Helse- og oppvekstfag,0,Vg1,HS,2027,,33.1,4.9,0.916,3,0
Buskerud,Eiker,"Salg, service og reiseliv",0,Vg1,SR,2027,,31.7,4.9,0.939,3,0
Buskerud,Eiker,Studiespesialisering,0,Vg1,ST,2027,,36.7,4.4,0.894,6,0
Buskerud,Gol,Idrettsfag,0,Vg1,ID,2027,,35.2,5.6,0.839,6,0
Buskerud,Gol,Restaurant- og matfag,0,Vg1,RM,2027,,20.8,6.5,0.408,3,0
Buskerud,Gol,Studiespesialisering,0,Vg1,ST,2027,,28.5,4.4,0.616,4,0
Buskerud,Hønefoss,Bygg- og anleggsteknikk,0,Vg1,BA,2027,,27.8,4.4,0.914,6,0
Buskerud,Hønefoss,Elektro og datateknologi,0,Vg1,EL,2027,,35.7,4.9,0.962,3,0
Buskerud,Hønefoss,"Frisør, blomster, interiør og eksponeringsdesign",0,Vg1,FD,2027,,25.7,4.9,0.9,3,0
Buskerud,Hønefoss,Helse- og oppvekstfag,0,Vg1,HS,2027,,31.7,4.4,0.906,6,0
Buskerud,Hønefoss,"Helse- og oppvekstfag, YSK 4 år",0,Vg1,HS,2027,,42.2,6.1,0.888,3,0
Buskerud,Hønefoss,Informasjonsteknologi og medieproduksjon,0,Vg1,IM,2027,,33.5,4.9,0.94,3,0
Buskerud,Hønefoss,"Kunst, design og arkitektur",0,Vg1,KD,2027,,30.4,4.9,0.737,2,0
Buskerud,Hønefoss,Medier og kommunikasjon,0,Vg1,MK,2027,,34.0,5.6,0.895,6,0
Buskerud,Hønefoss,Restaurant- og matfag,0,Vg1,RM,2027,,28.4,4.4,0.838,6,0
Buskerud,Hønefoss,Teknologi- og industrifag,0,Vg1,TP,2027,,30.5,4.9,0.948,3,0
Buskerud,Kongsberg,Bygg- og anleggsteknikk,0,Vg1,BA,2027,,27.7,4.4,0.762,5,0
Buskerud,Kongsberg,Elektro og datateknologi,0,Vg1,EL,2027,,34.4,4.9,0.959,3,0
Buskerud,Kongsberg,Helse- og oppvekstfag,0,Vg1,HS,2027,,30.8,4.4,0.901,6,0
Buskerud,Kongsberg,"Håndverk, design og produktutvikling",0,Vg1,DT,2027,,31.9,4.9,0.883,3,0
Buskerud,Kongsberg,Idrettsfag,0,Vg1,ID,2027,,42.1,4.4,0.933,6,0
Buskerud,Kongsberg,Informasjonsteknologi og medieproduksjon,0,Vg1,IM,2027,,35.8,6.2,0.936,3,0
Buskerud,Kongsberg,"Musikk, dans og drama",0,Vg1,MD,2027,,36.4,5.2,0.681,1,0
Buskerud,Kongsberg,Naturbruk,0,Vg1,NA,2027,,26.9,5.6,0.898,6,0
Buskerud,Kongsberg,Restaurant- og matfag,0,Vg1,RM,2027,,30.5,4.4,0.831,6,0
Buskerud,Kongsberg,"Salg, service og reiseliv",0,Vg1,SR,2027,,34.3,6.2,0.926,3,0
Buskerud,Kongsberg,Studiespesialisering,0,Vg1,ST,2027,,36.6,4.4,0.876,6,0
Buskerud,Kongsberg,Teknologi- og industrifag,0,Vg1,TP,2027,,32.4,4.9,0.944,3,0
Buskerud,Lier,Elektro og datateknologi,0,Vg1,EL,2027,,36.1,4.9,0.956,3,0
Buskerud,Lier,"Elektro og datateknologi, helse- og miljøteknologi, studiekompetanse (3 år)",0,Vg1,EL,2027,,33.3,6.2,0.941,2,0
Buskerud,Lier,Helse- og oppvekstfag,0,Vg1,HS,2027,,31.0,4.4,0.896,6,0
Buskerud,Lier,"Helse- og oppvekstfag, YSK 4 år",0,Vg1,HS,2027,,36.9,4.9,0.876,3,0
Buskerud,Lier,"Helse- og oppvekstfag, barne- og ungdomsarbeider, studiekompetanse (3 år)",0,Vg1,HS,2027,,38.4,4.9,0.899,2,0
Buskerud,Lier,"Salg, service og reiseliv",0,Vg1,SR,2027,,32.2,4.9,0.774,2,0
Buskerud,Lier,"Salg, service og reiseliv, YSK 4 år",0,Vg1,SR,2027,,34.0,4.9,0.888,2,0
Buskerud,Numedal,Bygg- og anleggsteknikk,0,Vg1,BA,2027,,26.2,6.2,0.709,3,0
Buskerud,Numedal,Elektro og datateknologi,0,Vg1,EL,2027,,32.3,6.2,0.658,2,0
Buskerud,Numedal,Helse- og oppvekstfag,0,Vg1,HS,2027,,28.8,5.2,0.437,1,0
Buskerud,Numedal,"Salg, service og reiseliv",0,Vg1,SR,2027,,27.9,4.9,0.598,2,0
Buskerud,Numedal,Studiespesialisering,0,Vg1,ST,2027,,32.9,5.2,0.361,1,0
Buskerud,Numedal,Teknologi- og industrifag,0,Vg1,TP,2027,,24.4,5.2,0.818,3,0
Buskerud,Ringerike,Idrettsfag,0,Vg1,ID,2027,,40.2,4.4,0.912,5,0
Buskerud,Ringerike,"Idrettsfag, toppidrett",0,Vg1,ID,2027,,43.5,4.9,0.891,2,0
Buskerud,Ringerike,"Musikk, dans og drama",0,Vg1,MD,2027,,31.7,6.2,0.832,2,0
Buskerud,Ringerike,"Salg, service og reiseliv",0,Vg1,SR,2027,,31.1,4.9,0.905,3,0
Buskerud,Ringerike,Studiespesialisering,0,Vg1,ST,2027,,31.7,5.6,0.695,5,0
Buskerud,St. Hallvard,Idrettsfag,0,Vg1,ID,2027,,39.4,4.4,0.897,6,0
Buskerud,St. Hallvard,"Musikk, dans og drama, dans",0,Vg1,MD,2027,,36.5,4.4,0.638,4,0
Buskerud,St. Hallvard,"Musikk, dans og drama, drama",0,Vg1,MD,2027,,38.9,4.4,0.628,4,0
Buskerud,St. Hallvard,"Musikk, dans og drama, musikk",0,Vg1,MD,2027,,34.3,5.6,0.863,5,0
Buskerud,St. Hallvard,Studiespesialisering,0,Vg1,ST,2027,,35.9,4.4,0.829,6,0
Buskerud,Ål,Bygg- og anleggsteknikk,0,Vg1,BA,2027,,24.1,6.5,0.451,3,0
Buskerud,Ål,Elektro og datateknologi,0,Vg1,EL,2027,,30.3,4.9,0.85,3,0
Buskerud,Ål,Helse- og oppvekstfag,0,Vg1,HS,2027,,27.6,5.6,0.566,4,0
Buskerud,Ål,"Salg, service og reiseliv",0,Vg1,SR,2027,,27.7,4.9,0.599,2,0
Buskerud,Ål,Teknologi- og industrifag,0,Vg1,TP,2027,,21.9,5.2,0.683,2,0
Buskerud,Åssiden,Bygg- og anleggsteknikk,0,Vg1,BA,2027,,21.8,4.7,0.661,5,0
Buskerud,Åssiden,Elektro og datateknologi,0,Vg1,EL,2027,,31.5,4.9,0.917,3,0
Buskerud,Åssiden,"Frisør, blomster, interiør og eksponeringsdesign",0,Vg1,FD,2027,,22.6,5.2,0.825,3,0
Buskerud,Åssiden,Helse- og oppvekstfag,0,Vg1,HS,2027,,27.6,4.4,0.835,6,0
Buskerud,Åssiden,Informasjonsteknologi og medieproduksjon,0,Vg1,IM,2027,,30.6,4.9,0.88,3,0
Buskerud,Åssiden,Medier og kommunikasjon,0,Vg1,MK,2027,,29.4,5.6,0.822,6,0
Buskerud,Åssiden,Restaurant- og matfag,0,Vg1,RM,2027,,24.4,5.2,0.323,3,0
Buskerud,Åssiden,Teknologi- og industrifag,0,Vg1,TP,2027,,24.8,5.2,0.892,3,0
Innlandet,Elverum videregående skole,Bygg- og anleggsteknikk,0,Vg1,BA,2027,2,27.3,4.4,0.786,11,0
Innlandet,Elverum videregående skole,Elektro og datateknologi,0,Vg1,EL,2027,2,36.0,4.4,0.93,7,0
Innlandet,Elverum videregående skole,Helse- og oppvekstfag,0,Vg1,HS,2027,2,27.3,4.4,0.681,7,0
Innlandet,Elverum videregående skole,Idrettsfag,0,Vg1,ID,2027,2,41.8,4.4,0.861,13,0
Innlandet,Elverum videregående skole,"Salg, service og reiseliv",0,Vg1,SR,2027,2,28.8,4.9,0.776,3,0
Innlandet,Elverum videregående skole,Studiespesialisering,0,Vg1,ST,2027,2,35.4,5.6,0.443,6,0
Innlandet,Elverum videregående skole,"Studiespesialisering, forberedende IB",0,Vg1,ST,2027,2,40.0,4.4,0.575,5,0
Innlandet,Elverum videregående skole,Teknologi- og industrifag,0,Vg1,TP,2027,2,30.9,4.4,0.865,6,0
Innlandet,Elverum videregående skole,Barne- og ungdomsarbeider,0,Vg2,HS,2027,2,28.7,5.0,0.823,11,0
Innlandet,Elverum videregående skole,"Bilskade, lakk og karosseri",0,Vg2,TP,2027,2,27.0,5.0,0.811,10,0
Innlandet,Elverum videregående skole,Dronefag,0,Vg2,EL,2027,2,35.9,5.9,0.89,1,0
Innlandet,Elverum videregående skole,Elenergi og ekom,0,Vg2,EL,2027,2,41.9,4.9,0.929,6,0
Innlandet,Elverum videregående skole,Helsearbeiderfag,0,Vg2,HS,2027,2,32.1,6.2,0.776,7,0
Innlandet,Elverum videregående skole,Helseservicefag,0,Vg2,HS,2027,2,28.8,6.2,0.702,9,0
Innlandet,Elverum videregående skole,Idrettsfag,1,Vg2,ID,2027,2,32.0,5.0,0.411,5,0
Innlandet,Elverum videregående skole,Industriteknologi,0,Vg2,TP,2027,2,32.8,5.0,0.841,12,0
Innlandet,Elverum videregående skole,International Baccalaureate,0,Vg2,ST,2027,2,38.7,5.0,0.798,9,0
Innlandet,Elverum videregående skole,Realfag,0,Vg2,ST,2027,2,30.4,6.2,0.507,5,0
Innlandet,Elverum videregående skole,"Salg og reiseliv, YSK 4 år",0,Vg2,SR,2027,2,34.6,5.9,0.516,1,0
Innlandet,Elverum videregående skole,"Salg, service og reiseliv",1,Vg2,SR,2027,2,29.0,5.9,0.731,1,0
Innlandet,Elverum videregående skole,"Språk, samfunn og økonomi",0,Vg2,ST,2027,2,30.5,5.0,0.396,4,0
Innlandet,Elverum videregående skole,Tømrer,0,Vg2,BA,2027,2,29.6,6.2,0.834,4,0
Innlandet,Gausdal videregående skole,Idrettsfag,0,Vg1,ID,2027,2,39.7,4.9,0.703,3,0
Innlandet,Gausdal videregående skole,Studiespesialisering,0,Vg1,ST,2027,2,37.2,5.2,0.404,1,0
Innlandet,Gausdal videregående skole,Idrettsfag,1,Vg2,ID,2027,2,31.9,6.9,0.58,3,0
Innlandet,Gausdal videregående skole,Realfag,0,Vg2,ST,2027,2,32.5,5.5,0.422,2,0
Innlandet,Gausdal videregående skole,"Språk, samfunn og økonomi",0,Vg2,ST,2027,2,30.9,5.9,0.336,1,0
Innlandet,Gjøvik videregående skole,Bygg- og anleggsteknikk,0,Vg1,BA,2027,2,29.6,4.4,0.894,6,0
Innlandet,Gjøvik videregående skole,"Frisør, blomster, interiør og eksponeringsdesign",0,Vg1,FD,2027,2,28.4,4.9,0.621,2,0
Innlandet,Gjøvik videregående skole,Helse- og oppvekstfag,0,Vg1,HS,2027,2,28.8,4.4,0.723,4,0
Innlandet,Gjøvik videregående skole,"Helse- og oppvekstfag, SK 3 år",0,Vg1,HS,2027,2,40.5,4.4,0.896,5,0
Innlandet,Gjøvik videregående skole,Informasjonsteknologi og medieproduksjon,0,Vg1,IM,2027,2,36.1,4.4,0.787,4,0
Innlandet,Gjøvik videregående skole,"Kunst, design og arkitektur",0,Vg1,KD,2027,2,36.4,4.4,0.828,6,0
Innlandet,Gjøvik videregående skole,Medier og kommunikasjon,0,Vg1,MK,2027,2,35.7,4.4,0.818,5,0
Innlandet,Gjøvik videregående skole,"Musikk, dans og drama, drama",0,Vg1,MD,2027,2,38.3,4.9,0.482,2,0
Innlandet,Gjøvik videregående skole,"Musikk, dans og drama, musikk",0,Vg1,MD,2027,2,37.1,5.2,0.551,1,0
Innlandet,Gjøvik videregående skole,"Salg, service og reiseliv",0,Vg1,SR,2027,2,33.6,4.4,0.785,5,0
Innlandet,Gjøvik videregående skole,Studiespesialisering,0,Vg1,ST,2027,2,35.8,4.4,0.779,5,0
Innlandet,Gjøvik videregående skole,"Studiespesialisering, forberedende IB",0,Vg1,ST,2027,2,36.8,6.0,0.308,0,0
Innlandet,Gjøvik videregående skole,Barne- og ungdomsarbeider,0,Vg2,HS,2027,2,28.8,5.0,0.847,6,0
Innlandet,Gjøvik videregående skole,Drama,0,Vg2,MD,2027,2,36.2,5.9,0.34,1,0
Innlandet,Gjøvik videregående skole,Frisør,0,Vg2,FD,2027,2,27.1,5.5,0.435,2,0
Innlandet,Gjøvik videregående skole,Helsearbeiderfag,0,Vg2,HS,2027,2,29.0,5.0,0.756,4,0
Innlandet,Gjøvik videregående skole,"Helsearbeiderfag, SK 3 år",0,Vg2,HS,2027,2,35.6,5.5,0.668,3,0
Innlandet,Gjøvik videregående skole,Hudpleie,0,Vg2,HS,2027,2,32.1,5.0,0.765,4,0
Innlandet,Gjøvik videregående skole,Informasjonsteknologi,0,Vg2,IM,2027,2,30.5,5.0,0.801,4,0
Innlandet,Gjøvik videregående skole,International Baccalaureate,0,Vg2,ST,2027,2,39.1,5.0,0.817,6,0
Innlandet,Gjøvik videregående skole,"Kunst, design og arkitektur",1,Vg2,KD,2027,2,32.9,6.9,0.527,2,0
Innlandet,Gjøvik videregående skole,Medier og kommunikasjon,1,Vg2,MK,2027,2,30.6,5.5,0.488,3,0
Innlandet,Gjøvik videregående skole,Musikk,0,Vg2,MD,2027,2,32.0,5.9,0.359,1,0
Innlandet,Gjøvik videregående skole,Realfag,0,Vg2,ST,2027,2,33.8,6.9,0.526,3,0
Innlandet,Gjøvik videregående skole,Rørlegger,0,Vg2,BA,2027,2,31.6,6.9,0.716,3,0
Innlandet,Gjøvik videregående skole,"Salg, service og reiseliv",1,Vg2,SR,2027,2,29.7,6.7,0.444,0,0
Innlandet,Gjøvik videregående skole,"Språk, samfunn og økonomi",0,Vg2,ST,2027,2,31.1,5.5,0.56,3,0
Innlandet,Gjøvik videregående skole,Tømrer,0,Vg2,BA,2027,2,28.7,5.5,0.719,3,0
Innlandet,Hadeland videregående skole,Bygg- og anleggsteknikk,0,Vg1,BA,2027,2,28.9,4.4,0.83,6,0
Innlandet,Hadeland videregående skole,Elektro og datateknologi,0,Vg1,EL,2027,2,32.4,4.4,0.872,6,0
Innlandet,Hadeland videregående skole,Helse- og oppvekstfag,0,Vg1,HS,2027,2,27.8,4.9,0.732,3,0
Innlandet,Hadeland videregående skole,"Helse- og oppvekstfag, SK 3 år",0,Vg1,HS,2027,2,40.0,4.4,0.83,4,0
Innlandet,Hadeland videregående skole,Idrettsfag,0,Vg1,ID,2027,2,44.3,4.4,0.863,6,0
Innlandet,Hadeland videregående skole,Restaurant- og matfag,0,Vg1,RM,2027,2,27.9,6.0,0.436,0,0
Innlandet,Hadeland videregående skole,"Salg, service og reiseliv",0,Vg1,SR,2027,2,30.2,4.4,0.801,4,0
Innlandet,Hadeland videregående skole,Studiespesialisering,0,Vg1,ST,2027,2,32.9,5.2,0.591,1,0
Innlandet,Hadeland videregående skole,Teknologi- og industrifag,0,Vg1,TP,2027,2,28.5,4.4,0.823,5,0
Innlandet,Hadeland videregående skole,Barne- og ungdomsarbeider,0,Vg2,HS,2027,2,30.7,5.9,0.388,1,0
Innlandet,Hadeland videregående skole,Datateknologi og elektronikk,0,Vg2,EL,2027,2,30.6,5.5,0.577,2,0
Innlandet,Hadeland videregående skole,Elenergi og ekom,0,Vg2,EL,2027,2,35.9,5.0,0.871,6,0
Innlandet,Hadeland videregående skole,Helsearbeiderfag,0,Vg2,HS,2027,2,30.2,5.5,0.609,3,0
Innlandet,Hadeland videregående skole,"Helsearbeiderfag, SK 3 år",0,Vg2,HS,2027,2,36.3,5.9,0.421,1,0
Innlandet,Hadeland videregående skole,Idrettsfag,1,Vg2,ID,2027,2,32.9,5.0,0.638,4,0
Innlandet,Hadeland videregående skole,Industriteknologi,0,Vg2,TP,2027,2,32.4,6.2,0.76,4,0
Innlandet,Hadeland videregående skole,Kjøretøy,0,Vg2,TP,2027,2,25.9,5.0,0.686,4,0
Innlandet,Hadeland videregående skole,Kokk- og servitørfag,0,Vg2,RM,2027,2,28.3,5.9,0.369,1,0
Innlandet,Hadeland videregående skole,Medier og kommunikasjon,1,Vg2,MK,2027,2,30.9,5.9,0.309,1,0
Innlandet,Hadeland videregående skole,Musikk,0,Vg2,MD,2027,2,32.7,5.9,0.386,1,0
Innlandet,Hadeland videregående skole,Realfag,0,Vg2,ST,2027,2,33.6,5.9,0.363,1,0
Innlandet,Hadeland videregående skole,"Salg, service og reiseliv",1,Vg2,SR,2027,2,29.4,6.7,0.407,0,0
Innlandet,Hadeland videregående skole,"Språk, samfunn og økonomi",0,Vg2,ST,2027,2,30.8,5.9,0.364,1,0
Innlandet,Hadeland videregående skole,Tømrer,0,Vg2,BA,2027,2,32.6,5.0,0.841,5,0
Innlandet,Hamar katedralskole,Elektro og datateknologi,0,Vg1,EL,2027,2,35.8,4.4,0.785,4,0
Innlandet,Hamar katedralskole,"Frisør, blomster, interiør og eksponeringsdesign",0,Vg1,FD,2027,2,27.3,4.9,0.675,3,0
Innlandet,Hamar katedralskole,"Håndverk, design og produktutv, søm/th, SK 3 år",0,Vg1,DT,2027,2,24.2,5.2,0.552,2,0
Innlandet,Hamar katedralskole,Informasjonsteknologi og medieproduksjon,0,Vg1,IM,2027,2,33.9,4.4,0.885,6,0
Innlandet,Hamar katedralskole,"Kunst, design og arkitektur",0,Vg1,KD,2027,2,34.5,4.4,0.786,7,0
Innlandet,Hamar katedralskole,Medier og kommunikasjon,0,Vg1,MK,2027,2,36.7,5.6,0.743,10,0
Innlandet,Hamar katedralskole,"Salg, service og reiseliv",0,Vg1,SR,2027,2,29.3,4.4,0.878,6,0
Innlandet,Hamar katedralskole,Studiespesialisering,0,Vg1,ST,2027,2,33.5,5.6,0.651,9,0
Innlandet,Hamar katedralskole,Teknologi- og industrifag,0,Vg1,TP,2027,2,25.7,4.4,0.892,5,0
Innlandet,Hamar katedralskole,Datateknologi og elektronikk,0,Vg2,EL,2027,2,30.5,5.0,0.835,4,0
Innlandet,Hamar katedralskole,Frisør,0,Vg2,FD,2027,2,26.9,5.0,0.553,6,0
Innlandet,Hamar katedralskole,Industriteknologi,0,Vg2,TP,2027,2,26.8,5.0,0.78,11,0
Innlandet,Hamar katedralskole,Informasjonsteknologi,0,Vg2,IM,2027,2,30.6,5.0,0.852,5,0
Innlandet,Hamar katedralskole,Interiør og eksponeringsdesign,0,Vg2,FD,2027,2,30.3,5.0,0.773,4,0
Innlandet,Hamar katedralskole,Kjøretøy,0,Vg2,TP,2027,2,25.6,5.0,0.853,13,0
Innlandet,Hamar katedralskole,"Kunst, design og arkitektur",1,Vg2,KD,2027,2,28.6,5.0,0.613,5,0
Innlandet,Hamar katedralskole,Medieproduksjon,1,Vg2,IM,2027,2,34.3,5.0,0.821,8,0
Innlandet,Hamar katedralskole,Medier og kommunikasjon,1,Vg2,MK,2027,2,30.3,5.0,0.391,7,0
Innlandet,Hamar katedralskole,Realfag,0,Vg2,ST,2027,2,31.7,5.0,0.418,5,0
Innlandet,Hamar katedralskole,"Salg, service og reiseliv",1,Vg2,SR,2027,2,29.0,5.9,0.763,1,0
Innlandet,Hamar katedralskole,"Språk, samfunn og økonomi",0,Vg2,ST,2027,2,29.8,5.0,0.489,4,0
Innlandet,Hamar katedralskole,"Søm og tekstilhåndverk, SK 3 år",0,Vg2,DT,2027,2,31.3,6.7,0.294,0,0
Innlandet,Jønsberg videregående skole,Naturbruk,0,Vg1,NA,2027,2,26.8,4.4,0.61,5,0
Innlandet,Jønsberg videregående skole,Teknologi- og industrifag,0,Vg1,TP,2027,2,25.5,4.9,0.727,3,0
Innlandet,Jønsberg videregående skole,Arbeidsmaskiner,0,Vg2,TP,2027,2,29.7,6.2,0.844,11,0
Innlandet,Jønsberg videregående skole,Landbruk og gartnernæring,0,Vg2,NA,2027,2,25.8,5.5,0.393,3,0
Innlandet,Lena-Valle videregående skole,Helse- og oppvekstfag,0,Vg1,HS,2027,2,29.6,4.4,0.861,6,0
Innlandet,Lena-Valle videregående skole,"Helse- og oppvekstfag, SK 3 år",0,Vg1,HS,2027,2,37.1,4.4,0.905,4,0
Innlandet,Lena-Valle videregående skole,Idrettsfag,0,Vg1,ID,2027,2,36.0,6.2,0.689,3,0
Innlandet,Lena-Valle videregående skole,Naturbruk,0,Vg1,NA,2027,2,28.4,4.4,0.731,4,0
Innlandet,Lena-Valle videregående skole,Studiespesialisering,0,Vg1,ST,2027,2,35.3,4.4,0.853,6,0
Innlandet,Lena-Valle videregående skole,Teknologi- og industrifag,0,Vg1,TP,2027,2,27.4,4.4,0.892,6,0
Innlandet,Lena-Valle videregående skole,Anleggsgartner,0,Vg2,BA,2027,2,31.7,5.0,0.858,5,0
Innlandet,Lena-Valle videregående skole,Arbeidsmaskiner,0,Vg2,TP,2027,2,30.5,6.2,0.747,4,0
Innlandet,Lena-Valle videregående skole,Helsearbeiderfag,0,Vg2,HS,2027,2,25.8,5.0,0.767,4,0
Innlandet,Lena-Valle videregående skole,"Helsearbeiderfag, SK 3 år",0,Vg2,HS,2027,2,33.1,5.5,0.675,3,0
Innlandet,Lena-Valle videregående skole,Heste- og dyrefag,0,Vg2,NA,2027,2,31.6,5.0,0.745,4,0
Innlandet,Lena-Valle videregående skole,Idrettsfag,1,Vg2,ID,2027,2,27.9,5.9,0.423,1,0
Innlandet,Lena-Valle videregående skole,Kjøretøy,0,Vg2,TP,2027,2,25.8,5.0,0.779,5,0
Innlandet,Lena-Valle videregående skole,Landbruk og gartnernæring,0,Vg2,NA,2027,2,27.5,6.2,0.666,4,0
Innlandet,Lena-Valle videregående skole,Realfag,0,Vg2,ST,2027,2,31.1,5.5,0.605,3,0
Innlandet,Lena-Valle videregående skole,Skogbruk,0,Vg2,NA,2027,2,29.2,5.5,0.617,3,0
Innlandet,Lena-Valle videregående skole,"Språk, samfunn og økonomi",0,Vg2,ST,2027,2,31.4,5.0,0.843,6,0
Innlandet,Lena-Valle videregående skole,Transport og logistikk,0,Vg2,TP,2027,2,22.6,5.3,0.744,4,0
Innlandet,"Lillehammer videreg skole, avd Nord",Bygg- og anleggsteknikk,0,Vg1,BA,2027,2,26.6,5.2,0.686,1,0
Innlandet,"Lillehammer videreg skole, avd Nord",Elektro og datateknologi,0,Vg1,EL,2027,2,34.9,4.4,0.894,6,0
Innlandet,"Lillehammer videreg skole, avd Nord","Frisør, blomster, interiør og eksponeringsdesign",0,Vg1,FD,2027,2,29.2,4.9,0.676,3,0
Innlandet,"Lillehammer videreg skole, avd Nord",Helse- og oppvekstfag,0,Vg1,HS,2027,2,27.0,4.4,0.792,5,0
Innlandet,"Lillehammer videreg skole, avd Nord","Helse- og oppvekstfag, SK 3 år",0,Vg1,HS,2027,2,36.5,4.4,0.878,5,0
Innlandet,"Lillehammer videreg skole, avd Nord",Teknologi- og industrifag,0,Vg1,TP,2027,2,29.6,4.4,0.825,4,0
Innlandet,"Lillehammer videreg skole, avd Nord",Barne- og ungdomsarbeider,0,Vg2,HS,2027,2,31.5,5.0,0.744,5,0
Innlandet,"Lillehammer videreg skole, avd Nord","Barne- og ungdomsarbeiderfag, SK 3 år",0,Vg2,HS,2027,2,33.6,5.5,0.621,2,0
Innlandet,"Lillehammer videreg skole, avd Nord",Elenergi og ekom,0,Vg2,EL,2027,2,35.6,5.0,0.894,6,0
Innlandet,"Lillehammer videreg skole, avd Nord",Helsearbeiderfag,0,Vg2,HS,2027,2,29.3,5.5,0.601,2,0
Innlandet,"Lillehammer videreg skole, avd Nord",Helseservicefag,0,Vg2,HS,2027,2,28.1,5.0,0.751,5,0
Innlandet,"Lillehammer videreg skole, avd Nord",Industriteknologi,0,Vg2,TP,2027,2,27.7,5.5,0.576,2,0
Innlandet,"Lillehammer videreg skole, avd Nord",Interiør og eksponeringsdesign,0,Vg2,FD,2027,2,29.6,5.9,0.504,1,0
Innlandet,"Lillehammer videreg skole, avd Nord",Kjøretøy,0,Vg2,TP,2027,2,26.1,5.0,0.795,5,0
Innlandet,"Lillehammer videreg skole, avd Nord","Klima-, energi- og miljøteknikk",0,Vg2,BA,2027,2,27.5,5.9,0.368,1,0
Innlandet,"Lillehammer videreg skole, avd Nord",Rørlegger,0,Vg2,BA,2027,2,30.9,5.0,0.745,4,0
Innlandet,"Lillehammer videreg skole, avd Nord",Tømrer,0,Vg2,BA,2027,2,27.4,6.2,0.833,5,0
Innlandet,"Lillehammer videreg skole, avd Sør",Informasjonsteknologi og medieproduksjon,0,Vg1,IM,2027,2,33.4,4.4,0.842,5,0
Innlandet,"Lillehammer videreg skole, avd Sør","Kunst, design og arkitektur",0,Vg1,KD,2027,2,32.0,6.2,0.721,2,0
Innlandet,"Lillehammer videreg skole, avd Sør",Restaurant- og matfag,0,Vg1,RM,2027,2,26.6,5.2,0.563,1,0
Innlandet,"Lillehammer videreg skole, avd Sør","Salg, service og reiseliv",0,Vg1,SR,2027,2,29.5,4.9,0.814,3,0
Innlandet,"Lillehammer videreg skole, avd Sør",Studiespesialisering,0,Vg1,ST,2027,2,35.9,4.4,0.78,4,0
Innlandet,"Lillehammer videreg skole, avd Sør",Informasjonsteknologi,0,Vg2,IM,2027,2,31.5,5.5,0.615,2,0
Innlandet,"Lillehammer videreg skole, avd Sør",Kokk- og servitørfag,0,Vg2,RM,2027,2,26.0,5.5,0.476,2,0
Innlandet,"Lillehammer videreg skole, avd Sør","Kunst, design og arkitektur",1,Vg2,KD,2027,2,29.3,6.7,0.322,0,0
Innlandet,"Lillehammer videreg skole, avd Sør",Matproduksjon,0,Vg2,RM,2027,2,28.6,6.7,0.189,0,0
Innlandet,"Lillehammer videreg skole, avd Sør",Realfag,0,Vg2,ST,2027,2,31.5,5.9,0.369,1,0
Innlandet,"Lillehammer videreg skole, avd Sør","Salg, service og reiseliv",1,Vg2,SR,2027,2,26.4,5.9,0.713,1,0
Innlandet,"Lillehammer videreg skole, avd Sør","Språk, samfunn og økonomi",0,Vg2,ST,2027,2,30.1,6.7,0.305,0,0
Innlandet,"Nord-Gudbrandsdal vgs, avd. Otta",Helse- og oppvekstfag,0,Vg1,HS,2027,2,26.2,6.2,0.472,2,0
Innlandet,"Nord-Gudbrandsdal vgs, avd. Otta",Idrettsfag,0,Vg1,ID,2027,2,33.2,5.2,0.371,1,0
Innlandet,"Nord-Gudbrandsdal vgs, avd. Otta",Restaurant- og matfag,0,Vg1,RM,2027,2,24.1,6.3,0.177,0,0
Innlandet,"Nord-Gudbrandsdal vgs, avd. Otta","Salg, service og reiseliv",0,Vg1,SR,2027,2,25.3,5.2,0.553,1,0
Innlandet,"Nord-Gudbrandsdal vgs, avd. Otta",Studiespesialisering,0,Vg1,ST,2027,2,31.1,5.2,0.387,1,0
Innlandet,"Nord-Gudbrandsdal vgs, avd. Otta",Teknologi- og industrifag,0,Vg1,TP,2027,2,27.1,4.4,0.767,4,0
Innlandet,"Nord-Gudbrandsdal vgs, avd. Otta",Barne- og ungdomsarbeider,0,Vg2,HS,2027,2,27.6,5.9,0.318,1,0
Innlandet,"Nord-Gudbrandsdal vgs, avd. Otta",Helsearbeiderfag,0,Vg2,HS,2027,2,28.0,5.0,0.714,5,0
Innlandet,"Nord-Gudbrandsdal vgs, avd. Otta",Idrettsfag,1,Vg2,ID,2027,2,27.8,6.7,0.197,0,0
Innlandet,"Nord-Gudbrandsdal vgs, avd. Otta",Kjøretøy,0,Vg2,TP,2027,2,21.9,7.3,0.436,2,0
Innlandet,"Nord-Gudbrandsdal vgs, avd. Otta",Realfag,0,Vg2,ST,2027,2,30.7,5.9,0.29,1,0
Innlandet,"Nord-Gudbrandsdal vgs, avd. Otta","Språk, samfunn og økonomi",0,Vg2,ST,2027,2,28.9,5.9,0.292,1,0
Innlandet,"Nord-Gudbrandsdal vgs, avd. Otta",Transport og logistikk,0,Vg2,TP,2027,2,24.5,6.6,0.602,4,0
Innlandet,Nord-Østerdal videregående skole,Bygg- og anleggsteknikk,0,Vg1,BA,2027,2,25.7,4.4,0.64,9,0
Innlandet,Nord-Østerdal videregående skole,Elektro og datateknologi,0,Vg1,EL,2027,2,30.7,5.6,0.876,6,0
Innlandet,Nord-Østerdal videregående skole,Helse- og oppvekstfag,0,Vg1,HS,2027,2,27.9,5.6,0.66,9,0
Innlandet,Nord-Østerdal videregående skole,Idrettsfag,0,Vg1,ID,2027,2,37.9,4.4,0.833,11,0
Innlandet,Nord-Østerdal videregående skole,"Musikk, dans og drama, musikk",0,Vg1,MD,2027,2,33.9,4.4,0.577,8,0
Innlandet,Nord-Østerdal videregående skole,Restaurant- og matfag,0,Vg1,RM,2027,2,27.4,4.9,0.25,2,0
Innlandet,Nord-Østerdal videregående skole,Studiespesialisering,0,Vg1,ST,2027,2,34.8,4.4,0.558,7,0
Innlandet,Nord-Østerdal videregående skole,Teknologi- og industrifag,0,Vg1,TP,2027,2,30.9,4.4,0.868,5,0
Innlandet,Nord-Østerdal videregående skole,Arbeidsmaskiner,0,Vg2,TP,2027,2,31.8,5.0,0.866,13,0
Innlandet,Nord-Østerdal videregående skole,Automatisering,0,Vg2,EL,2027,2,41.9,4.9,0.912,10,0
Innlandet,Nord-Østerdal videregående skole,Barne- og ungdomsarbeider,0,Vg2,HS,2027,2,29.9,5.0,0.412,5,0
Innlandet,Nord-Østerdal videregående skole,Datateknologi og elektronikk,0,Vg2,EL,2027,2,29.4,6.2,0.781,5,0
Innlandet,Nord-Østerdal videregående skole,Elenergi og ekom,0,Vg2,EL,2027,2,37.6,5.0,0.918,7,0
Innlandet,Nord-Østerdal videregående skole,Helsearbeiderfag,0,Vg2,HS,2027,2,30.3,5.0,0.497,7,0
Innlandet,Nord-Østerdal videregående skole,Idrettsfag,1,Vg2,ID,2027,2,30.8,5.5,0.335,2,0
Innlandet,Nord-Østerdal videregående skole,Kjøretøy,0,Vg2,TP,2027,2,28.9,5.0,0.703,11,0
Innlandet,Nord-Østerdal videregående skole,Musikk,0,Vg2,MD,2027,2,31.0,5.5,0.324,3,0
Innlandet,Nord-Østerdal videregående skole,Realfag,0,Vg2,ST,2027,2,31.9,6.2,0.441,4,0
Innlandet,Nord-Østerdal videregående skole,"Språk, samfunn og økonomi",0,Vg2,ST,2027,2,30.3,5.0,0.424,4,0
Innlandet,Nord-Østerdal videregående skole,Tømrer,0,Vg2,BA,2027,2,29.7,5.5,0.539,2,0
Innlandet,Raufoss videregående skole,Elektro og datateknologi,0,Vg1,EL,2027,2,32.3,4.4,0.846,5,0
Innlandet,Raufoss videregående skole,Helse- og oppvekstfag,0,Vg1,HS,2027,2,29.9,6.2,0.725,3,0
Innlandet,Raufoss videregående skole,Restaurant- og matfag,0,Vg1,RM,2027,2,26.1,5.2,0.472,1,0
Innlandet,Raufoss videregående skole,Teknologi- og industrifag,0,Vg1,TP,2027,2,29.1,4.4,0.885,5,0
Innlandet,Raufoss videregående skole,Ambulansefag,0,Vg2,HS,2027,2,45.2,3.7,0.933,4,0
Innlandet,Raufoss videregående skole,Automatisering,0,Vg2,EL,2027,2,35.6,5.0,0.789,4,0
Innlandet,Raufoss videregående skole,Barne- og ungdomsarbeider,0,Vg2,HS,2027,2,27.9,5.0,0.719,4,0
Innlandet,Raufoss videregående skole,Elenergi og ekom,0,Vg2,EL,2027,2,32.8,5.0,0.933,7,0
Innlandet,Raufoss videregående skole,Industriteknologi,0,Vg2,TP,2027,2,28.8,6.2,0.738,4,0
Innlandet,Raufoss videregående skole,"Industriteknologi, YSK 4 år",0,Vg2,TP,2027,2,40.2,5.5,0.686,2,0
Innlandet,Raufoss videregående skole,Kokk- og servitørfag,0,Vg2,RM,2027,2,26.4,6.2,0.831,6,0
Innlandet,Raufoss videregående skole avd Dokka,Teknologi- og industrifag,0,Vg1,TP,2027,2,26.2,4.9,0.809,2,0
Innlandet,Ringsaker videregående skole,Bygg- og anleggsteknikk,0,Vg1,BA,2027,2,25.9,4.4,0.657,9,0
Innlandet,Ringsaker videregående skole,Elektro og datateknologi,0,Vg1,EL,2027,2,34.8,4.4,0.898,6,0
Innlandet,Ringsaker videregående skole,Helse- og oppvekstfag,0,Vg1,HS,2027,2,23.7,4.7,0.693,10,0
Innlandet,Ringsaker videregående skole,"Helse- og oppvekstfag, SK 3 år",0,Vg1,HS,2027,2,32.9,5.6,0.898,5,0
Innlandet,Ringsaker videregående skole,"Salg, service og reiseliv",0,Vg1,SR,2027,2,28.3,4.4,0.814,5,0
Innlandet,Ringsaker videregående skole,Studiespesialisering,0,Vg1,ST,2027,2,32.7,4.4,0.575,9,0
Innlandet,Ringsaker videregående skole,Teknologi- og industrifag,0,Vg1,TP,2027,2,27.9,4.4,0.884,6,0
Innlandet,Ringsaker videregående skole,Automatisering,0,Vg2,EL,2027,2,38.6,5.0,0.927,14,0
Innlandet,Ringsaker videregående skole,Barne- og ungdomsarbeider,0,Vg2,HS,2027,2,31.8,5.0,0.646,10,0
Innlandet,Ringsaker videregående skole,"Barne- og ungdomsarbeiderfag, SK 3 år",0,Vg2,HS,2027,2,35.7,5.0,0.669,4,0
Innlandet,Ringsaker videregående skole,Elenergi og ekom,0,Vg2,EL,2027,2,40.7,4.9,0.932,7,0
Innlandet,Ringsaker videregående skole,Helsearbeiderfag,0,Vg2,HS,2027,2,25.6,6.2,0.715,11,0
Innlandet,Ringsaker videregående skole,"Helsearbeiderfag, SK 3 år",0,Vg2,HS,2027,2,35.2,6.9,0.597,3,0
Innlandet,Ringsaker videregående skole,Helseservicefag,0,Vg2,HS,2027,2,25.8,6.2,0.57,7,0
Innlandet,Ringsaker videregående skole,Industriteknologi,0,Vg2,TP,2027,2,27.2,6.2,0.688,9,0
Innlandet,Ringsaker videregående skole,Kjemiprosess- og laboratoriefag,0,Vg2,TP,2027,2,31.1,5.5,0.829,3,0
Innlandet,Ringsaker videregående skole,"Kulde-, varmepumpe-, vent.tekn",0,Vg2,EL,2027,2,35.2,5.0,0.919,6,0
Innlandet,Ringsaker videregående skole,Realfag,0,Vg2,ST,2027,2,32.9,6.2,0.416,6,0
Innlandet,Ringsaker videregående skole,Rørlegger,0,Vg2,BA,2027,2,32.8,5.0,0.889,6,0
Innlandet,Ringsaker videregående skole,"Salg, service og reiseliv",1,Vg2,SR,2027,2,26.6,5.9,0.74,1,0
Innlandet,Ringsaker videregående skole,"Språk, samfunn og økonomi",0,Vg2,ST,2027,2,29.4,5.0,0.559,8,0
Innlandet,Ringsaker videregående skole,Tømrer,0,Vg2,BA,2027,2,27.6,5.5,0.658,3,0
Innlandet,Sentrum videregående skole,Bygg- og anleggsteknikk,0,Vg1,BA,2027,2,24.4,5.2,0.692,2,0
Innlandet,Sentrum videregående skole,Elektro og datateknologi,0,Vg1,EL,2027,2,28.5,4.4,0.852,5,0
Innlandet,Sentrum videregående skole,"Frisør, blomster, interiør og eksponeringsdesign",0,Vg1,FD,2027,2,23.3,5.5,0.603,1,0
Innlandet,Sentrum videregående skole,Helse- og oppvekstfag,0,Vg1,HS,2027,2,25.1,4.4,0.589,9,0
Innlandet,Sentrum videregående skole,"Helse- og oppvekstfag, SK 3 år",0,Vg1,HS,2027,2,35.5,4.4,0.921,10,0
Innlandet,Sentrum videregående skole,Informasjonsteknologi og medieproduksjon,0,Vg1,IM,2027,2,28.7,4.4,0.847,6,0
Innlandet,Sentrum videregående skole,"Kunst, design og arkitektur",0,Vg1,KD,2027,2,31.3,5.2,0.323,1,0
Innlandet,Sentrum videregående skole,Medier og kommunikasjon,0,Vg1,MK,2027,2,34.1,4.4,0.706,10,0
Innlandet,Sentrum videregående skole,Restaurant- og matfag,0,Vg1,RM,2027,2,25.4,4.4,0.399,6,0
Innlandet,Sentrum videregående skole,"Salg, service og reiseliv",0,Vg1,SR,2027,2,28.1,4.9,0.801,3,0
Innlandet,Sentrum videregående skole,Teknologi- og industrifag,0,Vg1,TP,2027,2,25.6,4.4,0.75,4,0
Innlandet,Sentrum videregående skole,Automatisering,0,Vg2,EL,2027,2,35.1,6.9,0.69,2,0
Innlandet,Sentrum videregående skole,Barne- og ungdomsarbeider,0,Vg2,HS,2027,2,29.8,5.0,0.764,12,0
Innlandet,Sentrum videregående skole,"Barne- og ungdomsarbeiderfag, SK 3 år",0,Vg2,HS,2027,2,32.8,5.0,0.756,7,0
Innlandet,Sentrum videregående skole,Datateknologi og elektronikk,0,Vg2,EL,2027,2,27.5,5.5,0.683,2,0
Innlandet,Sentrum videregående skole,Elenergi og ekom,0,Vg2,EL,2027,2,36.5,5.0,0.884,6,0
Innlandet,Sentrum videregående skole,Frisør,0,Vg2,FD,2027,2,24.9,7.1,0.299,0,0
Innlandet,Sentrum videregående skole,Helsearbeiderfag,0,Vg2,HS,2027,2,29.7,5.0,0.576,8,0
Innlandet,Sentrum videregående skole,"Helsearbeiderfag, SK 3 år",0,Vg2,HS,2027,2,32.9,5.0,0.679,6,0
Innlandet,Sentrum videregående skole,Industriteknologi,0,Vg2,TP,2027,2,27.4,6.2,0.776,10,0
Innlandet,Sentrum videregående skole,Informasjonsteknologi,0,Vg2,IM,2027,2,29.1,5.9,0.523,1,0
Innlandet,Sentrum videregående skole,Kjøretøy,0,Vg2,TP,2027,2,28.1,6.2,0.81,13,0
Innlandet,Sentrum videregående skole,Kokk- og servitørfag,0,Vg2,RM,2027,2,25.4,5.0,0.433,7,0
Innlandet,Sentrum videregående skole,"Kunst, design og arkitektur",1,Vg2,KD,2027,2,28.5,5.5,0.349,2,0
Innlandet,Sentrum videregående skole,Medier og kommunikasjon,1,Vg2,MK,2027,2,28.8,5.5,0.233,2,0
Innlandet,Sentrum videregående skole,Rørlegger,0,Vg2,BA,2027,2,28.2,5.9,0.529,1,0
Innlandet,Sentrum videregående skole,"Salg, service og reiseliv",1,Vg2,SR,2027,2,26.0,5.9,0.695,1,0
Innlandet,Sentrum videregående skole,Tømrer,0,Vg2,BA,2027,2,31.5,6.9,0.688,2,0
Innlandet,Solør videregående skole,Bygg- og anleggsteknikk,0,Vg1,BA,2027,2,26.7,5.6,0.699,10,0
Innlandet,Solør videregående skole,Elektro og datateknologi,0,Vg1,EL,2027,2,31.9,5.6,0.86,4,0
Innlandet,Solør videregående skole,Helse- og oppvekstfag,0,Vg1,HS,2027,2,26.0,4.4,0.766,8,0
Innlandet,Solør videregående skole,Naturbruk,0,Vg1,NA,2027,2,25.2,5.6,0.538,6,0
Innlandet,Solør videregående skole,Studiespesialisering,0,Vg1,ST,2027,2,33.9,6.2,0.455,3,0
Innlandet,Solør videregående skole,Teknologi- og industrifag,0,Vg1,TP,2027,2,27.2,4.9,0.829,3,0
Innlandet,Solør videregående skole,Ambulansefag,0,Vg2,HS,2027,2,44.2,4.9,0.925,5,0
Innlandet,Solør videregående skole,"Anleggsteknikk, landslinje",0,Vg2,BA,2027,2,36.6,5.0,0.921,14,0
Innlandet,Solør videregående skole,Arbeidsmaskiner,0,Vg2,TP,2027,2,29.7,6.2,0.836,10,0
Innlandet,Solør videregående skole,Datateknologi og elektronikk,0,Vg2,EL,2027,2,30.8,5.0,0.819,5,0
Innlandet,Solør videregående skole,Elenergi og ekom,0,Vg2,EL,2027,2,38.4,5.0,0.926,7,0
Innlandet,Solør videregående skole,Helsearbeiderfag,0,Vg2,HS,2027,2,30.0,5.0,0.573,7,0
Innlandet,Solør videregående skole,Kjøretøy,0,Vg2,TP,2027,2,26.1,5.0,0.654,10,0
Innlandet,Solør videregående skole,"Landbruk/gartnernæring, friluftsliv",0,Vg2,NA,2027,2,33.3,6.2,0.488,4,0
Innlandet,Solør videregående skole,Skogbruk,0,Vg2,NA,2027,2,28.2,5.0,0.563,6,0
Innlandet,Solør videregående skole,Transport og logistikk,0,Vg2,TP,2027,2,26.8,5.0,0.743,8,0
Innlandet,Stange videregående skole,Bygg- og anleggsteknikk,0,Vg1,BA,2027,2,24.6,4.7,0.723,8,0
Innlandet,Stange videregående skole,Idrettsfag,0,Vg1,ID,2027,2,37.7,5.6,0.819,12,0
Innlandet,Stange videregående skole,"Musikk, dans og drama, dans",0,Vg1,MD,2027,2,37.3,5.6,0.478,4,0
Innlandet,Stange videregående skole,"Musikk, dans og drama, drama",0,Vg1,MD,2027,2,37.7,4.4,0.711,11,0
Innlandet,Stange videregående skole,"Musikk, dans og drama, musikk",0,Vg1,MD,2027,2,38.6,5.6,0.784,10,0
Innlandet,Stange videregående skole,Studiespesialisering,0,Vg1,ST,2027,2,34.7,5.6,0.743,11,0
Innlandet,Stange videregående skole,Betong og mur,0,Vg2,BA,2027,2,29.3,5.0,0.757,5,0
Innlandet,Stange videregående skole,Dans,0,Vg2,MD,2027,2,34.1,5.0,0.358,5,0
Innlandet,Stange videregående skole,Drama,0,Vg2,MD,2027,2,34.3,5.0,0.402,6,0
Innlandet,Stange videregående skole,Idrettsfag,1,Vg2,ID,2027,2,30.9,6.9,0.352,2,0
Innlandet,Stange videregående skole,Musikk,0,Vg2,MD,2027,2,32.8,5.0,0.514,6,0
Innlandet,Stange videregående skole,Overflateteknikk,0,Vg2,BA,2027,2,28.4,6.7,0.293,0,0
Innlandet,Stange videregående skole,Realfag,0,Vg2,ST,2027,2,32.7,5.0,0.544,5,0
Innlandet,Stange videregående skole,"Språk, samfunn og økonomi",0,Vg2,ST,2027,2,32.9,5.0,0.544,6,0
Innlandet,Stange videregående skole,Tømrer,0,Vg2,BA,2027,2,28.2,5.0,0.696,4,0
Innlandet,Storhamar videregående skole,Helse- og oppvekstfag,0,Vg1,HS,2027,2,29.6,4.4,0.704,10,0
Innlandet,Storhamar videregående skole,"Helse- og oppvekstfag, SK 3 år",0,Vg1,HS,2027,2,36.6,4.4,0.895,10,0
Innlandet,Storhamar videregående skole,Idrettsfag,0,Vg1,ID,2027,2,37.7,5.6,0.861,12,0
Innlandet,Storhamar videregående skole,Restaurant- og matfag,0,Vg1,RM,2027,2,24.2,4.7,0.657,7,0
Innlandet,Storhamar videregående skole,Baker og konditor,0,Vg2,RM,2027,2,27.4,6.9,0.714,3,0
Innlandet,Storhamar videregående skole,Barne- og ungdomsarbeider,0,Vg2,HS,2027,2,30.7,6.2,0.827,12,0
Innlandet,Storhamar videregående skole,"Barne- og ungdomsarbeiderfag, SK 3 år",0,Vg2,HS,2027,2,35.9,5.0,0.858,9,0
Innlandet,Storhamar videregående skole,Helsearbeiderfag,0,Vg2,HS,2027,2,26.8,5.0,0.79,11,0
Innlandet,Storhamar videregående skole,"Helsearbeiderfag, SK 3 år",0,Vg2,HS,2027,2,36.0,5.0,0.757,8,0
Innlandet,Storhamar videregående skole,Hudpleie,0,Vg2,HS,2027,2,29.5,5.0,0.855,12,0
Innlandet,Storhamar videregående skole,Idrettsfag,1,Vg2,ID,2027,2,30.9,5.5,0.403,3,0
Innlandet,Storhamar videregående skole,Kokk- og servitørfag,0,Vg2,RM,2027,2,27.7,6.2,0.627,6,0
Innlandet,Storsteigen videregående skole,Naturbruk,0,Vg1,NA,2027,2,30.5,5.6,0.798,9,0
Innlandet,Storsteigen videregående skole,"Naturbruk, hest",0,Vg1,NA,2027,2,29.7,4.9,0.455,2,0
Innlandet,Storsteigen videregående skole,Heste- og dyrefag,0,Vg2,NA,2027,2,29.8,6.7,0.36,0,0
Innlandet,Storsteigen videregående skole,Landbruk og gartnernæring,0,Vg2,NA,2027,2,28.9,6.2,0.575,8,0
Innlandet,Trysil videregående skole,Bygg- og anleggsteknikk,0,Vg1,BA,2027,2,26.5,5.6,0.554,4,0
Innlandet,Trysil videregående skole,Helse- og oppvekstfag,0,Vg1,HS,2027,2,28.2,4.4,0.554,7,0
Innlandet,Trysil videregående skole,Idrettsfag,0,Vg1,ID,2027,2,36.4,5.2,0.296,1,0
Innlandet,Trysil videregående skole,Studiespesialisering,0,Vg1,ST,2027,2,34.4,4.4,0.396,5,0
Innlandet,Trysil videregående skole,Barne- og ungdomsarbeider,0,Vg2,HS,2027,2,29.9,5.0,0.687,8,0
Innlandet,Trysil videregående skole,Helsearbeiderfag,0,Vg2,HS,2027,2,29.4,5.0,0.539,7,0
Innlandet,Trysil videregående skole,Idrettsfag,1,Vg2,ID,2027,2,29.7,5.9,0.227,1,0
Innlandet,Trysil videregående skole,Realfag,0,Vg2,ST,2027,2,34.8,5.5,0.336,3,0
Innlandet,Trysil videregående skole,"Språk, samfunn og økonomi",0,Vg2,ST,2027,2,28.5,5.0,0.417,4,0
Innlandet,Trysil videregående skole,Tømrer,0,Vg2,BA,2027,2,28.8,6.9,0.568,2,0
Innlandet,Valdres vidaregåande skule,Bygg- og anleggsteknikk,0,Vg1,BA,2027,2,25.1,4.9,0.555,2,0
Innlandet,Valdres vidaregåande skule,Elektro og datateknologi,0,Vg1,EL,2027,2,34.3,4.4,0.923,7,0
Innlandet,Valdres vidaregåande skule,Helse- og oppvekstfag,0,Vg1,HS,2027,2,29.9,5.6,0.776,4,0
Innlandet,Valdres vidaregåande skule,Idrettsfag,0,Vg1,ID,2027,2,35.9,5.6,0.767,5,0
Innlandet,Valdres vidaregåande skule,Restaurant- og matfag,0,Vg1,RM,2027,2,27.1,6.0,0.257,0,0
Innlandet,Valdres vidaregåande skule,Studiespesialisering,0,Vg1,ST,2027,2,38.0,6.2,0.648,3,0
Innlandet,Valdres vidaregåande skule,Teknologi- og industrifag,0,Vg1,TP,2027,2,29.7,4.9,0.772,3,0
Innlandet,Valdres vidaregåande skule,Arbeidsmaskiner,0,Vg2,TP,2027,2,32.5,5.0,0.866,6,0
Innlandet,Valdres vidaregåande skule,Barne- og ungdomsarbeider,0,Vg2,HS,2027,2,29.7,5.5,0.641,2,0
Innlandet,Valdres vidaregåande skule,Elenergi og ekom,0,Vg2,EL,2027,2,32.9,6.2,0.763,4,0
Innlandet,Valdres vidaregåande skule,Helsearbeiderfag,0,Vg2,HS,2027,2,30.5,6.2,0.752,5,0
Innlandet,Valdres vidaregåande skule,Idrettsfag,1,Vg2,ID,2027,2,30.3,5.5,0.507,2,0
Innlandet,Valdres vidaregåande skule,Kjøretøy,0,Vg2,TP,2027,2,28.3,5.5,0.617,3,0
Innlandet,Valdres vidaregåande skule,Realfag,0,Vg2,ST,2027,2,34.2,6.9,0.48,2,0
Innlandet,Valdres vidaregåande skule,"Språk, samfunn og økonomi",0,Vg2,ST,2027,2,30.6,5.9,0.535,1,0
Innlandet,Valdres vidaregåande skule,Tømrer,0,Vg2,BA,2027,2,29.1,5.5,0.595,2,0
Innlandet,Vinstra vidaregåande skule,Bygg- og anleggsteknikk,0,Vg1,BA,2027,2,28.5,4.4,0.704,4,0
Innlandet,Vinstra vidaregåande skule,Elektro og datateknologi,0,Vg1,EL,2027,2,30.0,4.4,0.801,5,0
Innlandet,Vinstra vidaregåande skule,Helse- og oppvekstfag,0,Vg1,HS,2027,2,27.2,5.2,0.386,1,0
Innlandet,Vinstra vidaregåande skule,"Musikk, dans og drama, folkemusikk, LAL",0,Vg1,MD,2027,2,34.7,6.0,0.238,0,0
Innlandet,Vinstra vidaregåande skule,"Musikk, dans og drama, musikk",0,Vg1,MD,2027,2,34.7,6.0,0.306,0,0
Innlandet,Vinstra vidaregåande skule,Studiespesialisering,0,Vg1,ST,2027,2,34.6,5.2,0.331,1,0
Innlandet,Vinstra vidaregåande skule,Teknologi- og industrifag,0,Vg1,TP,2027,2,28.0,5.6,0.771,5,0
Innlandet,Vinstra vidaregåande skule,Arbeidsmaskiner,0,Vg2,TP,2027,2,32.7,5.0,0.806,6,0
Innlandet,Vinstra vidaregåande skule,Betong og mur,0,Vg2,BA,2027,2,25.6,5.9,0.399,1,0
Innlandet,Vinstra vidaregåande skule,Datateknologi og elektronikk,0,Vg2,EL,2027,2,28.7,5.0,0.716,4,0
Innlandet,Vinstra vidaregåande skule,Elenergi og ekom,0,Vg2,EL,2027,2,34.5,5.0,0.904,7,0
Innlandet,Vinstra vidaregåande skule,Helsearbeiderfag,0,Vg2,HS,2027,2,28.2,6.2,0.747,5,0
Innlandet,Vinstra vidaregåande skule,Musikk,0,Vg2,MD,2027,2,31.0,5.9,0.297,1,0
Innlandet,Vinstra vidaregåande skule,"Musikk, folkemusikk, LAL",0,Vg2,MD,2027,2,34.7,6.7,0.238,0,0
Innlandet,Vinstra vidaregåande skule,Realfag,0,Vg2,ST,2027,2,32.7,5.9,0.323,1,0
Innlandet,Vinstra vidaregåande skule,"Språk, samfunn og økonomi",0,Vg2,ST,2027,2,30.7,5.9,0.325,1,0
Innlandet,Vinstra vidaregåande skule,Tømrer,0,Vg2,BA,2027,2,27.9,5.5,0.601,2,0
Innlandet,Øvrebyen videregående skole,Idrettsfag,0,Vg1,ID,2027,2,40.5,4.4,0.903,14,0
Innlandet,Øvrebyen videregående skole,Studiespesialisering,0,Vg1,ST,2027,2,33.1,5.6,0.781,9,0
Innlandet,Øvrebyen videregående skole,Idrettsfag,1,Vg2,ID,2027,2,33.5,6.2,0.447,4,0
Innlandet,Øvrebyen videregående skole,Realfag,0,Vg2,ST,2027,2,33.7,5.0,0.482,4,0
Innlandet,Øvrebyen videregående skole,"Språk, samfunn og økonomi",0,Vg2,ST,2027,2,30.6,5.0,0.426,4,0
Møre og Romsdal,Atlanten videregående skole,Idrettsfag,0,Vg1,ID,2027,2,35.5,4.4,0.826,14,0
Møre og Romsdal,Atlanten videregående skole,"Musikk, dans og drama, dans",0,Vg1,MD,2027,2,35.4,4.4,0.881,11,0
Møre og Romsdal,Atlanten videregående skole,"Musikk, dans og drama, musikk",0,Vg1,MD,2027,2,32.9,5.6,0.865,14,0
Møre og Romsdal,Atlanten videregående skole,Studiespesialisering,0,Vg1,ST,2027,2,31.9,4.4,0.641,9,0
Møre og Romsdal,Atlanten videregående skole,Dans,0,Vg2,MD,2027,2,38.0,6.2,0.841,10,0
Møre og Romsdal,Atlanten videregående skole,Idrettsfag,1,Vg2,ID,2027,2,30.7,5.0,0.737,12,0
Møre og Romsdal,Atlanten videregående skole,Musikk,0,Vg2,MD,2027,2,31.7,6.2,0.824,13,0
Møre og Romsdal,Atlanten videregående skole,Realfag,0,Vg2,ST,2027,2,31.7,5.0,0.681,11,0
Møre og Romsdal,Atlanten videregående skole,"Språk, samfunn og økonomi",0,Vg2,ST,2027,2,28.9,5.0,0.604,7,0
Møre og Romsdal,Atlanten videregående skole,Dans,1,Vg3,MD,2027,2,38.5,5.0,0.9,9,0
Møre og Romsdal,Atlanten videregående skole,Idrettsfag,2,Vg3,ID,2027,2,30.0,5.0,0.9,15,0
Møre og Romsdal,Atlanten videregående skole,Musikk,1,Vg3,MD,2027,2,31.9,5.0,0.823,13,0
Møre og Romsdal,Atlanten videregående skole,Realfag,1,Vg3,ST,2027,2,31.6,5.0,0.686,10,0
Møre og Romsdal,Atlanten videregående skole,"Språk, samfunn og økonomi",1,Vg3,ST,2027,2,29.6,5.0,0.427,5,0
Møre og Romsdal,Borgund vidaregåande skole,Bygg- og anleggsteknikk,0,Vg1,BA,2027,2,27.6,4.4,0.778,10,0
Møre og Romsdal,Borgund vidaregåande skole,Elektro og datateknologi,0,Vg1,EL,2027,2,34.6,4.4,0.926,15,0
Møre og Romsdal,Borgund vidaregåande skole,"Frisør, blomster, interiør og eksponeringsdesign",0,Vg1,FD,2027,2,29.4,4.4,0.671,5,0
Møre og Romsdal,Borgund vidaregåande skole,Helse- og oppvekstfag,0,Vg1,HS,2027,2,29.5,4.4,0.797,12,0
Møre og Romsdal,Borgund vidaregåande skole,"Håndverk, design og produktutvikling",0,Vg1,DT,2027,2,32.2,4.4,0.842,7,0
Møre og Romsdal,Borgund vidaregåande skole,Restaurant- og matfag,0,Vg1,RM,2027,2,28.3,4.4,0.443,4,0
Møre og Romsdal,Borgund vidaregåande skole,"Restaurant- og matfag, toppkokk",0,Vg1,RM,2027,2,28.0,4.9,0.751,2,0
Møre og Romsdal,Borgund vidaregåande skole,Teknologi- og industrifag,0,Vg1,TP,2027,2,29.9,4.4,0.866,12,0
Møre og Romsdal,Borgund vidaregåande skole,Anleggsteknikk,0,Vg2,BA,2027,2,33.0,5.0,0.72,11,0
Møre og Romsdal,Borgund vidaregåande skole,Automatisering,0,Vg2,EL,2027,2,43.9,4.9,0.917,15,0
Møre og Romsdal,Borgund vidaregåande skole,Baker og konditor,0,Vg2,RM,2027,2,32.8,5.0,0.734,5,0
Møre og Romsdal,Borgund vidaregåande skole,Betong og mur,0,Vg2,BA,2027,2,28.4,5.5,0.663,2,0
Møre og Romsdal,Borgund vidaregåande skole,"Bilskade, lakk og karosseri",0,Vg2,TP,2027,2,29.8,6.2,0.472,5,0
Møre og Romsdal,Borgund vidaregåande skole,Datateknologi og elektronikk,0,Vg2,EL,2027,2,33.4,5.0,0.821,12,0
Møre og Romsdal,Borgund vidaregåande skole,Elenergi og ekom,0,Vg2,EL,2027,2,38.6,5.0,0.925,15,0
Møre og Romsdal,Borgund vidaregåande skole,Frisør,0,Vg2,FD,2027,2,28.1,5.0,0.454,5,0
Møre og Romsdal,Borgund vidaregåande skole,Helsearbeiderfag,0,Vg2,HS,2027,2,31.9,5.0,0.406,5,0
Møre og Romsdal,Borgund vidaregåande skole,Helseservicefag,0,Vg2,HS,2027,2,29.5,5.9,0.385,1,0
Møre og Romsdal,Borgund vidaregåande skole,Hudpleie,0,Vg2,HS,2027,2,33.8,6.2,0.808,13,0
Møre og Romsdal,Borgund vidaregåande skole,Industriteknologi,0,Vg2,TP,2027,2,31.5,5.0,0.772,11,0
Møre og Romsdal,Borgund vidaregåande skole,Interiør og eksponeringsdesign,0,Vg2,FD,2027,2,33.5,6.2,0.759,5,0
Møre og Romsdal,Borgund vidaregåande skole,Kjøretøy,0,Vg2,TP,2027,2,29.2,5.0,0.438,5,0
Møre og Romsdal,Borgund vidaregåande skole,Kokk- og servitørfag,0,Vg2,RM,2027,2,29.8,5.0,0.564,4,0
Møre og Romsdal,Borgund vidaregåande skole,"Kokk- og servitørfag, toppkokk",0,Vg2,RM,2027,2,29.4,6.7,0.264,0,0
Møre og Romsdal,Borgund vidaregåande skole,"Kulde-, varmepumpe-, vent.tekn",0,Vg2,EL,2027,2,34.1,5.0,0.898,6,0
Møre og Romsdal,Borgund vidaregåande skole,Rørlegger,0,Vg2,BA,2027,2,31.6,5.0,0.714,5,0
Møre og Romsdal,Borgund vidaregåande skole,Søm og tekstilhåndverk,0,Vg2,DT,2027,2,33.3,5.0,0.669,4,0
Møre og Romsdal,Borgund vidaregåande skole,Transport og logistikk,0,Vg2,TP,2027,2,28.0,6.7,0.327,0,0
Møre og Romsdal,Borgund vidaregåande skole,Tømrer,0,Vg2,BA,2027,2,30.6,5.0,0.718,5,0
Møre og Romsdal,Borgund vidaregåande skole,Apotekteknikk,0,Vg3,HS,2027,2,28.4,5.0,0.737,11,0
Møre og Romsdal,Borgund vidaregåande skole,Automatiseringsfaget,0,Vg3,EL,2027,2,40.4,4.9,0.869,14,0
Møre og Romsdal,Borgund vidaregåande skole,Helsesekretær,0,Vg3,HS,2027,2,33.8,6.2,0.688,9,0
Møre og Romsdal,Borgund vidaregåande skole,Hudterapi,0,Vg3,HS,2027,2,34.5,5.5,0.845,2,0
Møre og Romsdal,Borgund vidaregåande skole,Interiør,0,Vg3,FD,2027,2,31.3,5.0,0.802,13,0
Møre og Romsdal,Borgund vidaregåande skole,Maritim elektrikerfaget vg3 sk,0,Vg3,EL,2027,2,41.6,6.2,0.865,9,0
Møre og Romsdal,Gjermundnes vidaregåande skule,Naturbruk,0,Vg1,NA,2027,2,31.0,5.2,0.271,1,0
Møre og Romsdal,Gjermundnes vidaregåande skule,Teknologi- og industrifag,0,Vg1,TP,2027,2,30.1,4.4,0.635,9,0
Møre og Romsdal,Gjermundnes vidaregåande skule,Anleggsgartner,0,Vg2,BA,2027,2,29.5,5.9,0.444,1,0
Møre og Romsdal,Gjermundnes vidaregåande skule,Heste- og dyrefag,0,Vg2,NA,2027,2,30.1,5.0,0.748,5,0
Møre og Romsdal,Gjermundnes vidaregåande skule,Industriteknologi,0,Vg2,TP,2027,2,29.7,5.5,0.696,3,0
Møre og Romsdal,Gjermundnes vidaregåande skule,Landbruk og gartnernæring,0,Vg2,NA,2027,2,29.2,5.0,0.639,10,0
Møre og Romsdal,Gjermundnes vidaregåande skule,Landbruk,0,Vg3,NA,2027,2,32.4,5.0,0.758,12,0
Møre og Romsdal,Gjermundnes vidaregåande skule,Påbygging til generell studiekompetanse,0,Vg3,PB,2027,2,32.6,5.0,0.483,5,0
Møre og Romsdal,Gjermundnes vidaregåande skule,Studieforberedende naturbruk,0,Vg3,NA,2027,2,36.5,5.0,0.8,12,0
Møre og Romsdal,Haram vidaregåande skule,Elektro og datateknologi,0,Vg1,EL,2027,2,33.5,5.6,0.822,14,0
Møre og Romsdal,Haram vidaregåande skule,"Elektro og datateknologi, YSK 4 år",0,Vg1,EL,2027,2,49.3,3.3,0.909,15,0
Møre og Romsdal,Haram vidaregåande skule,Helse- og oppvekstfag,0,Vg1,HS,2027,2,28.7,4.4,0.553,7,0
Møre og Romsdal,Haram vidaregåande skule,Studiespesialisering,0,Vg1,ST,2027,2,36.1,4.4,0.598,7,0
Møre og Romsdal,Haram vidaregåande skule,"Studiespesialisering, internasjonalisering",0,Vg1,ST,2027,2,34.2,4.4,0.884,13,0
Møre og Romsdal,Haram vidaregåande skule,Teknologi- og industrifag,0,Vg1,TP,2027,2,28.9,4.9,0.444,3,0
Møre og Romsdal,Haram vidaregåande skule,"Teknologi-/industrifag, YSK 4 år",0,Vg1,TP,2027,2,43.3,4.4,0.922,15,0
Møre og Romsdal,Haram vidaregåande skule,Elenergi og ekom,0,Vg2,EL,2027,2,34.6,5.0,0.911,15,0
Møre og Romsdal,Haram vidaregåande skule,"Elenergi og ekom, YSK 4 år",0,Vg2,EL,2027,2,44.0,4.9,0.894,7,0
Møre og Romsdal,Haram vidaregåande skule,Industriteknologi,0,Vg2,TP,2027,2,29.5,5.5,0.43,2,0
Møre og Romsdal,Haram vidaregåande skule,"Industriteknologi, YSK 4 år",0,Vg2,TP,2027,2,40.0,5.0,0.88,7,0
Møre og Romsdal,Haram vidaregåande skule,Realfag,0,Vg2,ST,2027,2,33.7,5.0,0.738,11,0
Møre og Romsdal,Haram vidaregåande skule,"Realfag, internasjonalisering",0,Vg2,ST,2027,2,38.7,6.2,0.904,12,0
Møre og Romsdal,Haram vidaregåande skule,"Språk, samfunn og økonomi",0,Vg2,ST,2027,2,30.4,5.0,0.543,7,0
Møre og Romsdal,Haram vidaregåande skule,"Språk/samf.fag/økonomi, internasjonalisering",0,Vg2,ST,2027,2,34.1,5.0,0.758,11,0
Møre og Romsdal,Haram vidaregåande skule,"Påbygg gen studiekomp e/yrkeskomp, YSK 1.år",0,Vg3,PB,2027,2,36.8,5.0,0.891,7,0
Møre og Romsdal,Haram vidaregåande skule,"Påbygg gen studiekomp e/yrkeskomp, YSK 2.år",0,Vg3,PB,2027,2,33.0,5.5,0.586,2,0
Møre og Romsdal,Haram vidaregåande skule,Realfag,1,Vg3,ST,2027,2,31.2,5.0,0.65,9,0
Møre og Romsdal,Haram vidaregåande skule,"Realfag, internasjonalisering",1,Vg3,ST,2027,2,38.3,6.2,0.86,9,0
Møre og Romsdal,Haram vidaregåande skule,"Språk, samfunn og økonomi",1,Vg3,ST,2027,2,31.2,5.0,0.438,5,0
Møre og Romsdal,Haram vidaregåande skule,"Språk/samf.fag/økonomi, internasjonalisering",1,Vg3,ST,2027,2,33.4,5.0,0.74,10,0
Møre og Romsdal,Herøy vidaregåande skule,Bygg- og anleggsteknikk,0,Vg1,BA,2027,2,27.0,5.2,0.301,1,0
Møre og Romsdal,Herøy vidaregåande skule,Helse- og oppvekstfag,0,Vg1,HS,2027,2,28.8,4.4,0.356,4,0
Møre og Romsdal,Herøy vidaregåande skule,Naturbruk,0,Vg1,NA,2027,2,34.2,5.6,0.748,10,0
Møre og Romsdal,Herøy vidaregåande skule,Restaurant- og matfag,0,Vg1,RM,2027,2,28.4,4.4,0.562,7,0
Møre og Romsdal,Herøy vidaregåande skule,Teknologi- og industrifag,0,Vg1,TP,2027,2,29.2,4.4,0.66,10,0
Møre og Romsdal,Herøy vidaregåande skule,Barne- og ungdomsarbeider,0,Vg2,HS,2027,2,31.7,6.2,0.736,12,0
Møre og Romsdal,Herøy vidaregåande skule,Fiske og fangst,0,Vg2,NA,2027,2,34.7,6.2,0.802,11,0
Møre og Romsdal,Herøy vidaregåande skule,Helsearbeiderfag,0,Vg2,HS,2027,2,29.8,5.0,0.582,9,0
Møre og Romsdal,Herøy vidaregåande skule,Industriteknologi,0,Vg2,TP,2027,2,29.1,5.5,0.475,3,0
Møre og Romsdal,Herøy vidaregåande skule,Kokk- og servitørfag,0,Vg2,RM,2027,2,28.5,5.0,0.639,8,0
Møre og Romsdal,Herøy vidaregåande skule,Maritime fag,0,Vg2,TP,2027,2,32.8,5.0,0.881,14,0
Møre og Romsdal,Herøy vidaregåande skule,Tømrer,0,Vg2,BA,2027,2,28.1,5.0,0.807,4,0
Møre og Romsdal,Hustadvika vidaregåande skole,Helse- og oppvekstfag,0,Vg1,HS,2027,2,29.3,4.4,0.587,8,0
Møre og Romsdal,Hustadvika vidaregåande skole,Idrettsfag,0,Vg1,ID,2027,2,38.3,5.2,0.845,1,0
Møre og Romsdal,Hustadvika vidaregåande skole,Naturbruk,0,Vg1,NA,2027,2,36.4,4.4,0.818,11,0
Møre og Romsdal,Hustadvika vidaregåande skole,Restaurant- og matfag,0,Vg1,RM,2027,2,30.1,4.4,0.63,10,0
Møre og Romsdal,Hustadvika vidaregåande skole,Teknologi- og industrifag,0,Vg1,TP,2027,2,31.7,4.4,0.789,11,0
Møre og Romsdal,Hustadvika vidaregåande skole,Akvakultur,0,Vg2,NA,2027,2,37.1,5.0,0.849,12,0
Møre og Romsdal,Hustadvika vidaregåande skole,Arbeidsmaskiner,0,Vg2,TP,2027,2,32.1,5.0,0.547,9,0
Møre og Romsdal,Hustadvika vidaregåande skole,Barne- og ungdomsarbeider,0,Vg2,HS,2027,2,30.7,5.0,0.693,8,0
Møre og Romsdal,Hustadvika vidaregåande skole,Fiske og fangst,0,Vg2,NA,2027,2,41.4,4.9,0.858,12,0
Møre og Romsdal,Hustadvika vidaregåande skole,Helsearbeiderfag,0,Vg2,HS,2027,2,31.8,5.0,0.605,6,0
Møre og Romsdal,Hustadvika vidaregåande skole,"Industriteknologi, YSK 4 år",0,Vg2,TP,2027,2,43.2,6.9,0.88,3,0
Møre og Romsdal,Hustadvika vidaregåande skole,Kjemiprosess- og laboratoriefag,0,Vg2,TP,2027,2,39.0,6.2,0.912,6,0
Møre og Romsdal,Hustadvika vidaregåande skole,Kokk- og servitørfag,0,Vg2,RM,2027,2,29.3,6.2,0.647,8,0
Møre og Romsdal,Hustadvika vidaregåande skole,"Påbygg gen studiekomp e/yrkeskomp, YSK 1.år",0,Vg3,PB,2027,2,39.2,5.0,0.899,5,0
Møre og Romsdal,Hustadvika vidaregåande skole,"Påbygg gen studiekomp e/yrkeskomp, YSK 2.år",0,Vg3,PB,2027,2,34.2,5.5,0.847,3,0
Møre og Romsdal,Hustadvika vidaregåande skole,Påbygging til generell studiekompetanse,0,Vg3,PB,2027,2,35.9,5.0,0.497,5,0
Møre og Romsdal,Kristiansund videregående skole,Bygg- og anleggsteknikk,0,Vg1,BA,2027,2,28.9,4.9,0.33,2,0
Møre og Romsdal,Kristiansund videregående skole,Elektro og datateknologi,0,Vg1,EL,2027,2,31.6,4.4,0.726,10,0
Møre og Romsdal,Kristiansund videregående skole,"Frisør, blomster, interiør og eksponeringsdesign",0,Vg1,FD,2027,2,29.0,5.2,0.331,1,0
Møre og Romsdal,Kristiansund videregående skole,Helse- og oppvekstfag,0,Vg1,HS,2027,2,30.9,6.0,0.255,0,0
Møre og Romsdal,Kristiansund videregående skole,Informasjonsteknologi og medieproduksjon,0,Vg1,IM,2027,2,33.8,4.4,0.866,7,0
Møre og Romsdal,Kristiansund videregående skole,"Kunst, design og arkitektur",0,Vg1,KD,2027,2,32.5,4.4,0.579,6,0
Møre og Romsdal,Kristiansund videregående skole,Naturbruk,0,Vg1,NA,2027,2,37.5,4.4,0.833,8,0
Møre og Romsdal,Kristiansund videregående skole,Restaurant- og matfag,0,Vg1,RM,2027,2,30.6,5.6,0.513,6,0
Møre og Romsdal,Kristiansund videregående skole,"Salg, service og reiseliv",0,Vg1,SR,2027,2,31.5,4.4,0.807,6,0
Møre og Romsdal,Kristiansund videregående skole,Teknologi- og industrifag,0,Vg1,TP,2027,2,31.7,4.4,0.78,11,0
Møre og Romsdal,Kristiansund videregående skole,Akvakultur,0,Vg2,NA,2027,2,35.7,5.0,0.759,6,0
Møre og Romsdal,Kristiansund videregående skole,Automatisering,0,Vg2,EL,2027,2,37.9,6.2,0.821,14,0
Møre og Romsdal,Kristiansund videregående skole,Barne- og ungdomsarbeider,0,Vg2,HS,2027,2,35.3,5.0,0.655,9,0
Møre og Romsdal,Kristiansund videregående skole,Elenergi og ekom,0,Vg2,EL,2027,2,34.8,5.0,0.804,13,0
Møre og Romsdal,Kristiansund videregående skole,Frisør,0,Vg2,FD,2027,2,29.2,5.0,0.528,5,0
Møre og Romsdal,Kristiansund videregående skole,Helsearbeiderfag,0,Vg2,HS,2027,2,31.1,5.0,0.536,5,0
Møre og Romsdal,Kristiansund videregående skole,Helseservicefag,0,Vg2,HS,2027,2,33.4,5.0,0.615,4,0
Møre og Romsdal,Kristiansund videregående skole,Industriteknologi,0,Vg2,TP,2027,2,32.6,6.2,0.752,10,0
Møre og Romsdal,Kristiansund videregående skole,Informasjonsteknologi,0,Vg2,IM,2027,2,36.3,6.2,0.726,5,0
Møre og Romsdal,Kristiansund videregående skole,Kjemiprosess- og laboratoriefag,0,Vg2,TP,2027,2,42.5,4.9,0.891,6,0
Møre og Romsdal,Kristiansund videregående skole,Kjøretøy,0,Vg2,TP,2027,2,29.9,5.0,0.73,13,0
Møre og Romsdal,Kristiansund videregående skole,Kokk- og servitørfag,0,Vg2,RM,2027,2,31.4,5.0,0.614,8,0
Møre og Romsdal,Kristiansund videregående skole,"Kunst, design og arkitektur",1,Vg2,KD,2027,2,31.1,6.2,0.719,7,0
Møre og Romsdal,Kristiansund videregående skole,Maritime fag,0,Vg2,TP,2027,2,33.3,5.0,0.801,13,0
Møre og Romsdal,Kristiansund videregående skole,Rørlegger,0,Vg2,BA,2027,2,32.3,6.7,0.307,0,0
Møre og Romsdal,Kristiansund videregående skole,Salg og reiseliv,0,Vg2,SR,2027,2,31.2,5.0,0.724,4,0
Møre og Romsdal,Kristiansund videregående skole,"Salg, service og reiseliv",1,Vg2,SR,2027,2,30.6,6.7,0.4,0,0
Møre og Romsdal,Kristiansund videregående skole,Transport og logistikk,0,Vg2,TP,2027,2,28.1,5.0,0.504,6,0
Møre og Romsdal,Kristiansund videregående skole,Tømrer,0,Vg2,BA,2027,2,28.7,5.5,0.5,2,0
Møre og Romsdal,Kristiansund videregående skole,Automatiseringsfaget,0,Vg3,EL,2027,2,33.7,6.2,0.744,13,0
Møre og Romsdal,Kristiansund videregående skole,"Kunst, design og arkitektur",2,Vg3,KD,2027,2,29.6,5.0,0.754,6,0
Møre og Romsdal,Kristiansund videregående skole,Påbygging til generell studiekompetanse,0,Vg3,PB,2027,2,33.1,5.0,0.643,8,0
Møre og Romsdal,Molde videregående skole,"Kunst, design og arkitektur",0,Vg1,KD,2027,2,33.0,5.6,0.626,7,0
Møre og Romsdal,Molde videregående skole,"Musikk, dans og drama, jazz, LAL",0,Vg1,MD,2027,2,40.5,4.4,0.874,8,0
Møre og Romsdal,Molde videregående skole,"Musikk, dans og drama, musikk",0,Vg1,MD,2027,2,34.3,5.6,0.825,14,0
Møre og Romsdal,Molde videregående skole,"Salg, service og reiseliv med innov/ledelse",0,Vg1,SR,2027,2,37.1,4.4,0.875,5,0
Møre og Romsdal,Molde videregående skole,Studiespesialisering,0,Vg1,ST,2027,2,33.9,5.6,0.811,14,0
Møre og Romsdal,Molde videregående skole,"Studiespesialisering, toppidrett",0,Vg1,ST,2027,2,35.3,4.4,0.89,10,0
Møre og Romsdal,Molde videregående skole,"Kunst, design og arkitektur",1,Vg2,KD,2027,2,30.0,5.0,0.727,9,0
Møre og Romsdal,Molde videregående skole,Musikk,0,Vg2,MD,2027,2,30.9,5.0,0.599,8,0
Møre og Romsdal,Molde videregående skole,"Musikk, jazz, LAL",0,Vg2,MD,2027,2,38.0,5.0,0.881,8,0
Møre og Romsdal,Molde videregående skole,Realfag,0,Vg2,ST,2027,2,32.2,5.0,0.808,12,0
Møre og Romsdal,Molde videregående skole,"Realfag, toppidrett",0,Vg2,ST,2027,2,38.2,6.2,0.889,7,0
Møre og Romsdal,Molde videregående skole,"Salg og reiseliv, innovasjon/ledelse",0,Vg2,SR,2027,2,36.4,5.0,0.873,5,0
Møre og Romsdal,Molde videregående skole,"Språk, samfunn og økonomi",0,Vg2,ST,2027,2,29.6,5.0,0.452,5,0
Møre og Romsdal,Molde videregående skole,"Språk/samf.fag/økonomi, toppidrett",0,Vg2,ST,2027,2,31.2,5.0,0.885,6,0
Møre og Romsdal,Molde videregående skole,"Kunst, design og arkitektur",2,Vg3,KD,2027,2,29.8,5.0,0.664,7,0
Møre og Romsdal,Molde videregående skole,Musikk,1,Vg3,MD,2027,2,30.6,5.0,0.805,12,0
Møre og Romsdal,Molde videregående skole,"Musikk, jazz, LAL",1,Vg3,MD,2027,2,35.6,5.0,0.878,7,0
Møre og Romsdal,Molde videregående skole,"Påbygg gen studiekomp, innovasjon",0,Vg3,PB,2027,2,38.2,5.0,0.905,5,0
Møre og Romsdal,Molde videregående skole,Realfag,1,Vg3,ST,2027,2,30.6,5.0,0.661,11,0
Møre og Romsdal,Molde videregående skole,"Realfag, toppidrett",1,Vg3,ST,2027,2,37.2,6.2,0.905,8,0
Møre og Romsdal,Molde videregående skole,"Språk, samfunn og økonomi",1,Vg3,ST,2027,2,29.7,5.0,0.482,5,0
Møre og Romsdal,Molde videregående skole,"Språk/samf.fag/økonomi, toppidrett",1,Vg3,ST,2027,2,30.4,5.0,0.578,4,0
Møre og Romsdal,Rauma videregående skole,Elektro og datateknologi,0,Vg1,EL,2027,2,32.4,4.4,0.686,11,0
Møre og Romsdal,Rauma videregående skole,Helse- og oppvekstfag,0,Vg1,HS,2027,2,29.8,4.4,0.811,13,0
Møre og Romsdal,Rauma videregående skole,"Idrettsfag, bratt friluftsliv, LAL",0,Vg1,ID,2027,2,37.2,4.4,0.883,6,0
Møre og Romsdal,Rauma videregående skole,Restaurant- og matfag,0,Vg1,RM,2027,2,28.2,4.4,0.545,5,0
Møre og Romsdal,Rauma videregående skole,Studiespesialisering,0,Vg1,ST,2027,2,36.5,4.4,0.758,13,0
Møre og Romsdal,Rauma videregående skole,Teknologi- og industrifag,0,Vg1,TP,2027,2,31.7,4.4,0.706,9,0
Møre og Romsdal,Rauma videregående skole,Automatisering,0,Vg2,EL,2027,2,35.1,5.0,0.841,10,0
Møre og Romsdal,Rauma videregående skole,Elenergi og ekom,0,Vg2,EL,2027,2,35.6,6.2,0.681,9,0
Møre og Romsdal,Rauma videregående skole,Helsearbeiderfag,0,Vg2,HS,2027,2,31.0,6.9,0.636,3,0
Møre og Romsdal,Rauma videregående skole,"Idrettsfag, bratt friluftsliv, LAL",1,Vg2,ID,2027,2,39.6,5.0,0.879,5,0
Møre og Romsdal,Rauma videregående skole,Kokk- og servitørfag,0,Vg2,RM,2027,2,29.1,5.0,0.691,9,0
Møre og Romsdal,Rauma videregående skole,Realfag,0,Vg2,ST,2027,2,38.5,5.0,0.841,14,0
Møre og Romsdal,Rauma videregående skole,"Språk, samfunn og økonomi",0,Vg2,ST,2027,2,33.2,5.0,0.685,10,0
Møre og Romsdal,Rauma videregående skole,"Idrettsfag, bratt friluftsliv, LAL",2,Vg3,ID,2027,2,37.0,6.2,0.872,4,0
Møre og Romsdal,Rauma videregående skole,Realfag,1,Vg3,ST,2027,2,36.8,5.0,0.878,15,0
Møre og Romsdal,Rauma videregående skole,"Språk, samfunn og økonomi",1,Vg3,ST,2027,2,31.0,5.0,0.835,14,0
Møre og Romsdal,Romsdal videregående skole,Bygg- og anleggsteknikk,0,Vg1,BA,2027,2,30.1,4.4,0.842,12,0
Møre og Romsdal,Romsdal videregående skole,Elektro og datateknologi,0,Vg1,EL,2027,2,34.0,5.6,0.765,11,0
Møre og Romsdal,Romsdal videregående skole,"Elektro og datateknologi, SK 3 år",0,Vg1,EL,2027,2,39.3,4.4,0.759,6,0
Møre og Romsdal,Romsdal videregående skole,"Frisør, blomster, interiør og eksponeringsdesign",0,Vg1,FD,2027,2,31.6,6.2,0.524,2,0
Møre og Romsdal,Romsdal videregående skole,Helse- og oppvekstfag,0,Vg1,HS,2027,2,36.2,4.4,0.824,11,0
Møre og Romsdal,Romsdal videregående skole,"Helse- og oppvekstfag, SK 3 år",0,Vg1,HS,2027,2,43.8,4.4,0.92,4,0
Møre og Romsdal,Romsdal videregående skole,Idrettsfag,0,Vg1,ID,2027,2,39.3,4.4,0.903,15,0
Møre og Romsdal,Romsdal videregående skole,Informasjonsteknologi og medieproduksjon,0,Vg1,IM,2027,2,37.8,4.4,0.896,7,0
Møre og Romsdal,Romsdal videregående skole,"Salg, service og reiseliv",0,Vg1,SR,2027,2,33.7,5.6,0.699,4,0
Møre og Romsdal,Romsdal videregående skole,Teknologi- og industrifag,0,Vg1,TP,2027,2,32.8,4.4,0.853,13,0
Møre og Romsdal,Romsdal videregående skole,Anleggsteknikk,0,Vg2,BA,2027,2,37.2,5.0,0.918,8,0
Møre og Romsdal,Romsdal videregående skole,Automatisering,0,Vg2,EL,2027,2,41.7,4.9,0.89,14,0
Møre og Romsdal,Romsdal videregående skole,Barne- og ungdomsarbeider,0,Vg2,HS,2027,2,37.6,5.0,0.707,9,0
Møre og Romsdal,Romsdal videregående skole,Betong og mur,0,Vg2,BA,2027,2,30.2,5.9,0.341,1,0
Møre og Romsdal,Romsdal videregående skole,"Datatekn og elektronikk, SK 3 år",0,Vg2,EL,2027,2,38.6,6.9,0.901,3,0
Møre og Romsdal,Romsdal videregående skole,Elenergi og ekom,0,Vg2,EL,2027,2,39.7,5.0,0.886,14,0
Møre og Romsdal,Romsdal videregående skole,Frisør,0,Vg2,FD,2027,2,29.1,5.0,0.579,6,0
Møre og Romsdal,Romsdal videregående skole,Helsearbeiderfag,0,Vg2,HS,2027,2,32.6,6.2,0.769,11,0
Møre og Romsdal,Romsdal videregående skole,"Helsearbeiderfag, SK 3 år",0,Vg2,HS,2027,2,40.2,5.5,0.817,3,0
Møre og Romsdal,Romsdal videregående skole,Idrettsfag,1,Vg2,ID,2027,2,33.2,5.0,0.844,15,0
Møre og Romsdal,Romsdal videregående skole,Industriteknologi,0,Vg2,TP,2027,2,34.2,5.0,0.748,9,0
Møre og Romsdal,Romsdal videregående skole,Informasjonsteknologi,0,Vg2,IM,2027,2,35.5,6.2,0.74,5,0
Møre og Romsdal,Romsdal videregående skole,Kjøretøy,0,Vg2,TP,2027,2,29.1,5.0,0.579,6,0
Møre og Romsdal,Romsdal videregående skole,Salg og reiseliv,0,Vg2,SR,2027,2,31.9,5.5,0.601,3,0
Møre og Romsdal,Romsdal videregående skole,"Salg, service og reiseliv",1,Vg2,SR,2027,2,32.0,5.9,0.762,1,0
Møre og Romsdal,Romsdal videregående skole,Transport og logistikk,0,Vg2,TP,2027,2,29.0,5.9,0.419,1,0
Møre og Romsdal,Romsdal videregående skole,Tømrer,0,Vg2,BA,2027,2,33.8,5.0,0.791,5,0
Møre og Romsdal,Romsdal videregående skole,Automatiseringsfaget,0,Vg3,EL,2027,2,37.9,5.0,0.885,15,0
Møre og Romsdal,Romsdal videregående skole,Idrettsfag,2,Vg3,ID,2027,2,33.2,5.0,0.862,13,0
Møre og Romsdal,Romsdal videregående skole,"Påbygg gen studiekomp, SK",0,Vg3,PB,2027,2,35.8,6.2,0.895,5,0
Møre og Romsdal,Romsdal videregående skole,"Påbygg gen studiekomp, elektro og datatekn., SK",0,Vg3,PB,2027,2,39.2,5.9,0.858,1,0
Møre og Romsdal,Romsdal videregående skole,Påbygging til generell studiekompetanse,0,Vg3,PB,2027,2,37.5,5.0,0.874,14,0
Møre og Romsdal,Spjelkavik videregående skole,Idrettsfag,0,Vg1,ID,2027,2,34.6,4.9,0.88,3,0
Møre og Romsdal,Spjelkavik videregående skole,Studiespesialisering,0,Vg1,ST,2027,2,31.7,4.4,0.689,9,0
Møre og Romsdal,Spjelkavik videregående skole,"Studiespesialisering, internasjonalisering",0,Vg1,ST,2027,2,35.6,5.6,0.844,14,0
Møre og Romsdal,Spjelkavik videregående skole,Idrettsfag,1,Vg2,ID,2027,2,30.0,5.5,0.782,3,0
Møre og Romsdal,Spjelkavik videregående skole,Realfag,0,Vg2,ST,2027,2,31.7,5.0,0.773,13,0
Møre og Romsdal,Spjelkavik videregående skole,"Realfag, internasjonalisering",0,Vg2,ST,2027,2,36.9,5.0,0.928,15,0
Møre og Romsdal,Spjelkavik videregående skole,"Språk, samfunn og økonomi",0,Vg2,ST,2027,2,30.1,5.0,0.608,10,0
Møre og Romsdal,Spjelkavik videregående skole,"Språk/samf.fag/økonomi, internasjonalisering",0,Vg2,ST,2027,2,37.7,5.0,0.896,15,0
Møre og Romsdal,Spjelkavik videregående skole,Idrettsfag,2,Vg3,ID,2027,2,30.1,5.5,0.671,2,0
Møre og Romsdal,Spjelkavik videregående skole,Påbygging til generell studiekompetanse,0,Vg3,PB,2027,2,32.3,5.5,0.704,2,0
Møre og Romsdal,Spjelkavik videregående skole,Realfag,1,Vg3,ST,2027,2,33.2,5.0,0.675,9,0
Møre og Romsdal,Spjelkavik videregående skole,"Realfag, internasjonalisering",1,Vg3,ST,2027,2,37.5,5.0,0.873,14,0
Møre og Romsdal,Spjelkavik videregående skole,"Språk, samfunn og økonomi",1,Vg3,ST,2027,2,29.5,5.0,0.455,5,0
Møre og Romsdal,Spjelkavik videregående skole,"Språk/samf.fag/økonomi, internasjonalisering",1,Vg3,ST,2027,2,36.3,5.0,0.882,15,0
Møre og Romsdal,Stranda vidaregåande skule,Helse- og oppvekstfag,0,Vg1,HS,2027,2,31.8,4.4,0.834,12,0
Møre og Romsdal,Stranda vidaregåande skule,Idrettsfag,0,Vg1,ID,2027,2,33.9,4.4,0.854,11,0
Møre og Romsdal,Stranda vidaregåande skule,Naturbruk,0,Vg1,NA,2027,2,31.5,4.4,0.723,4,0
Møre og Romsdal,Stranda vidaregåande skule,Studiespesialisering,0,Vg1,ST,2027,2,34.4,4.4,0.769,13,0
Møre og Romsdal,Stranda vidaregåande skule,Akvakultur,0,Vg2,NA,2027,2,32.4,5.0,0.875,4,0
Møre og Romsdal,Stranda vidaregåande skule,Helsearbeiderfag,0,Vg2,HS,2027,2,30.7,5.5,0.834,3,0
Møre og Romsdal,Stranda vidaregåande skule,Idrettsfag,1,Vg2,ID,2027,2,32.7,5.0,0.742,12,0
Møre og Romsdal,Stranda vidaregåande skule,Realfag,0,Vg2,ST,2027,2,34.9,5.0,0.838,14,0
Møre og Romsdal,Stranda vidaregåande skule,"Språk, samfunn og økonomi",0,Vg2,ST,2027,2,36.2,6.2,0.691,11,0
Møre og Romsdal,Stranda vidaregåande skule,Idrettsfag,2,Vg3,ID,2027,2,32.3,5.0,0.841,13,0
Møre og Romsdal,Stranda vidaregåande skule,Realfag,1,Vg3,ST,2027,2,37.3,6.2,0.748,12,0
Møre og Romsdal,Stranda vidaregåande skule,"Språk, samfunn og økonomi",1,Vg3,ST,2027,2,32.8,6.2,0.735,12,0
Møre og Romsdal,Sunndal vidaregåande skole,Bygg- og anleggsteknikk,0,Vg1,BA,2027,2,26.2,6.0,0.283,0,0
Møre og Romsdal,Sunndal vidaregåande skole,Elektro og datateknologi,0,Vg1,EL,2027,2,30.3,4.4,0.669,9,0
Møre og Romsdal,Sunndal vidaregåande skole,Helse- og oppvekstfag,0,Vg1,HS,2027,2,28.9,4.4,0.51,6,0
Møre og Romsdal,Sunndal vidaregåande skole,Studiespesialisering,0,Vg1,ST,2027,2,33.6,4.4,0.568,9,0
Møre og Romsdal,Sunndal vidaregåande skole,Teknologi- og industrifag,0,Vg1,TP,2027,2,28.8,4.4,0.563,5,0
Møre og Romsdal,Sunndal vidaregåande skole,Elenergi og ekom,0,Vg2,EL,2027,2,31.0,5.0,0.755,11,0
Møre og Romsdal,Sunndal vidaregåande skole,Helsearbeiderfag,0,Vg2,HS,2027,2,29.3,5.0,0.573,7,0
Møre og Romsdal,Sunndal vidaregåande skole,Industriteknologi,0,Vg2,TP,2027,2,28.8,5.0,0.699,6,0
Møre og Romsdal,Sunndal vidaregåande skole,Kjemiprosess- og laboratoriefag,0,Vg2,TP,2027,2,36.3,5.0,0.731,4,0
Møre og Romsdal,Sunndal vidaregåande skole,Realfag,0,Vg2,ST,2027,2,35.7,5.0,0.743,13,0
Møre og Romsdal,Sunndal vidaregåande skole,"Språk, samfunn og økonomi",0,Vg2,ST,2027,2,30.1,5.0,0.768,12,0
Møre og Romsdal,Sunndal vidaregåande skole,Tømrer,0,Vg2,BA,2027,2,29.6,6.9,0.758,2,0
Møre og Romsdal,Sunndal vidaregåande skole,Påbygging til generell studiekompetanse,0,Vg3,PB,2027,2,32.5,5.0,0.657,9,0
Møre og Romsdal,Sunndal vidaregåande skole,Realfag,1,Vg3,ST,2027,2,34.3,5.0,0.716,12,0
Møre og Romsdal,Sunndal vidaregåande skole,"Språk, samfunn og økonomi",1,Vg3,ST,2027,2,30.3,5.0,0.782,13,0
Møre og Romsdal,Surnadal vidaregåande skule,Bygg- og anleggsteknikk,0,Vg1,BA,2027,2,27.9,4.4,0.602,7,0
Møre og Romsdal,Surnadal vidaregåande skule,Elektro og datateknologi,0,Vg1,EL,2027,2,32.4,4.4,0.608,8,0
Møre og Romsdal,Surnadal vidaregåande skule,Helse- og oppvekstfag,0,Vg1,HS,2027,2,31.5,4.4,0.627,8,0
Møre og Romsdal,Surnadal vidaregåande skule,Studiespesialisering,0,Vg1,ST,2027,2,36.3,5.6,0.844,15,0
Møre og Romsdal,Surnadal vidaregåande skule,Teknologi- og industrifag,0,Vg1,TP,2027,2,29.9,4.4,0.626,7,0
Møre og Romsdal,Surnadal vidaregåande skule,Automatisering,0,Vg2,EL,2027,2,34.0,5.0,0.714,8,0
Møre og Romsdal,Surnadal vidaregåande skule,Helsearbeiderfag,0,Vg2,HS,2027,2,32.0,5.0,0.715,12,0
Møre og Romsdal,Surnadal vidaregåande skule,Industriteknologi,0,Vg2,TP,2027,2,30.4,5.0,0.566,7,0
Møre og Romsdal,Surnadal vidaregåande skule,Realfag,0,Vg2,ST,2027,2,36.7,5.0,0.828,14,0
Møre og Romsdal,Surnadal vidaregåande skule,"Språk, samfunn og økonomi",0,Vg2,ST,2027,2,32.1,5.0,0.674,12,0
Møre og Romsdal,Surnadal vidaregåande skule,Tømrer,0,Vg2,BA,2027,2,29.5,5.0,0.686,4,0
Møre og Romsdal,Surnadal vidaregåande skule,Automatiseringsfaget,0,Vg3,EL,2027,2,31.6,5.0,0.788,12,0
Møre og Romsdal,Surnadal vidaregåande skule,Påbygging til generell studiekompetanse,0,Vg3,PB,2027,2,32.9,5.0,0.663,9,0
Møre og Romsdal,Surnadal vidaregåande skule,Realfag,1,Vg3,ST,2027,2,35.6,5.0,0.85,14,0
Møre og Romsdal,Surnadal vidaregåande skule,"Språk, samfunn og økonomi",1,Vg3,ST,2027,2,33.5,5.0,0.783,13,0
Møre og Romsdal,Sykkylven vidaregåande skule,Elektro og datateknologi,0,Vg1,EL,2027,2,31.5,5.6,0.712,8,0
Møre og Romsdal,Sykkylven vidaregåande skule,Helse- og oppvekstfag,0,Vg1,HS,2027,2,29.4,5.6,0.797,12,0
Møre og Romsdal,Sykkylven vidaregåande skule,Studiespesialisering,0,Vg1,ST,2027,2,34.2,4.4,0.822,14,0
Møre og Romsdal,Sykkylven vidaregåande skule,Teknologi- og industrifag,0,Vg1,TP,2027,2,28.2,4.4,0.707,9,0
Møre og Romsdal,Sykkylven vidaregåande skule,Automatisering,0,Vg2,EL,2027,2,35.6,5.0,0.833,13,0
Møre og Romsdal,Sykkylven vidaregåande skule,Barne- og ungdomsarbeider,0,Vg2,HS,2027,2,32.6,6.2,0.535,5,0
Møre og Romsdal,Sykkylven vidaregåande skule,Helsearbeiderfag,0,Vg2,HS,2027,2,31.4,5.0,0.61,8,0
Møre og Romsdal,Sykkylven vidaregåande skule,Industriteknologi,0,Vg2,TP,2027,2,29.3,5.0,0.435,6,0
Møre og Romsdal,Sykkylven vidaregåande skule,Realfag,0,Vg2,ST,2027,2,36.0,5.0,0.803,13,0
Møre og Romsdal,Sykkylven vidaregåande skule,"Språk, samfunn og økonomi",0,Vg2,ST,2027,2,31.5,5.0,0.805,12,0
Møre og Romsdal,Sykkylven vidaregåande skule,Automatiseringsfaget,0,Vg3,EL,2027,2,32.0,5.0,0.865,14,0
Møre og Romsdal,Sykkylven vidaregåande skule,Påbygging til generell studiekompetanse,0,Vg3,PB,2027,2,33.4,6.2,0.598,6,0
Møre og Romsdal,Sykkylven vidaregåande skule,Realfag,1,Vg3,ST,2027,2,31.8,5.0,0.759,11,0
Møre og Romsdal,Sykkylven vidaregåande skule,"Språk, samfunn og økonomi",1,Vg3,ST,2027,2,31.5,5.0,0.656,9,0
Møre og Romsdal,Tingvoll vidaregåande skole,Helse- og oppvekstfag,0,Vg1,HS,2027,2,31.2,5.6,0.653,6,0
Møre og Romsdal,Tingvoll vidaregåande skole,Idrettsfag,0,Vg1,ID,2027,2,35.8,5.6,0.807,12,0
Møre og Romsdal,Tingvoll vidaregåande skole,Naturbruk,0,Vg1,NA,2027,2,31.9,5.2,0.423,1,0
Møre og Romsdal,Tingvoll vidaregåande skole,Studiespesialisering,0,Vg1,ST,2027,2,38.2,4.4,0.695,10,0
Møre og Romsdal,Tingvoll vidaregåande skole,Helsearbeiderfag,0,Vg2,HS,2027,2,33.6,6.9,0.552,3,0
Møre og Romsdal,Tingvoll vidaregåande skole,Idrettsfag,1,Vg2,ID,2027,2,31.8,5.0,0.717,11,0
Møre og Romsdal,Tingvoll vidaregåande skole,Realfag,0,Vg2,ST,2027,2,38.0,5.0,0.704,11,0
Møre og Romsdal,Tingvoll vidaregåande skole,"Språk, samfunn og økonomi",0,Vg2,ST,2027,2,36.6,5.0,0.818,12,0
Møre og Romsdal,Tingvoll vidaregåande skole,Idrettsfag,2,Vg3,ID,2027,2,31.8,5.0,0.815,12,0
Møre og Romsdal,Tingvoll vidaregåande skole,Realfag,1,Vg3,ST,2027,2,39.8,5.0,0.843,12,0
Møre og Romsdal,Tingvoll vidaregåande skole,"Språk, samfunn og økonomi",1,Vg3,ST,2027,2,35.0,6.2,0.696,9,0
Møre og Romsdal,Ulstein vidaregåande skule,Elektro og datateknologi,0,Vg1,EL,2027,2,33.5,4.4,0.904,14,0
Møre og Romsdal,Ulstein vidaregåande skule,Idrettsfag,0,Vg1,ID,2027,2,33.7,4.4,0.866,13,0
Møre og Romsdal,Ulstein vidaregåande skule,Informasjonsteknologi og medieproduksjon,0,Vg1,IM,2027,2,30.2,4.4,0.882,7,0
Møre og Romsdal,Ulstein vidaregåande skule,"Salg, service og reiseliv",0,Vg1,SR,2027,2,29.2,4.4,0.871,7,0
Møre og Romsdal,Ulstein vidaregåande skule,Studiespesialisering,0,Vg1,ST,2027,2,32.0,4.4,0.597,11,0
Møre og Romsdal,Ulstein vidaregåande skule,Elenergi og ekom,0,Vg2,EL,2027,2,35.3,5.0,0.829,14,0
Møre og Romsdal,Ulstein vidaregåande skule,Idrettsfag,1,Vg2,ID,2027,2,30.9,5.0,0.713,10,0
Møre og Romsdal,Ulstein vidaregåande skule,Informasjonsteknologi,0,Vg2,IM,2027,2,32.4,5.0,0.597,4,0
Møre og Romsdal,Ulstein vidaregåande skule,Realfag,0,Vg2,ST,2027,2,31.8,5.0,0.705,10,0
Møre og Romsdal,Ulstein vidaregåande skule,Salg og reiseliv,0,Vg2,SR,2027,2,27.8,5.5,0.566,3,0
Møre og Romsdal,Ulstein vidaregåande skule,"Salg, service og reiseliv",1,Vg2,SR,2027,2,29.8,5.9,0.732,1,0
Møre og Romsdal,Ulstein vidaregåande skule,"Språk, samfunn og økonomi",0,Vg2,ST,2027,2,29.6,5.0,0.526,5,0
Møre og Romsdal,Ulstein vidaregåande skule,Idrettsfag,2,Vg3,ID,2027,2,29.1,5.0,0.6,5,0
Møre og Romsdal,Ulstein vidaregåande skule,Påbygging til generell studiekompetanse,0,Vg3,PB,2027,2,35.8,5.0,0.802,11,0
Møre og Romsdal,Ulstein vidaregåande skule,Realfag,1,Vg3,ST,2027,2,30.5,5.0,0.64,9,0
Møre og Romsdal,Ulstein vidaregåande skule,"Språk, samfunn og økonomi",1,Vg3,ST,2027,2,29.4,5.0,0.395,4,0
Møre og Romsdal,Volda vidaregåande skule,"Kunst, design og arkitektur",0,Vg1,KD,2027,2,36.0,5.6,0.855,9,0
Møre og Romsdal,Volda vidaregåande skule,Medier og kommunikasjon,0,Vg1,MK,2027,2,34.6,4.4,0.798,13,0
Møre og Romsdal,Volda vidaregåande skule,"Musikk, dans og drama, musikk",0,Vg1,MD,2027,2,35.6,4.4,0.882,15,0
Møre og Romsdal,Volda vidaregåande skule,Studiespesialisering,0,Vg1,ST,2027,2,31.9,4.4,0.739,10,0
Møre og Romsdal,Volda vidaregåande skule,"Kunst, design og arkitektur",1,Vg2,KD,2027,2,30.1,5.0,0.828,8,0
Møre og Romsdal,Volda vidaregåande skule,Medier og kommunikasjon,1,Vg2,MK,2027,2,28.2,5.0,0.493,7,0
Møre og Romsdal,Volda vidaregåande skule,Musikk,0,Vg2,MD,2027,2,31.8,5.0,0.803,13,0
Møre og Romsdal,Volda vidaregåande skule,Realfag,0,Vg2,ST,2027,2,32.0,5.0,0.632,8,0
Møre og Romsdal,Volda vidaregåande skule,"Språk, samfunn og økonomi",0,Vg2,ST,2027,2,29.6,5.0,0.332,4,0
Møre og Romsdal,Volda vidaregåande skule,"Kunst, design og arkitektur",2,Vg3,KD,2027,2,28.4,5.5,0.538,3,0
Møre og Romsdal,Volda vidaregåande skule,Medier og kommunikasjon,2,Vg3,MK,2027,2,28.8,5.5,0.416,2,0
Møre og Romsdal,Volda vidaregåande skule,Musikk,1,Vg3,MD,2027,2,30.7,5.0,0.784,13,0
Møre og Romsdal,Volda vidaregåande skule,Påbygging til generell studiekompetanse,0,Vg3,PB,2027,2,34.3,5.0,0.822,12,0
Møre og Romsdal,Volda vidaregåande skule,Realfag,1,Vg3,ST,2027,2,30.8,5.0,0.707,11,0
Møre og Romsdal,Volda vidaregåande skule,"Språk, samfunn og økonomi",1,Vg3,ST,2027,2,29.4,5.0,0.457,5,0
Møre og Romsdal,Ålesund videregående skole,Helse- og oppvekstfag,0,Vg1,HS,2027,2,29.5,4.9,0.636,3,0
Møre og Romsdal,Ålesund videregående skole,Informasjonsteknologi og medieproduksjon,0,Vg1,IM,2027,2,33.5,4.4,0.908,7,0
Møre og Romsdal,Ålesund videregående skole,"Kunst, design og arkitektur",0,Vg1,KD,2027,2,34.7,4.9,0.631,3,0
Møre og Romsdal,Ålesund videregående skole,"Musikk, dans og drama, dans",0,Vg1,MD,2027,2,35.5,4.4,0.86,5,0
Møre og Romsdal,Ålesund videregående skole,"Musikk, dans og drama, drama",0,Vg1,MD,2027,2,35.9,4.4,0.853,5,0
Møre og Romsdal,Ålesund videregående skole,"Musikk, dans og drama, musikk",0,Vg1,MD,2027,2,33.7,4.4,0.875,5,0
Møre og Romsdal,Ålesund videregående skole,Naturbruk,0,Vg1,NA,2027,2,35.7,5.6,0.856,13,0
Møre og Romsdal,Ålesund videregående skole,"Salg, service og reiseliv",0,Vg1,SR,2027,2,30.5,4.9,0.583,3,0
Møre og Romsdal,Ålesund videregående skole,Studiespesialisering,0,Vg1,ST,2027,2,36.1,4.4,0.523,9,0
Møre og Romsdal,Ålesund videregående skole,"Studiespesialisering, forskerlinje",0,Vg1,ST,2027,2,35.3,4.4,0.862,5,0
Møre og Romsdal,Ålesund videregående skole,"Studiespesialisering, internasjonalisering",0,Vg1,ST,2027,2,35.7,4.4,0.8,4,0
Møre og Romsdal,Ålesund videregående skole,Teknologi- og industrifag,0,Vg1,TP,2027,2,31.3,4.4,0.806,8,0
Møre og Romsdal,Ålesund videregående skole,Akvakultur,0,Vg2,NA,2027,2,36.7,5.0,0.802,10,0
Møre og Romsdal,Ålesund videregående skole,Ambulansefag,0,Vg2,HS,2027,2,48.3,3.7,0.942,5,0
Møre og Romsdal,Ålesund videregående skole,Barne- og ungdomsarbeider,0,Vg2,HS,2027,2,32.3,6.9,0.698,3,0
Møre og Romsdal,Ålesund videregående skole,Dans,0,Vg2,MD,2027,2,37.6,5.0,0.812,5,0
Møre og Romsdal,Ålesund videregående skole,Drama,0,Vg2,MD,2027,2,35.4,6.2,0.8,5,0
Møre og Romsdal,Ålesund videregående skole,Fiske og fangst,0,Vg2,NA,2027,2,42.2,6.2,0.91,14,0
Møre og Romsdal,Ålesund videregående skole,Helsearbeiderfag,0,Vg2,HS,2027,2,30.3,5.9,0.488,1,0
Møre og Romsdal,Ålesund videregående skole,Informasjonsteknologi,0,Vg2,IM,2027,2,34.8,5.0,0.864,5,0
Møre og Romsdal,Ålesund videregående skole,Kjemiprosess- og laboratoriefag,0,Vg2,TP,2027,2,36.7,5.5,0.926,3,0
Møre og Romsdal,Ålesund videregående skole,"Kunst, design og arkitektur",1,Vg2,KD,2027,2,30.0,5.0,0.826,5,0
Møre og Romsdal,Ålesund videregående skole,Maritime fag,0,Vg2,TP,2027,2,34.1,5.0,0.944,13,0
Møre og Romsdal,Ålesund videregående skole,Medieproduksjon,0,Vg2,IM,2027,2,33.3,5.0,0.853,4,0
Møre og Romsdal,Ålesund videregående skole,Musikk,0,Vg2,MD,2027,2,31.3,5.0,0.816,5,0
Møre og Romsdal,Ålesund videregående skole,Realfag,0,Vg2,ST,2027,2,33.0,5.0,0.731,13,0
Møre og Romsdal,Ålesund videregående skole,"Realfag, forskerlinje",0,Vg2,ST,2027,2,39.0,5.0,0.898,5,0
Møre og Romsdal,Ålesund videregående skole,"Realfag, internasjonalisering",0,Vg2,ST,2027,2,37.7,5.0,0.927,5,0
Møre og Romsdal,Ålesund videregående skole,Salg og reiseliv,0,Vg2,SR,2027,2,29.8,5.5,0.637,3,0
Møre og Romsdal,Ålesund videregående skole,"Salg, service og reiseliv",1,Vg2,SR,2027,2,29.3,6.7,0.503,0,0
Møre og Romsdal,Ålesund videregående skole,"Service, sikkerhet og administrasjon",0,Vg2,SR,2027,2,29.3,5.0,0.669,4,0
Møre og Romsdal,Ålesund videregående skole,"Språk, samfunn og økonomi",0,Vg2,ST,2027,2,32.6,5.0,0.534,10,0
Møre og Romsdal,Ålesund videregående skole,"Språk/samf.fag/økonomi, forskerlinje",0,Vg2,ST,2027,2,38.8,5.0,0.898,5,0
Møre og Romsdal,Ålesund videregående skole,"Språk/samf.fag/økonomi, internasjonalisering",0,Vg2,ST,2027,2,35.3,5.0,0.74,4,0
Møre og Romsdal,Ålesund videregående skole,Dans,1,Vg3,MD,2027,2,33.7,5.0,0.887,5,0
Møre og Romsdal,Ålesund videregående skole,Drama,1,Vg3,MD,2027,2,36.2,5.0,0.874,5,0
Møre og Romsdal,Ålesund videregående skole,"Kunst, design og arkitektur",2,Vg3,KD,2027,2,29.3,5.0,0.853,5,0
Møre og Romsdal,Ålesund videregående skole,Musikk,1,Vg3,MD,2027,2,31.7,5.5,0.633,3,0
Møre og Romsdal,Ålesund videregående skole,Påbygging til generell studiekompetanse,0,Vg3,PB,2027,2,32.1,5.0,0.673,6,0
Møre og Romsdal,Ålesund videregående skole,Realfag,1,Vg3,ST,2027,2,31.7,5.0,0.819,13,0
Møre og Romsdal,Ålesund videregående skole,"Realfag, forskerlinje",1,Vg3,ST,2027,2,36.8,5.0,0.898,5,0
Møre og Romsdal,Ålesund videregående skole,"Realfag, internasjonalisering",1,Vg3,ST,2027,2,38.3,5.0,0.914,5,0
Møre og Romsdal,Ålesund videregående skole,"Realfag, toppidrett",1,Vg3,ST,2027,2,38.2,5.0,0.907,5,0
Møre og Romsdal,Ålesund videregående skole,"Språk, samfunn og økonomi",1,Vg3,ST,2027,2,29.5,5.0,0.725,12,0
Møre og Romsdal,Ålesund videregående skole,"Språk/samf.fag/økonomi, forskerlinje",1,Vg3,ST,2027,2,38.7,5.0,0.898,5,0
Møre og Romsdal,Ålesund videregående skole,"Språk/samf.fag/økonomi, internasjonalisering",1,Vg3,ST,2027,2,34.6,6.9,0.537,2,0
Møre og Romsdal,Ålesund videregående skole,"Språk/samf.fag/økonomi, toppidrett",1,Vg3,ST,2027,2,31.7,5.5,0.606,3,0
Møre og Romsdal,Ørsta vidaregåande skule,Bygg- og anleggsteknikk,0,Vg1,BA,2027,2,29.4,4.4,0.589,9,0
Møre og Romsdal,Ørsta vidaregåande skule,Elektro og datateknologi,0,Vg1,EL,2027,2,34.9,4.4,0.886,13,0
Møre og Romsdal,Ørsta vidaregåande skule,Helse- og oppvekstfag,0,Vg1,HS,2027,2,30.1,4.4,0.452,4,0
Møre og Romsdal,Ørsta vidaregåande skule,Restaurant- og matfag,0,Vg1,RM,2027,2,29.3,4.4,0.584,6,0
Møre og Romsdal,Ørsta vidaregåande skule,Teknologi- og industrifag,0,Vg1,TP,2027,2,31.2,4.4,0.717,9,0
Møre og Romsdal,Ørsta vidaregåande skule,Arbeidsmaskiner,0,Vg2,TP,2027,2,33.0,5.0,0.59,5,0
Møre og Romsdal,Ørsta vidaregåande skule,Automatisering,0,Vg2,EL,2027,2,37.2,6.2,0.86,14,0
Møre og Romsdal,Ørsta vidaregåande skule,Barne- og ungdomsarbeider,0,Vg2,HS,2027,2,35.9,6.2,0.687,12,0
Møre og Romsdal,Ørsta vidaregåande skule,Elenergi og ekom,0,Vg2,EL,2027,2,39.1,5.0,0.914,15,0
Møre og Romsdal,Ørsta vidaregåande skule,Helsearbeiderfag,0,Vg2,HS,2027,2,34.8,5.0,0.795,12,0
Møre og Romsdal,Ørsta vidaregåande skule,Helseservicefag,0,Vg2,HS,2027,2,31.5,5.0,0.525,4,0
Møre og Romsdal,Ørsta vidaregåande skule,Industriteknologi,0,Vg2,TP,2027,2,30.8,5.0,0.702,10,0
Møre og Romsdal,Ørsta vidaregåande skule,Kjøretøy,0,Vg2,TP,2027,2,30.4,5.0,0.577,8,0
Møre og Romsdal,Ørsta vidaregåande skule,Kokk- og servitørfag,0,Vg2,RM,2027,2,29.3,5.0,0.642,9,0
Møre og Romsdal,Ørsta vidaregåande skule,Tømrer,0,Vg2,BA,2027,2,30.9,5.0,0.723,5,0
Møre og Romsdal,Ørsta vidaregåande skule,Automatiseringsfaget,0,Vg3,EL,2027,2,35.0,5.0,0.814,14,0
Oslo,Bjerke videregående skole,Idrettsfag,0,Vg1,ID,2027,1,40.2,4.4,0.966,13,0
Oslo,Bjerke videregående skole,Studiespesialisering,0,Vg1,ST,2027,1,39.4,4.4,0.934,15,0
Oslo,Bjørnholt videregående skole,Elektro og datateknologi,0,Vg1,EL,2027,1,24.9,5.2,0.576,3,0
Oslo,Bjørnholt videregående skole,Informasjonsteknologi og medieproduksjon,0,Vg1,IM,2027,1,26.0,6.2,0.498,3,0
Oslo,Bjørnholt videregående skole,Studiespesialisering,0,Vg1,ST,2027,1,27.8,5.6,0.316,4,0
Oslo,Blindern videregående skole,Studiespesialisering,0,Vg1,ST,2027,1,39.4,4.4,0.937,13,0
Oslo,Edvard Munch videregående skole,"Frisør, blomster, interiør og eksponeringsdesign",0,Vg1,FD,2027,1,37.1,4.4,0.991,7,0
Oslo,Edvard Munch videregående skole,"Håndverk, design og produktutvikl. Søm/th SK 3 år",0,Vg1,DT,2027,1,46.1,3.3,0.984,7,0
Oslo,Edvard Munch videregående skole,"Håndverk, design og produkutvikl. Gull/sølv SK 3 år",0,Vg1,DT,2027,1,45.9,3.3,0.984,7,0
Oslo,Edvard Munch videregående skole,"Håndverk, design og produkutvikl. Trearb. SK 3 år",0,Vg1,DT,2027,1,43.6,4.4,0.984,7,0
Oslo,Edvard Munch videregående skole,"Kunst, design og arkitektur",0,Vg1,KD,2027,1,47.1,3.3,0.99,10,0
Oslo,Edvard Munch videregående skole,Studiespesialisering,0,Vg1,ST,2027,1,48.2,3.3,0.988,12,0
Oslo,Elvebakken videregående skole,"Elektro og datatekn. elenergi, SK 3 år",0,Vg1,EL,2027,1,46.3,3.3,0.994,6,0
Oslo,Elvebakken videregående skole,Elektro og datateknologi,0,Vg1,EL,2027,1,41.4,4.4,0.996,6,0
Oslo,Elvebakken videregående skole,Informasjonsteknologi og medieproduksjon,0,Vg1,IM,2027,1,43.5,4.4,0.993,7,0
Oslo,Elvebakken videregående skole,"Informasjonsteknologi og medieproduksjon, SK 3 år",0,Vg1,IM,2027,1,46.4,3.3,0.989,7,0
Oslo,Elvebakken videregående skole,"Kunst, design og arkitektur",0,Vg1,KD,2027,1,45.9,3.3,0.986,10,0
Oslo,Elvebakken videregående skole,Medier og kommunikasjon,0,Vg1,MK,2027,1,46.7,3.3,0.986,14,0
Oslo,Elvebakken videregående skole,Studiespesialisering,0,Vg1,ST,2027,1,50.3,3.3,0.984,15,0
Oslo,Etterstad videregående skole,Elektro og datateknologi,0,Vg1,EL,2027,1,32.8,4.4,0.914,6,0
Oslo,Etterstad videregående skole,Restaurant- og matfag,0,Vg1,RM,2027,1,22.5,4.7,0.644,11,0
Oslo,Etterstad videregående skole,"Salg, service og reiseliv",0,Vg1,SR,2027,1,20.5,5.2,0.63,3,0
Oslo,Etterstad videregående skole,Teknologi- og industrifag,0,Vg1,TP,2027,1,23.8,4.7,0.893,6,0
Oslo,Foss videregående skole,Studiespesialisering,0,Vg1,ST,2027,1,47.6,3.3,0.975,15,0
Oslo,Fyrstikkalleen skole,Informasjonsteknologi og medieproduksjon,0,Vg1,IM,2027,1,37.9,4.4,0.982,7,0
Oslo,Fyrstikkalleen skole,Medier og kommunikasjon,0,Vg1,MK,2027,1,40.6,4.4,0.965,14,0
Oslo,Fyrstikkalleen skole,Studiespesialisering,0,Vg1,ST,2027,1,43.4,4.4,0.959,15,0
Oslo,Hartvig Nissens skole,Studiespesialisering,0,Vg1,ST,2027,1,43.5,4.4,0.958,15,0
Oslo,Hellerud videregående skole,Bygg- og anleggsteknikk,0,Vg1,BA,2027,1,28.0,4.4,0.904,13,0
Oslo,Hellerud videregående skole,Studiespesialisering,0,Vg1,ST,2027,1,32.4,4.4,0.806,11,0
Oslo,Hersleb videregående skole,Helse- og oppvekstfag,0,Vg1,HS,2027,1,27.6,4.4,0.858,12,0
Oslo,Hersleb videregående skole,"Kunst, design og arkitektur",0,Vg1,KD,2027,1,30.6,5.2,0.42,1,0
Oslo,Hersleb videregående skole,Studiespesialisering,0,Vg1,ST,2027,1,35.1,4.9,0.28,2,0
Oslo,Kongshavn videregående skole,Studiespesialisering,0,Vg1,ST,2027,1,39.0,4.4,0.935,14,0
Oslo,Kuben videregående skole,Bygg- og anleggsteknikk,0,Vg1,BA,2027,1,35.7,4.4,0.967,12,0
Oslo,Kuben videregående skole,"Bygg- og anleggsteknikk, YSK 4 år",0,Vg1,BA,2027,1,38.9,5.6,0.972,12,0
Oslo,Kuben videregående skole,"Elektro og datatekn., autom, SK 3 år",0,Vg1,EL,2027,1,42.2,4.4,0.981,6,0
Oslo,Kuben videregående skole,Elektro og datateknologi,0,Vg1,EL,2027,1,38.6,4.4,0.987,6,0
Oslo,Kuben videregående skole,Helse- og oppvekstfag,0,Vg1,HS,2027,1,36.1,4.4,0.963,12,0
Oslo,Kuben videregående skole,"Helse- og oppvekstfag, YSK 4 år",0,Vg1,HS,2027,1,42.2,4.4,0.899,11,0
Oslo,Kuben videregående skole,Informasjonsteknologi og medieproduksjon,0,Vg1,IM,2027,1,36.4,4.4,0.978,7,0
Oslo,Kuben videregående skole,"Informasjonsteknologi og medieproduksjon, SK 3 år",0,Vg1,IM,2027,1,42.6,4.4,0.965,7,0
Oslo,Kuben videregående skole,Studiespesialisering,0,Vg1,ST,2027,1,40.8,4.4,0.952,14,0
Oslo,Kuben videregående skole,Teknologi- og industrifag,0,Vg1,TP,2027,1,36.1,4.4,0.981,6,0
Oslo,Lambertseter videregående skole,Idrettsfag,0,Vg1,ID,2027,1,44.5,4.4,0.982,13,0
Oslo,Lambertseter videregående skole,Studiespesialisering,0,Vg1,ST,2027,1,43.2,4.4,0.961,15,0
Oslo,Mølla videregående skole,Helse- og oppvekstfag,0,Vg1,HS,2027,1,35.6,5.2,0.964,1,0
Oslo,Mølla videregående skole,Studiespesialisering,0,Vg1,ST,2027,1,42.5,5.2,0.95,1,0
Oslo,Nydalen videregående skole,Helse- og oppvekstfag,0,Vg1,HS,2027,1,38.2,4.4,0.985,13,0
Oslo,Nydalen videregående skole,"Salg, service og reiseliv",0,Vg1,SR,2027,1,38.6,4.4,0.989,7,0
Oslo,Nydalen videregående skole,Studiespesialisering,0,Vg1,ST,2027,1,49.5,3.3,0.979,15,0
Oslo,Oslo Handelsgymnasium,Studiespesialisering,0,Vg1,ST,2027,1,39.0,4.4,0.941,15,0
Oslo,Oslo katedralskole,Studiespesialisering,0,Vg1,ST,2027,1,46.5,3.3,0.971,15,0
Oslo,Persbråten videregående skole,Idrettsfag,0,Vg1,ID,2027,1,40.8,4.4,0.959,13,0
Oslo,Persbråten videregående skole,Studiespesialisering,0,Vg1,ST,2027,1,40.0,4.4,0.85,12,0
Oslo,Stovner videregående skole,Bygg- og anleggsteknikk,0,Vg1,BA,2027,1,21.0,4.7,0.525,8,0
Oslo,Stovner videregående skole,Helse- og oppvekstfag,0,Vg1,HS,2027,1,24.2,4.7,0.573,7,0
Oslo,Stovner videregående skole,Naturbruk,0,Vg1,NA,2027,1,25.5,5.6,0.794,5,0
Oslo,Stovner videregående skole,Studiespesialisering,0,Vg1,ST,2027,1,28.7,4.4,0.287,4,0
Oslo,Stovner videregående skole,Teknologi- og industrifag,0,Vg1,TP,2027,1,24.1,4.7,0.705,4,0
Oslo,Ullern videregående skole,Elektro og datateknologi,0,Vg1,EL,2027,1,38.5,4.4,0.989,6,0
Oslo,Ullern videregående skole,"Helse- og oppvekstfag, helsearbeid, SK 3 år",0,Vg1,HS,2027,1,40.0,4.4,0.971,11,0
Oslo,Ullern videregående skole,Medier og kommunikasjon,0,Vg1,MK,2027,1,43.1,4.4,0.966,14,0
Oslo,Ullern videregående skole,Studiespesialisering,0,Vg1,ST,2027,1,45.6,3.3,0.96,15,0
Oslo,Ullern videregående skole,"Studiespesialisering, forskerlinje",0,Vg1,ST,2027,1,33.9,4.4,0.967,6,0
Oslo,Ulsrud videregående skole,Helse- og oppvekstfag,0,Vg1,HS,2027,1,25.3,4.4,0.33,5,0
Oslo,Ulsrud videregående skole,"Helse- og oppvekstfag, barne- og ungd.arbeiderfag, SK 3 år",0,Vg1,HS,2027,1,32.0,4.4,0.855,12,0
Oslo,Ulsrud videregående skole,"Helse/oppvekst, ambulanse, SK 3 år",0,Vg1,HS,2027,1,35.9,4.9,0.803,3,0
Oslo,Ulsrud videregående skole,Idrettsfag,0,Vg1,ID,2027,1,28.9,4.4,0.458,5,0
Oslo,Ulsrud videregående skole,Studiespesialisering,0,Vg1,ST,2027,1,28.1,6.2,0.312,3,0
Oslo,Valle Hovin videregående skole,Studiespesialisering,0,Vg1,ST,2027,1,45.5,3.3,0.967,10,0
Oslo,Vika videregående skole,Studiespesialisering,0,Vg1,ST,2027,1,43.7,4.4,0.958,6,0
Rogaland,Bergeland videregående skole,Helse- og oppvekstfag,0,Vg1,HS,2027,2,29.0,4.4,0.886,10,0
Rogaland,Bergeland videregående skole,"Helse- og oppvekstfag, SK 3 år",0,Vg1,HS,2027,2,39.4,4.4,0.924,5,0
Rogaland,Bergeland videregående skole,"Kunst, design og arkitektur",0,Vg1,KD,2027,2,31.5,4.4,0.845,9,0
Rogaland,Bergeland videregående skole,Medier og kommunikasjon,0,Vg1,MK,2027,2,31.2,5.6,0.746,6,0
Rogaland,Bergeland videregående skole,Barne- og ungdomsarbeider,0,Vg2,HS,2027,2,30.9,6.2,0.637,6,0
Rogaland,Bergeland videregående skole,"Barne- og ungdomsarbeiderfag, SK 3 år",0,Vg2,HS,2027,2,36.6,5.9,0.56,1,0
Rogaland,Bergeland videregående skole,Helsearbeiderfag,0,Vg2,HS,2027,2,26.8,6.2,0.87,9,0
Rogaland,Bergeland videregående skole,"Helsearbeiderfag, SK 3 år",0,Vg2,HS,2027,2,33.8,6.9,0.629,2,0
Rogaland,Bergeland videregående skole,Helseservicefag,0,Vg2,HS,2027,2,27.8,5.0,0.862,9,0
Rogaland,Bergeland videregående skole,"Kunst, design og arkitektur",1,Vg2,KD,2027,2,29.1,5.9,0.364,1,0
Rogaland,Bergeland videregående skole,Medier og kommunikasjon,1,Vg2,MK,2027,2,29.7,6.7,0.227,0,0
Rogaland,Bergeland videregående skole,Apotekteknikk,0,Vg3,HS,2027,2,27.3,5.0,0.612,4,0
Rogaland,Bergeland videregående skole,Helsesekretær,0,Vg3,HS,2027,2,32.8,5.0,0.636,5,0
Rogaland,Bergeland videregående skole,Tannhelsesekretær,0,Vg3,HS,2027,2,27.0,5.0,0.604,4,0
Rogaland,Bryne vidaregåande skule,Bygg- og anleggsteknikk,0,Vg1,BA,2027,2,29.7,4.4,0.915,10,0
Rogaland,Bryne vidaregåande skule,Helse- og oppvekstfag,0,Vg1,HS,2027,2,30.6,4.4,0.911,10,0
Rogaland,Bryne vidaregåande skule,Idrettsfag,0,Vg1,ID,2027,2,36.1,5.6,0.809,8,0
Rogaland,Bryne vidaregåande skule,Restaurant- og matfag,0,Vg1,RM,2027,2,27.4,4.4,0.86,9,0
Rogaland,Bryne vidaregåande skule,"Salg, service og reiseliv",0,Vg1,SR,2027,2,30.2,4.4,0.924,7,0
Rogaland,Bryne vidaregåande skule,Studiespesialisering,0,Vg1,ST,2027,2,36.0,4.4,0.785,8,0
Rogaland,Bryne vidaregåande skule,Teknologi- og industrifag,0,Vg1,TP,2027,2,32.3,4.4,0.939,8,0
Rogaland,Bryne vidaregåande skule,Baker og Konditor,0,Vg2,RM,2027,2,28.5,5.9,0.494,1,0
Rogaland,Bryne vidaregåande skule,Barne- og ungdomsarbeider,0,Vg2,HS,2027,2,31.8,5.0,0.643,4,0
Rogaland,Bryne vidaregåande skule,Betong og Mur,0,Vg2,BA,2027,2,29.3,5.5,0.667,3,0
Rogaland,Bryne vidaregåande skule,Helsearbeiderfag,0,Vg2,HS,2027,2,32.6,6.2,0.908,10,0
Rogaland,Bryne vidaregåande skule,Idrettsfag,1,Vg2,ID,2027,2,27.7,5.5,0.601,3,0
Rogaland,Bryne vidaregåande skule,Industriteknologi,0,Vg2,TP,2027,2,33.4,5.0,0.921,10,0
Rogaland,Bryne vidaregåande skule,Kokk og servitørfag,0,Vg2,RM,2027,2,25.0,5.8,0.499,2,0
Rogaland,Bryne vidaregåande skule,Matproduksjon,0,Vg2,RM,2027,2,30.6,6.7,0.249,0,0
Rogaland,Bryne vidaregåande skule,Realfag,0,Vg2,ST,2027,2,34.9,5.0,0.682,6,0
Rogaland,Bryne vidaregåande skule,Rørlegger,0,Vg2,BA,2027,2,31.9,5.0,0.905,6,0
Rogaland,Bryne vidaregåande skule,Salg og Reiseliv,0,Vg2,SR,2027,2,28.7,5.5,0.697,2,0
Rogaland,Bryne vidaregåande skule,Salg service og reiseliv,0,Vg2,SR,2027,2,26.8,5.9,0.821,1,0
Rogaland,Bryne vidaregåande skule,"Service, sikkerhet og administrasjon",0,Vg2,SR,2027,2,28.9,5.5,0.637,2,0
Rogaland,Bryne vidaregåande skule,"Språk, samfunn og økonomi",0,Vg2,ST,2027,2,30.9,5.0,0.821,7,0
Rogaland,Bryne vidaregåande skule,Transport og logistikk,0,Vg2,TP,2027,2,28.0,5.0,0.767,7,0
Rogaland,Bryne vidaregåande skule,Tømrer,0,Vg2,BA,2027,2,31.9,5.0,0.848,5,0
Rogaland,Bryne vidaregåande skule,Påbygg til generell studiekompetanse,0,Vg3,PB,2027,2,36.7,6.2,0.945,11,0
Rogaland,Bryne vidaregåande skule,"Påbygg etter yrkeskompetanse, dagtid",0,Vg4,PB,2027,2,37.3,6.2,0.906,9,0
Rogaland,Dalane videregående skole,Bygg- og anleggsteknikk,0,Vg1,BA,2027,2,27.0,4.4,0.724,5,0
Rogaland,Dalane videregående skole,Elektro og datateknologi,0,Vg1,EL,2027,2,31.6,4.4,0.852,7,0
Rogaland,Dalane videregående skole,Helse- og oppvekstfag,0,Vg1,HS,2027,2,27.3,5.6,0.776,9,0
Rogaland,Dalane videregående skole,"Salg, service og reiseliv",0,Vg1,SR,2027,2,27.8,5.6,0.721,4,0
Rogaland,Dalane videregående skole,Studiespesialisering,0,Vg1,ST,2027,2,34.3,5.2,0.277,1,0
Rogaland,Dalane videregående skole,Teknologi- og industrifag,0,Vg1,TP,2027,2,29.8,4.4,0.81,6,0
Rogaland,Dalane videregående skole,Anleggsteknikk,0,Vg2,BA,2027,2,32.0,5.5,0.839,2,0
Rogaland,Dalane videregående skole,Automatisering,0,Vg2,EL,2027,2,32.6,5.5,0.601,3,0
Rogaland,Dalane videregående skole,Barne- og ungdomsarbeider,0,Vg2,HS,2027,2,29.8,5.5,0.352,2,0
Rogaland,Dalane videregående skole,Elenergi og ekom,0,Vg2,EL,2027,2,33.9,5.0,0.794,6,0
Rogaland,Dalane videregående skole,Helsearbeiderfag,0,Vg2,HS,2027,2,30.7,5.5,0.492,3,0
Rogaland,Dalane videregående skole,Industriteknologi,0,Vg2,TP,2027,2,26.1,5.0,0.664,5,0
Rogaland,Dalane videregående skole,Kjøretøy,0,Vg2,TP,2027,2,24.3,5.3,0.564,6,0
Rogaland,Dalane videregående skole,Realfag,0,Vg2,ST,2027,2,32.7,5.9,0.361,1,0
Rogaland,Dalane videregående skole,Salg og reiseliv,0,Vg2,SR,2027,2,27.7,5.9,0.477,1,0
Rogaland,Dalane videregående skole,Salg service og reiseliv,0,Vg2,SR,2027,2,26.9,6.7,0.352,0,0
Rogaland,Dalane videregående skole,"Service, sikkerhet og administrasjon",0,Vg2,SR,2027,2,26.9,5.9,0.368,1,0
Rogaland,Dalane videregående skole,"Språk, samfunn og økonomi",0,Vg2,ST,2027,2,29.8,5.9,0.289,1,0
Rogaland,Dalane videregående skole,Tømrer,0,Vg2,BA,2027,2,28.9,5.0,0.756,5,0
Rogaland,Dalane videregående skole,Påbygg til generell studiekompetanse,0,Vg3,PB,2027,2,32.9,6.2,0.792,8,0
Rogaland,Dalane videregående skole,Påbygg gen studiekom e/yrkeskomp (PBPBY4YK),0,Vg4,PB,2027,2,33.6,5.9,0.502,1,0
Rogaland,Gand videregående skole,Bygg- og anleggsteknikk,0,Vg1,BA,2027,2,30.7,4.4,0.876,9,0
Rogaland,Gand videregående skole,Elektro og datateknologi,0,Vg1,EL,2027,2,36.8,4.4,0.955,8,0
Rogaland,Gand videregående skole,Helse- og oppvekstfag,0,Vg1,HS,2027,2,32.5,4.4,0.916,11,0
Rogaland,Gand videregående skole,IT og medieproduksjon,0,Vg1,IM,2027,2,34.4,4.4,0.946,7,0
Rogaland,Gand videregående skole,"Salg, service og reiseliv",0,Vg1,SR,2027,2,31.7,4.4,0.929,7,0
Rogaland,Gand videregående skole,Teknologi- og industrifag,0,Vg1,TP,2027,2,34.7,4.4,0.943,8,0
Rogaland,Gand videregående skole,Automatisering,0,Vg2,EL,2027,2,42.0,4.9,0.949,10,0
Rogaland,Gand videregående skole,Barne- og ungdomsarbeider,0,Vg2,HS,2027,2,32.3,6.2,0.499,4,0
Rogaland,Gand videregående skole,Betong og Mur,0,Vg2,BA,2027,2,29.9,5.0,0.841,5,0
Rogaland,Gand videregående skole,"Bilskade, lakk og karosseri",0,Vg2,TP,2027,2,26.7,5.0,0.849,9,0
Rogaland,Gand videregående skole,Datateknologi og elektronikk,0,Vg2,EL,2027,2,33.7,5.0,0.902,7,0
Rogaland,Gand videregående skole,Elenergi og ekom,0,Vg2,EL,2027,2,40.3,4.9,0.955,8,0
Rogaland,Gand videregående skole,Helsearbeiderfag,0,Vg2,HS,2027,2,33.7,5.0,0.913,11,0
Rogaland,Gand videregående skole,Industriteknologi,0,Vg2,TP,2027,2,36.8,5.5,0.906,3,0
Rogaland,Gand videregående skole,Informasjonsteknologi,0,Vg2,IM,2027,2,35.1,5.9,0.491,1,0
Rogaland,Gand videregående skole,Kjøretøy,0,Vg2,TP,2027,2,30.0,5.0,0.873,10,0
Rogaland,Gand videregående skole,Salg og Reiseliv,0,Vg2,SR,2027,2,33.2,6.2,0.904,6,0
Rogaland,Gand videregående skole,Service og sikkerhet og administrasjon,0,Vg2,SR,2027,2,35.4,5.5,0.442,2,0
Rogaland,Gand videregående skole,Transport og logistikk,0,Vg2,TP,2027,2,28.5,6.2,0.84,9,0
Rogaland,Gand videregående skole,Tømrer,0,Vg2,BA,2027,2,29.7,6.2,0.913,6,0
Rogaland,Gand videregående skole,Automatiseringsfaget,0,Vg3,EL,2027,2,39.1,5.0,0.578,6,0
Rogaland,Gand videregående skole,Påbygg til generell studiekompetanse,0,Vg3,PB,2027,2,37.2,5.0,0.949,11,0
Rogaland,Gand videregående skole,"Påbygg etter yrkeskompetanse, dagtid",0,Vg4,PB,2027,2,36.3,5.0,0.819,8,0
Rogaland,Godalen videregående skole,Bygg- og anleggsteknikk,0,Vg1,BA,2027,2,24.5,4.7,0.73,7,0
Rogaland,Godalen videregående skole,"Elektro og data, automatisering og robotikk, SK 3 år",0,Vg1,EL,2027,2,36.1,5.6,0.896,4,0
Rogaland,Godalen videregående skole,Elektro og datateknologi,0,Vg1,EL,2027,2,31.9,4.4,0.881,7,0
Rogaland,Godalen videregående skole,"Frisør, blomst, int.eksp. design",0,Vg1,FD,2027,2,24.6,4.7,0.806,6,0
Rogaland,Godalen videregående skole,"Håndverk, design, produktutvikling",0,Vg1,DT,2027,2,27.1,5.6,0.623,4,0
Rogaland,Godalen videregående skole,"Salg, service og reiseliv",0,Vg1,SR,2027,2,29.2,4.4,0.755,4,0
Rogaland,Godalen videregående skole,Teknologi- og industrifag,0,Vg1,TP,2027,2,29.7,4.4,0.825,6,0
Rogaland,Godalen videregående skole,Automatisering,0,Vg2,EL,2027,2,38.4,5.0,0.852,8,0
Rogaland,Godalen videregående skole,"Automatisering, SK 3 år",0,Vg2,EL,2027,2,35.5,6.7,0.375,0,0
Rogaland,Godalen videregående skole,Betong og Mur,0,Vg2,BA,2027,2,25.5,5.9,0.377,1,0
Rogaland,Godalen videregående skole,Blomsterdekoratør,0,Vg2,FD,2027,2,26.9,6.9,0.43,2,0
Rogaland,Godalen videregående skole,Brønnteknikk,0,Vg2,TP,2027,2,42.6,4.9,0.903,4,0
Rogaland,Godalen videregående skole,Elenergi og ekom,0,Vg2,EL,2027,2,33.6,5.0,0.866,7,0
Rogaland,Godalen videregående skole,Frisør,0,Vg2,FD,2027,2,25.7,5.9,0.304,1,0
Rogaland,Godalen videregående skole,Industriteknologi,0,Vg2,TP,2027,2,31.6,5.0,0.708,6,0
Rogaland,Godalen videregående skole,Kjemiprosess- og laboratoriefag,0,Vg2,TP,2027,2,40.6,4.9,0.896,4,0
Rogaland,Godalen videregående skole,"Kulde , varmepumpe-, vent.teknologi",0,Vg2,EL,2027,2,32.4,5.0,0.86,5,0
Rogaland,Godalen videregående skole,Overflateteknikk,0,Vg2,BA,2027,2,27.6,6.7,0.246,0,0
Rogaland,Godalen videregående skole,Salg og Reiseliv,0,Vg2,SR,2027,2,29.2,5.5,0.618,2,0
Rogaland,Godalen videregående skole,"Salg, service og reiseliv",1,Vg2,SR,2027,2,25.2,5.9,0.692,1,0
Rogaland,Godalen videregående skole,"Service, sikkerhet og administrasjon",0,Vg2,SR,2027,2,28.2,5.9,0.464,1,0
Rogaland,Godalen videregående skole,Søm og tekstilhåndverk,0,Vg2,DT,2027,2,30.6,5.9,0.45,1,0
Rogaland,Godalen videregående skole,Treteknikk,0,Vg2,BA,2027,2,29.3,5.9,0.324,1,0
Rogaland,Godalen videregående skole,Tømrer,0,Vg2,BA,2027,2,24.9,5.8,0.616,2,0
Rogaland,Godalen videregående skole,Automatiseringsfaget,0,Vg3,EL,2027,2,33.6,5.5,0.432,2,0
Rogaland,Godalen videregående skole,"Påbygg etter yrkeskompetanse, dagtid",0,Vg4,PB,2027,2,33.0,6.9,0.505,3,0
Rogaland,Haugaland videregående skole,Bygg- og anleggsteknikk,0,Vg1,BA,2027,2,23.6,4.7,0.66,5,0
Rogaland,Haugaland videregående skole,"Frisør, blomst, int, eksp.design",0,Vg1,FD,2027,2,31.1,4.4,0.748,4,0
Rogaland,Haugaland videregående skole,"Helse og oppvekstfag, toppidrett",0,Vg1,HS,2027,2,34.0,4.9,0.639,3,0
Rogaland,Haugaland videregående skole,Helse- og oppvekstfag,0,Vg1,HS,2027,2,26.1,4.4,0.738,8,0
Rogaland,Haugaland videregående skole,IT og medieproduksjon,0,Vg1,IM,2027,2,33.7,4.4,0.802,6,0
Rogaland,Haugaland videregående skole,"Kunst, design og arkitektur",0,Vg1,KD,2027,2,33.2,4.4,0.618,4,0
Rogaland,Haugaland videregående skole,"Salg, service og reiseliv",0,Vg1,SR,2027,2,30.0,4.4,0.881,7,0
Rogaland,Haugaland videregående skole,Teknologi- og industrifag,0,Vg1,TP,2027,2,26.8,4.4,0.865,7,0
Rogaland,Haugaland videregående skole,Anleggsteknikk,0,Vg2,BA,2027,2,34.1,5.5,0.878,3,0
Rogaland,Haugaland videregående skole,Barne- og ungdomsarbeider,0,Vg2,HS,2027,2,29.2,5.0,0.643,5,0
Rogaland,Haugaland videregående skole,Betong og Mur,0,Vg2,BA,2027,2,25.9,6.7,0.281,0,0
Rogaland,Haugaland videregående skole,Frisør,0,Vg2,FD,2027,2,26.4,5.0,0.657,4,0
Rogaland,Haugaland videregående skole,Helsearbeiderfag,0,Vg2,HS,2027,2,28.6,6.2,0.695,7,0
Rogaland,Haugaland videregående skole,Industriteknologi,0,Vg2,TP,2027,2,24.8,5.8,0.568,3,0
Rogaland,Haugaland videregående skole,Informasjonsteknologi,0,Vg2,IM,2027,2,29.7,5.5,0.663,3,0
Rogaland,Haugaland videregående skole,Interiør og eksponeringsdesign,0,Vg2,FD,2027,2,29.6,6.7,0.293,0,0
Rogaland,Haugaland videregående skole,Kjøretøy,0,Vg2,TP,2027,2,26.9,6.2,0.644,8,0
Rogaland,Haugaland videregående skole,"Kunst, design og arkitektur",1,Vg2,KD,2027,2,29.8,5.9,0.285,1,0
Rogaland,Haugaland videregående skole,Medieproduksjon,0,Vg2,IM,2027,2,32.2,5.9,0.495,1,0
Rogaland,Haugaland videregående skole,"Salg , service og reiseliv",0,Vg2,SR,2027,2,30.6,6.7,0.339,0,0
Rogaland,Haugaland videregående skole,Salg og Reiseliv,0,Vg2,SR,2027,2,28.5,5.9,0.473,1,0
Rogaland,Haugaland videregående skole,"Service, sikkerhet og administrasjon",0,Vg2,SR,2027,2,29.8,5.9,0.463,1,0
Rogaland,Haugaland videregående skole,Transport og logistikk,0,Vg2,TP,2027,2,27.0,5.0,0.815,9,0
Rogaland,Haugaland videregående skole,Tømrer,0,Vg2,BA,2027,2,29.3,5.9,0.504,1,0
Rogaland,Haugaland videregående skole,Interiør,0,Vg3,FD,2027,2,29.1,6.7,0.25,0,0
Rogaland,Haugaland videregående skole,Påbygg til generell studiekompetanse,0,Vg3,PB,2027,2,35.9,5.0,0.809,8,0
Rogaland,Haugaland videregående skole,"Påbygg etter yrkeskompetanse, dagtid",0,Vg4,PB,2027,2,35.5,5.0,0.759,7,0
Rogaland,Hetland videregående skole,Medier og kommunikasjon,0,Vg1,MK,2027,2,37.7,4.4,0.747,7,0
Rogaland,Hetland videregående skole,Studiespesialisering,0,Vg1,ST,2027,2,40.4,4.4,0.9,11,0
Rogaland,Hetland videregående skole,Medier og kommunikasjon,1,Vg2,MK,2027,2,33.5,6.7,0.28,0,0
Rogaland,Hetland videregående skole,Realfag,0,Vg2,ST,2027,2,36.4,5.0,0.842,9,0
Rogaland,Hetland videregående skole,"Språk, samfunn og økonomi",0,Vg2,ST,2027,2,34.9,5.0,0.897,10,0
Rogaland,Jåttå videregående skole,"Bygg og anleggsteknikk, toppidrett",0,Vg1,BA,2027,2,35.6,4.4,0.917,7,0
Rogaland,Jåttå videregående skole,Bygg- og anleggsteknikk,0,Vg1,BA,2027,2,32.1,4.4,0.913,10,0
Rogaland,Jåttå videregående skole,Elektro og datateknologi,0,Vg1,EL,2027,2,37.9,4.4,0.949,8,0
Rogaland,Jåttå videregående skole,Helse og oppvekstfag m/toppidrett,0,Vg1,HS,2027,2,34.0,4.4,0.913,5,0
Rogaland,Jåttå videregående skole,Helse- og oppvekstfag,0,Vg1,HS,2027,2,35.2,4.4,0.908,11,0
Rogaland,Jåttå videregående skole,Idrettsfag,0,Vg1,ID,2027,2,41.6,4.4,0.928,11,0
Rogaland,Jåttå videregående skole,Restaurant- og matfag,0,Vg1,RM,2027,2,26.0,4.4,0.825,9,0
Rogaland,Jåttå videregående skole,Automatisering,0,Vg2,EL,2027,2,43.3,4.9,0.943,11,0
Rogaland,Jåttå videregående skole,Baker og konditor,0,Vg2,RM,2027,2,31.1,5.5,0.549,2,0
Rogaland,Jåttå videregående skole,Barne- og ungdomsarbeider,0,Vg2,HS,2027,2,34.0,5.0,0.903,11,0
Rogaland,Jåttå videregående skole,Elenergi og ekom,0,Vg2,EL,2027,2,39.1,5.0,0.949,8,0
Rogaland,Jåttå videregående skole,Fotterapi og ortopediteknikk,0,Vg2,HS,2027,2,30.1,5.9,0.536,1,0
Rogaland,Jåttå videregående skole,Helsearbeiderfag,0,Vg2,HS,2027,2,34.6,6.2,0.904,10,0
Rogaland,Jåttå videregående skole,Hudpleie,0,Vg2,HS,2027,2,40.7,4.9,0.925,11,0
Rogaland,Jåttå videregående skole,Idrettsfag,1,Vg2,ID,2027,2,33.5,5.0,0.78,8,0
Rogaland,Jåttå videregående skole,"Klima, energi og miljøteknikk",0,Vg2,BA,2027,2,29.0,6.9,0.51,3,0
Rogaland,Jåttå videregående skole,Kokk og servitørfag,0,Vg2,RM,2027,2,28.7,6.9,0.62,3,0
Rogaland,Jåttå videregående skole,Rørlegger,0,Vg2,BA,2027,2,29.3,6.2,0.902,6,0
Rogaland,Jåttå videregående skole,Tømrer,0,Vg2,BA,2027,2,31.4,5.0,0.905,6,0
Rogaland,Jåttå videregående skole,"Tømrer, toppidrett",0,Vg2,BA,2027,2,33.2,5.5,0.612,2,0
Rogaland,Jåttå videregående skole,Automatiseringsfaget,0,Vg3,EL,2027,2,34.5,5.0,0.784,8,0
Rogaland,Jåttå videregående skole,Fotterapi,1,Vg3,HS,2027,2,35.9,6.7,0.361,0,0
Rogaland,Jåttå videregående skole,Hudpleier,0,Vg3,HS,2027,2,32.0,6.7,0.342,0,0
Rogaland,Jåttå videregående skole,Påbygg til generell studiekompetanse,0,Vg3,PB,2027,2,35.6,5.0,0.942,11,0
Rogaland,Jåttå videregående skole,"Påbygg etter yrkeskompetanse, dagtid",0,Vg4,PB,2027,2,37.9,5.0,0.664,6,0
Rogaland,Jåttå videregående skole,"Påbygg gen studiekompetanse, kveld",0,Vg4,PB,2027,2,38.0,6.7,0.381,0,0
Rogaland,Karmsund videregående skole,Elektro og datateknologi,0,Vg1,EL,2027,2,36.2,4.4,0.926,8,0
Rogaland,Karmsund videregående skole,Helse- og oppvekstfag,0,Vg1,HS,2027,2,32.2,4.4,0.844,9,0
Rogaland,Karmsund videregående skole,Restaurant- og matfag,0,Vg1,RM,2027,2,28.6,4.9,0.465,3,0
Rogaland,Karmsund videregående skole,Teknologi- og industrifag,0,Vg1,TP,2027,2,32.7,4.4,0.911,8,0
Rogaland,Karmsund videregående skole,Baker og konditor,0,Vg2,RM,2027,2,29.1,5.5,0.673,3,0
Rogaland,Karmsund videregående skole,Elenergi og ekom,0,Vg2,EL,2027,2,37.3,5.0,0.925,8,0
Rogaland,Karmsund videregående skole,Helsearbeiderfag,0,Vg2,HS,2027,2,32.1,5.5,0.48,3,0
Rogaland,Karmsund videregående skole,Helseservicefag,0,Vg2,HS,2027,2,30.4,6.9,0.443,2,0
Rogaland,Karmsund videregående skole,Industriteknologi,0,Vg2,TP,2027,2,34.0,5.5,0.836,2,0
Rogaland,Karmsund videregående skole,Kjemiprosess- og laboratoriefag,0,Vg2,TP,2027,2,42.3,4.9,0.924,8,0
Rogaland,Karmsund videregående skole,Kokk og servitørfag,0,Vg2,RM,2027,2,26.6,5.5,0.477,3,0
Rogaland,Karmsund videregående skole,Maritime fag,0,Vg2,TP,2027,2,35.9,5.0,0.934,10,0
Rogaland,Karmsund videregående skole,Apotekteknikk,0,Vg3,HS,2027,2,29.2,5.5,0.438,2,0
Rogaland,Karmsund videregående skole,Helsesekretær,0,Vg3,HS,2027,2,32.9,5.5,0.378,2,0
Rogaland,Karmsund videregående skole,Maritime elektrikerfaget,0,Vg3,EL,2027,2,39.6,5.0,0.887,8,0
Rogaland,Karmsund videregående skole,Tannhelsesekretær,0,Vg3,HS,2027,2,29.5,6.7,0.295,0,0
Rogaland,Karmsund videregående skole,"Påbygg etter yrkeskompetanse, dagtid",0,Vg4,PB,2027,2,35.4,5.5,0.54,3,0
Rogaland,Kopervik videregående skole,Idrettsfag,0,Vg1,ID,2027,2,34.7,4.9,0.451,2,0
Rogaland,Kopervik videregående skole,Studiespesialisering,0,Vg1,ST,2027,2,33.8,4.9,0.495,2,0
Rogaland,Kopervik videregående skole,Idrettsfag,1,Vg2,ID,2027,2,28.8,6.7,0.189,0,0
Rogaland,Kopervik videregående skole,Realfag,0,Vg2,ST,2027,2,32.0,6.9,0.371,2,0
Rogaland,Kopervik videregående skole,"Språk, samfunn og økonomi",0,Vg2,ST,2027,2,28.9,5.0,0.593,5,0
Rogaland,Kopervik videregående skole,Påbygg til generell studiekompetanse,0,Vg3,PB,2027,2,29.9,6.2,0.661,7,0
Rogaland,Kopervik videregående skole,"Påbygg etter yrkeskompetanse, dagtid",0,Vg4,PB,2027,2,32.1,6.9,0.336,2,0
Rogaland,Randaberg videregående skole,Elektro og datateknologi,0,Vg1,EL,2027,2,28.9,4.4,0.911,8,0
Rogaland,Randaberg videregående skole,Helse- og oppvekstfag,0,Vg1,HS,2027,2,26.8,4.9,0.409,3,0
Rogaland,Randaberg videregående skole,Studiespesialisering,0,Vg1,ST,2027,2,32.4,6.2,0.348,2,0
Rogaland,Randaberg videregående skole,Teknologi- og industrifag,0,Vg1,TP,2027,2,24.8,5.9,0.856,7,0
Rogaland,Randaberg videregående skole,Barne- og ungdomsarbeider,0,Vg2,HS,2027,2,27.3,5.0,0.543,5,0
Rogaland,Randaberg videregående skole,Elenergi og ekom,0,Vg2,EL,2027,2,28.9,5.0,0.737,4,0
Rogaland,Randaberg videregående skole,Helsearbeiderfag,0,Vg2,HS,2027,2,28.2,6.2,0.556,5,0
Rogaland,Randaberg videregående skole,Industriteknologi,0,Vg2,TP,2027,2,26.3,5.0,0.878,10,0
Rogaland,Randaberg videregående skole,Kjøretøy,0,Vg2,TP,2027,2,24.7,5.3,0.621,7,0
Rogaland,Randaberg videregående skole,Realfag,0,Vg2,ST,2027,2,31.0,5.5,0.38,3,0
Rogaland,Randaberg videregående skole,"Språk, samfunn og økonomi",0,Vg2,ST,2027,2,27.7,5.0,0.686,7,0
Rogaland,Randaberg videregående skole,Påbygg til generell studiekompetanse,0,Vg3,PB,2027,2,32.0,6.2,0.904,11,0
Rogaland,Randaberg videregående skole,"Påbygg etter yrkeskompetanse, dagtid",0,Vg4,PB,2027,2,33.7,5.0,0.617,6,0
Rogaland,Sandnes videregående skole,Idrettsfag,0,Vg1,ID,2027,2,42.5,4.4,0.943,11,0
Rogaland,Sandnes videregående skole,Studiespesialisering,0,Vg1,ST,2027,2,38.3,4.4,0.91,12,0
Rogaland,Sandnes videregående skole,Idrettsfag,1,Vg2,ID,2027,2,32.3,5.0,0.841,8,0
Rogaland,Sandnes videregående skole,Realfag,0,Vg2,ST,2027,2,33.2,6.2,0.702,6,0
Rogaland,Sandnes videregående skole,"Språk, samfunn og økonomi",0,Vg2,ST,2027,2,33.3,5.0,0.881,9,0
Rogaland,Sauda vidaregåande skule,Bygg- og anleggsteknikk,0,Vg1,BA,2027,2,29.5,6.2,0.498,3,0
Rogaland,Sauda vidaregåande skule,Elektro og datateknologi,0,Vg1,EL,2027,2,33.7,4.4,0.696,4,0
Rogaland,Sauda vidaregåande skule,Helse- og oppvekstfag,0,Vg1,HS,2027,2,29.1,4.4,0.472,4,0
Rogaland,Sauda vidaregåande skule,Idrettsfag,0,Vg1,ID,2027,2,38.7,5.2,0.305,1,0
Rogaland,Sauda vidaregåande skule,Studiespesialisering,0,Vg1,ST,2027,2,37.3,6.0,0.208,0,0
Rogaland,Sauda vidaregåande skule,Teknologi- og industrifag,0,Vg1,TP,2027,2,31.8,4.9,0.804,3,0
Rogaland,Sauda vidaregåande skule,Ambulansefag,0,Vg2,HS,2027,2,50.3,3.7,0.888,11,0
Rogaland,Sauda vidaregåande skule,Barne- og ungdomsarbeider,0,Vg2,HS,2027,2,31.6,5.9,0.309,1,0
Rogaland,Sauda vidaregåande skule,Elenergi og ekom,0,Vg2,EL,2027,2,34.2,5.9,0.486,1,0
Rogaland,Sauda vidaregåande skule,Helsearbeiderfag,0,Vg2,HS,2027,2,31.8,6.9,0.489,2,0
Rogaland,Sauda vidaregåande skule,Idrettsfag,1,Vg2,ID,2027,2,32.5,6.7,0.181,0,0
Rogaland,Sauda vidaregåande skule,Industriteknologi,0,Vg2,TP,2027,2,31.1,5.0,0.598,5,0
Rogaland,Sauda vidaregåande skule,Kjemiprosess og laboratoriefag,0,Vg2,TP,2027,2,37.6,5.0,0.881,6,0
Rogaland,Sauda vidaregåande skule,Realfag,0,Vg2,ST,2027,2,35.1,6.7,0.201,0,0
Rogaland,Sauda vidaregåande skule,"Språk, samfunn og økonomi",0,Vg2,ST,2027,2,32.6,5.9,0.267,1,0
Rogaland,Sauda vidaregåande skule,Transport og logistikk,0,Vg2,TP,2027,2,27.1,5.5,0.498,3,0
Rogaland,Sauda vidaregåande skule,Tømrer,0,Vg2,BA,2027,2,30.2,6.7,0.262,0,0
Rogaland,Sauda vidaregåande skule,"Påbygg etter yrkeskompetanse, nett",0,Vg4,PB,2027,2,38.5,5.0,0.557,5,0
Rogaland,Skeisvang videregående skole,Dans,0,Vg1,MD,2027,2,39.3,4.4,0.551,6,0
Rogaland,Skeisvang videregående skole,Drama,0,Vg1,MD,2027,2,34.9,5.2,0.291,1,0
Rogaland,Skeisvang videregående skole,Musikk,0,Vg1,MD,2027,2,41.1,4.4,0.715,7,0
Rogaland,Skeisvang videregående skole,Studiespesialisering,0,Vg1,ST,2027,2,38.9,4.4,0.726,9,0
Rogaland,Skeisvang videregående skole,Dans,1,Vg2,MD,2027,2,37.5,6.7,0.233,0,0
Rogaland,Skeisvang videregående skole,Drama,1,Vg2,MD,2027,2,36.6,6.7,0.218,0,0
Rogaland,Skeisvang videregående skole,Musikk,1,Vg2,MD,2027,2,31.2,5.9,0.4,1,0
Rogaland,Skeisvang videregående skole,Realfag,0,Vg2,ST,2027,2,35.1,5.0,0.517,5,0
Rogaland,Skeisvang videregående skole,"Språk, samfunn og økonomi",0,Vg2,ST,2027,2,31.4,5.0,0.746,8,0
Rogaland,Sola videregående skole,Elektro og datateknologi,0,Vg1,EL,2027,2,31.3,4.4,0.918,8,0
Rogaland,Sola videregående skole,Idrettsfag,0,Vg1,ID,2027,2,33.1,4.4,0.653,5,0
Rogaland,Sola videregående skole,Studiespesialisering,0,Vg1,ST,2027,2,34.4,4.9,0.409,2,0
Rogaland,Sola videregående skole,Teknologi- og industrifag,0,Vg1,TP,2027,2,29.6,4.4,0.903,8,0
Rogaland,Sola videregående skole,Dronefag,0,Vg2,EL,2027,2,30.4,5.0,0.904,4,0
Rogaland,Sola videregående skole,Elenergi og ekom,0,Vg2,EL,2027,2,35.1,5.5,0.886,2,0
Rogaland,Sola videregående skole,"Flyfag, Landslinje",0,Vg2,EL,2027,2,44.3,4.9,0.92,12,0
Rogaland,Sola videregående skole,Idrettsfag,1,Vg2,ID,2027,2,29.5,6.7,0.262,0,0
Rogaland,Sola videregående skole,Industriteknologi,0,Vg2,TP,2027,2,29.0,5.0,0.72,7,0
Rogaland,Sola videregående skole,Realfag,0,Vg2,ST,2027,2,29.5,5.0,0.611,5,0
Rogaland,Sola videregående skole,"Språk, samfunn og økonomi",0,Vg2,ST,2027,2,27.5,5.0,0.739,7,0
Rogaland,St. Olav videregående skole,Studiespesialisering,0,Vg1,ST,2027,2,42.2,4.4,0.881,11,0
Rogaland,St. Olav videregående skole,Realfag,0,Vg2,ST,2027,2,39.5,5.0,0.93,11,0
Rogaland,St. Olav videregående skole,"Språk, samfunn og økonomi",0,Vg2,ST,2027,2,39.4,5.0,0.918,9,0
Rogaland,St. Svithun videregående skole,Idrettsfag,0,Vg1,ID,2027,2,42.9,4.4,0.951,11,0
Rogaland,St. Svithun videregående skole,Studiespesialisering,0,Vg1,ST,2027,2,41.9,4.4,0.92,12,0
Rogaland,St. Svithun videregående skole,Idrettsfag,1,Vg2,ID,2027,2,34.2,6.2,0.769,7,0
Rogaland,St. Svithun videregående skole,Realfag,0,Vg2,ST,2027,2,39.3,5.0,0.798,8,0
Rogaland,St. Svithun videregående skole,"Språk, samfunn og økonomi",0,Vg2,ST,2027,2,34.5,5.0,0.895,9,0
Rogaland,Stavanger Katedralskole,Dans,0,Vg1,MD,2027,2,41.7,4.4,0.91,11,0
Rogaland,Stavanger Katedralskole,Drama,0,Vg1,MD,2027,2,38.4,5.6,0.819,10,0
Rogaland,Stavanger Katedralskole,Musikk,0,Vg1,MD,2027,2,45.2,3.3,0.878,11,0
Rogaland,Stavanger Katedralskole,Studiespesialisering,0,Vg1,ST,2027,2,39.4,4.4,0.71,9,0
Rogaland,Stavanger Katedralskole,Dans,1,Vg2,MD,2027,2,40.2,6.6,0.302,0,0
Rogaland,Stavanger Katedralskole,Drama,1,Vg2,MD,2027,2,40.5,6.9,0.459,2,0
Rogaland,Stavanger Katedralskole,Musikk,1,Vg2,MD,2027,2,36.1,6.7,0.306,0,0
Rogaland,Stavanger Katedralskole,Realfag,0,Vg2,ST,2027,2,36.2,5.0,0.676,6,0
Rogaland,Stavanger Katedralskole,"Språk, samfunn og økonomi",0,Vg2,ST,2027,2,35.1,5.0,0.869,10,0
Rogaland,Strand videregående skole,Elektro og datateknologi,0,Vg1,EL,2027,2,33.6,4.4,0.809,5,0
Rogaland,Strand videregående skole,Helse- og oppvekstfag,0,Vg1,HS,2027,2,30.1,4.4,0.691,5,0
Rogaland,Strand videregående skole,Idrettsfag,0,Vg1,ID,2027,2,37.6,6.2,0.561,3,0
Rogaland,Strand videregående skole,Naturbruk,0,Vg1,NA,2027,2,31.3,4.4,0.851,9,0
Rogaland,Strand videregående skole,"Salg, service og reiseliv",0,Vg1,SR,2027,2,30.1,4.4,0.666,4,0
Rogaland,Strand videregående skole,Studiespesialisering,0,Vg1,ST,2027,2,37.0,5.2,0.406,1,0
Rogaland,Strand videregående skole,Teknologi- og industrifag,0,Vg1,TP,2027,2,30.1,4.4,0.862,7,0
Rogaland,Strand videregående skole,Akvakultur,0,Vg2,NA,2027,2,35.0,5.0,0.685,6,0
Rogaland,Strand videregående skole,Automatisering,0,Vg2,EL,2027,2,34.8,6.2,0.803,4,0
Rogaland,Strand videregående skole,Barne- og ungdomsarbeider,0,Vg2,HS,2027,2,32.7,6.9,0.475,2,0
Rogaland,Strand videregående skole,Elenergi og ekom,0,Vg2,EL,2027,2,32.4,6.2,0.814,6,0
Rogaland,Strand videregående skole,Fiske og fangst,0,Vg2,NA,2027,2,37.7,5.0,0.861,8,0
Rogaland,Strand videregående skole,Helsearbeiderfag,0,Vg2,HS,2027,2,30.8,5.0,0.598,4,0
Rogaland,Strand videregående skole,Idrettsfag,1,Vg2,ID,2027,2,31.4,5.9,0.372,1,0
Rogaland,Strand videregående skole,Industriteknologi,0,Vg2,TP,2027,2,31.9,5.0,0.778,8,0
Rogaland,Strand videregående skole,Realfag,0,Vg2,ST,2027,2,33.4,5.5,0.372,2,0
Rogaland,Strand videregående skole,Salg og Reiseliv,0,Vg2,SR,2027,2,31.2,5.9,0.531,1,0
Rogaland,Strand videregående skole,"Salg, service og reiseliv",1,Vg2,SR,2027,2,30.3,5.9,0.683,1,0
Rogaland,Strand videregående skole,"Service, sikkerhet og administrasjon",0,Vg2,SR,2027,2,28.6,6.7,0.362,0,0
Rogaland,Strand videregående skole,"Språk, samfunn og økonomi",0,Vg2,ST,2027,2,32.3,5.5,0.584,3,0
Rogaland,Strand videregående skole,Påbygg gen. Studiekompetanse,0,Vg3,PB,2027,2,39.2,5.0,0.894,5,0
Rogaland,Strand videregående skole,Studieforberedende naturbruk,0,Vg3,NA,2027,2,32.4,6.7,0.273,0,0
Rogaland,Vardafjell videregående skole,Medier og kommunikasjon,0,Vg1,MK,2027,2,33.2,4.9,0.445,3,0
Rogaland,Vardafjell videregående skole,Studiespesialisering,0,Vg1,ST,2027,2,37.0,5.6,0.672,5,0
Rogaland,Vardafjell videregående skole,Medier og kommunikasjon,1,Vg2,MK,2027,2,31.1,5.9,0.246,1,0
Rogaland,Vardafjell videregående skole,Realfag,0,Vg2,ST,2027,2,35.9,5.0,0.779,8,0
Rogaland,Vardafjell videregående skole,"Språk, samfunn og økonomi",0,Vg2,ST,2027,2,31.8,5.0,0.608,6,0
Rogaland,Vardafjell videregående skole,Påbygg til generell studiekompetanse,0,Vg3,PB,2027,2,34.3,5.0,0.709,7,0
Rogaland,Vågen videregående skole,Dans,0,Vg1,MD,2027,2,40.3,4.4,0.825,9,0
Rogaland,Vågen videregående skole,Drama,0,Vg1,MD,2027,2,32.0,5.6,0.616,4,0
Rogaland,Vågen videregående skole,"Frisør, blomst, int, eksp.design",0,Vg1,FD,2027,2,32.5,4.4,0.89,7,0
Rogaland,Vågen videregående skole,IT og medieproduksjon,0,Vg1,IM,2027,2,32.9,4.4,0.916,8,0
Rogaland,Vågen videregående skole,"Kunst, design og arkitektur",0,Vg1,KD,2027,2,38.4,4.4,0.875,10,0
Rogaland,Vågen videregående skole,Medier og kommunikasjon,0,Vg1,MK,2027,2,37.9,4.4,0.852,8,0
Rogaland,Vågen videregående skole,Musikk,0,Vg1,MD,2027,2,40.0,4.4,0.861,11,0
Rogaland,Vågen videregående skole,Dans,1,Vg2,MD,2027,2,38.1,6.7,0.27,0,0
Rogaland,Vågen videregående skole,Drama,1,Vg2,MD,2027,2,37.2,6.7,0.256,0,0
Rogaland,Vågen videregående skole,Informasjonsteknologi,0,Vg2,IM,2027,2,38.3,5.0,0.854,4,0
Rogaland,Vågen videregående skole,Interiør og eksponeringsdesign,0,Vg2,FD,2027,2,29.3,5.5,0.682,3,0
Rogaland,Vågen videregående skole,"Kunst, design og arkitektur",1,Vg2,KD,2027,2,31.7,5.5,0.532,2,0
Rogaland,Vågen videregående skole,Medieproduksjon,1,Vg2,IM,2027,2,33.9,5.9,0.418,1,0
Rogaland,Vågen videregående skole,Medier og kommunikasjon,1,Vg2,MK,2027,2,32.9,5.5,0.448,2,0
Rogaland,Vågen videregående skole,Musikk,1,Vg2,MD,2027,2,34.0,6.7,0.274,0,0
Rogaland,Vågen videregående skole,Eksponeringsdesign,0,Vg3,FD,2027,2,25.6,5.9,0.493,1,0
Rogaland,Vågen videregående skole,Interiør,0,Vg3,FD,2027,2,33.9,5.5,0.455,2,0
Rogaland,Åkrehamn vidaregåande skole,Bygg- og anleggsteknikk,0,Vg1,BA,2027,2,27.2,4.4,0.572,4,0
Rogaland,Åkrehamn vidaregåande skole,Elektro og datateknologi,0,Vg1,EL,2027,2,35.2,4.4,0.875,7,0
Rogaland,Åkrehamn vidaregåande skole,Helse- og oppvekstfag,0,Vg1,HS,2027,2,27.2,4.4,0.734,7,0
Rogaland,Åkrehamn vidaregåande skole,"Salg, service og reiseliv",0,Vg1,SR,2027,2,27.6,4.9,0.65,3,0
Rogaland,Åkrehamn vidaregåande skole,Teknologi- og industrifag,0,Vg1,TP,2027,2,30.9,4.4,0.899,8,0
Rogaland,Åkrehamn vidaregåande skole,Automatisering,0,Vg2,EL,2027,2,39.4,5.0,0.875,9,0
Rogaland,Åkrehamn vidaregåande skole,Barne- og ungdomsarbeider,0,Vg2,HS,2027,2,34.8,5.5,0.555,3,0
Rogaland,Åkrehamn vidaregåande skole,Elenergi og ekom,0,Vg2,EL,2027,2,36.3,5.0,0.813,6,0
Rogaland,Åkrehamn vidaregåande skole,Helsearbeiderfag,0,Vg2,HS,2027,2,33.9,5.0,0.661,4,0
Rogaland,Åkrehamn vidaregåande skole,Industriteknologi,0,Vg2,TP,2027,2,27.6,5.5,0.559,3,0
Rogaland,Åkrehamn vidaregåande skole,Rørlegger,0,Vg2,BA,2027,2,29.9,6.9,0.65,3,0
Rogaland,Åkrehamn vidaregåande skole,"Salg , service og reiseliv",0,Vg2,SR,2027,2,31.9,6.7,0.342,0,0
Rogaland,Åkrehamn vidaregåande skole,Salg og Reiseliv,0,Vg2,SR,2027,2,29.6,5.5,0.619,2,0
Rogaland,Åkrehamn vidaregåande skole,"Service, sikkerhet og administrasjon",0,Vg2,SR,2027,2,28.7,6.7,0.354,0,0
Rogaland,Åkrehamn vidaregåande skole,Tømrer,0,Vg2,BA,2027,2,29.4,5.9,0.461,1,0
Rogaland,Åkrehamn vidaregåande skole,Automatiseringsfaget,0,Vg3,EL,2027,2,35.6,5.0,0.675,6,0
Rogaland,Øksnevad vidaregåande skole,Bygg- og anleggsteknikk,0,Vg1,BA,2027,2,24.9,5.5,0.755,1,0
Rogaland,Øksnevad vidaregåande skole,Naturbruk,0,Vg1,NA,2027,2,29.1,4.4,0.79,8,0
Rogaland,Øksnevad vidaregåande skole,Naturbruk dyrekunnskap SK 3 år,0,Vg1,NA,2027,2,35.2,4.4,0.755,6,0
Rogaland,Øksnevad vidaregåande skole,Naturbruk hest,0,Vg1,NA,2027,2,29.7,4.4,0.758,4,0
Rogaland,Øksnevad vidaregåande skole,Anleggsgartner,0,Vg2,BA,2027,2,28.7,5.5,0.594,3,0
Rogaland,Øksnevad vidaregåande skole,"Anleggsteknikk, landslinje",0,Vg2,BA,2027,2,32.5,5.0,0.907,10,0
Rogaland,Øksnevad vidaregåande skole,Arbeidsmaskiner,0,Vg2,TP,2027,2,29.7,6.2,0.867,9,0
Rogaland,Øksnevad vidaregåande skole,Heste- og dyrefag,0,Vg2,NA,2027,2,31.3,5.0,0.724,5,0
Rogaland,Øksnevad vidaregåande skole,"Heste- og dyrefag, dyrekunnskap SK 3 år",0,Vg2,NA,2027,2,31.4,6.7,0.288,0,0
Rogaland,Øksnevad vidaregåande skole,Landbruk og gartnernæring,0,Vg2,NA,2027,2,28.5,5.9,0.302,1,0
Rogaland,Øksnevad vidaregåande skole,Anleggsmaskinmekaniker landslinje,0,Vg3,TP,2027,2,34.3,5.0,0.819,7,0
Rogaland,Øksnevad vidaregåande skole,Landbruk,0,Vg3,NA,2027,2,30.7,6.7,0.268,0,0
Rogaland,Øksnevad vidaregåande skole,Naturbruk dyrekunnskap SK 3 år,1,Vg3,NA,2027,2,31.4,6.7,0.274,0,0
Rogaland,Øksnevad vidaregåande skole,Studieforberedende naturbruk,0,Vg3,NA,2027,2,31.8,6.2,0.616,5,0
Rogaland,Ølen vidaregåande skule,Bygg- og anleggsteknikk,0,Vg1,BA,2027,2,29.7,4.4,0.593,5,0
Rogaland,Ølen vidaregåande skule,Elektro og datateknologi,0,Vg1,EL,2027,2,36.7,4.4,0.844,7,0
Rogaland,Ølen vidaregåande skule,Helse- og oppvekstfag,0,Vg1,HS,2027,2,29.9,4.4,0.548,5,0
Rogaland,Ølen vidaregåande skule,Idrettsfag,0,Vg1,ID,2027,2,39.8,6.0,0.29,0,0
Rogaland,Ølen vidaregåande skule,Studiespesialisering,0,Vg1,ST,2027,2,38.1,6.0,0.209,0,0
Rogaland,Ølen vidaregåande skule,Teknologi- og industrifag,0,Vg1,TP,2027,2,32.9,4.4,0.814,7,0
Rogaland,Ølen vidaregåande skule,Anleggsteknikk,0,Vg2,BA,2027,2,35.2,5.5,0.82,3,0
Rogaland,Ølen vidaregåande skule,Arbeidsmaskiner,0,Vg2,TP,2027,2,34.0,6.7,0.289,0,0
Rogaland,Ølen vidaregåande skule,Barne- og ungdomsarbeider,0,Vg2,HS,2027,2,33.4,5.9,0.37,1,0
Rogaland,Ølen vidaregåande skule,Elenergi og ekom,0,Vg2,EL,2027,2,36.0,5.5,0.488,2,0
Rogaland,Ølen vidaregåande skule,Helsearbeiderfag,0,Vg2,HS,2027,2,35.4,5.5,0.521,3,0
Rogaland,Ølen vidaregåande skule,Idrettsfag,1,Vg2,ID,2027,2,33.3,6.7,0.19,0,0
Rogaland,Ølen vidaregåande skule,Industriteknologi,0,Vg2,TP,2027,2,31.4,5.5,0.489,2,0
Rogaland,Ølen vidaregåande skule,Realfag,0,Vg2,ST,2027,2,35.9,6.7,0.202,0,0
Rogaland,Ølen vidaregåande skule,"Språk, samfunn og økonomi",0,Vg2,ST,2027,2,33.5,6.7,0.203,0,0
Rogaland,Ølen vidaregåande skule,Tømrer,0,Vg2,BA,2027,2,31.0,6.7,0.263,0,0
Rogaland,Ølen vidaregåande skule,Påbygg til generell studiekompetanse,0,Vg3,PB,2027,2,37.2,5.0,0.658,7,0
Rogaland,Ølen vidaregåande skule,Påbygg etter yrkeskompetanse,0,Vg4,PB,2027,2,38.2,5.9,0.316,1,0
Telemark,Bamble videregående skole,Elektro og datateknologi,0,Vg1,EL,2027,,32.3,7.8,1.0,3,1
Telemark,Bamble videregående skole,Helse- og oppvekstfag,0,Vg1,HS,2027,,25.4,7.8,1.0,3,1
Telemark,Bamble videregående skole,"Salg, service og reiseliv",0,Vg1,SR,2027,,24.4,7.8,1.0,3,1
Telemark,Bamble videregående skole,Studiespesialisering,0,Vg1,ST,2027,,29.0,7.8,1.0,3,1
Telemark,Bamble videregående skole,Teknologi- og industrifag,0,Vg1,TP,2027,,26.7,7.8,1.0,3,1
Telemark,Bø vidaregåande skule,Idrettsfag,0,Vg1,ID,2027,,32.6,7.8,1.0,3,1
Telemark,Bø vidaregåande skule,Studiespesialisering,0,Vg1,ST,2027,,30.0,7.8,1.0,3,1
Telemark,Bø vidaregåande skule,"Studiespesialisering, toppidrett",0,Vg1,ST,2027,,33.8,7.8,1.0,3,1
Telemark,Hjalmar Johansen videregående skole,Idrettsfag,0,Vg1,ID,2027,,29.7,7.8,1.0,3,1
Telemark,Hjalmar Johansen videregående skole,Medier og kommunikasjon,0,Vg1,MK,2027,,22.8,7.8,1.0,3,1
Telemark,Hjalmar Johansen videregående skole,Restaurant- og matfag,0,Vg1,RM,2027,,18.0,7.8,1.0,3,1
Telemark,Kragerø videregående skole,Bygg- og anleggsteknikk,0,Vg1,BA,2027,,23.4,7.8,1.0,3,1
Telemark,Kragerø videregående skole,Helse- og oppvekstfag,0,Vg1,HS,2027,,22.7,7.8,1.0,3,1
Telemark,Kragerø videregående skole,Idrettsfag,0,Vg1,ID,2027,,29.5,7.8,1.0,3,1
Telemark,Kragerø videregående skole,Studiespesialisering,0,Vg1,ST,2027,,29.2,7.8,1.0,3,1
Telemark,Kragerø videregående skole,Teknologi- og industrifag,0,Vg1,TP,2027,,25.1,7.8,1.0,3,1
Telemark,Nome videregående skole,Bygg- og anleggsteknikk,0,Vg1,BA,2027,,18.5,7.8,1.0,3,1
Telemark,Nome videregående skole,Elektro og datateknologi,0,Vg1,EL,2027,,24.7,7.8,1.0,3,1
Telemark,Nome videregående skole,"Frisør, blomster, interiør og eksponeringsdesign",0,Vg1,FD,2027,,21.7,7.8,1.0,3,1
Telemark,Nome videregående skole,Helse- og oppvekstfag,0,Vg1,HS,2027,,22.8,7.8,1.0,3,1
Telemark,Nome videregående skole,Naturbruk,0,Vg1,NA,2027,,22.1,7.8,1.0,3,1
Telemark,Nome videregående skole,Teknologi- og industrifag,0,Vg1,TP,2027,,22.2,7.8,1.0,3,1
Telemark,Notodden videregående skole,Elektro og datateknologi,0,Vg1,EL,2027,,29.8,7.8,1.0,3,1
Telemark,Notodden videregående skole,Helse- og oppvekstfag,0,Vg1,HS,2027,,21.4,7.8,1.0,3,1
Telemark,Notodden videregående skole,"Salg, service og reiseliv",0,Vg1,SR,2027,,23.4,7.8,1.0,3,1
Telemark,Notodden videregående skole,Studiespesialisering,0,Vg1,ST,2027,,29.0,7.8,1.0,3,1
Telemark,Notodden videregående skole,"Studiespesialisering, toppidrett",0,Vg1,ST,2027,,27.0,7.8,1.0,3,1
Telemark,Notodden videregående skole,Teknologi- og industrifag,0,Vg1,TP,2027,,24.1,7.8,1.0,3,1
Telemark,Porsgrunn videregående skole,"Frisør, blomster, interiør og eksponeringsdesign",0,Vg1,FD,2027,,20.5,7.8,1.0,3,1
Telemark,Porsgrunn videregående skole,Idrettsfag,0,Vg1,ID,2027,,28.5,7.8,1.0,3,1
Telemark,Porsgrunn videregående skole,Informasjonsteknologi og medieproduksjon,0,Vg1,IM,2027,,24.9,7.8,1.0,3,1
Telemark,Porsgrunn videregående skole,"Kunst, design og arkitektur",0,Vg1,KD,2027,,28.6,7.8,1.0,3,1
Telemark,Porsgrunn videregående skole,Studiespesialisering,0,Vg1,ST,2027,,27.6,7.8,1.0,3,1
Telemark,Porsgrunn videregående skole,"Studiespesialisering, forberedende IB",0,Vg1,ST,2027,,30.0,7.8,1.0,3,1
Telemark,Porsgrunn videregående skole,Teknologi- og industrifag,0,Vg1,TP,2027,,26.7,7.8,1.0,3,1
Telemark,Rjukan videregående skole,Bygg- og anleggsteknikk,0,Vg1,BA,2027,,25.5,7.8,1.0,3,1
Telemark,Rjukan videregående skole,Helse- og oppvekstfag,0,Vg1,HS,2027,,26.4,7.8,1.0,3,1
Telemark,Rjukan videregående skole,Studiespesialisering,0,Vg1,ST,2027,,32.2,7.8,1.0,3,1
Telemark,Rjukan videregående skole,"Studiespesialisering, natur og miljø, LAL",0,Vg1,ST,2027,,37.1,7.8,1.0,3,1
Telemark,Rjukan videregående skole,Teknologi- og industrifag,0,Vg1,TP,2027,,28.2,7.8,1.0,3,1
Telemark,Skien videregående skole,"Musikk, dans og drama, dans",0,Vg1,MD,2027,,31.4,7.8,1.0,3,1
Telemark,Skien videregående skole,"Musikk, dans og drama, drama",0,Vg1,MD,2027,,31.7,7.8,1.0,3,1
Telemark,Skien videregående skole,"Musikk, dans og drama, musikk",0,Vg1,MD,2027,,32.0,7.8,1.0,3,1
Telemark,Skien videregående skole,"Salg, service og reiseliv",0,Vg1,SR,2027,,23.2,7.8,1.0,3,1
Telemark,Skien videregående skole,Studiespesialisering,0,Vg1,ST,2027,,28.4,7.8,1.0,3,1
Telemark,Skien videregående skole,"Studiespesialisering, forskerlinje",0,Vg1,ST,2027,,30.3,7.8,1.0,3,1
Telemark,Skogmo videregående skole,Bygg- og anleggsteknikk,0,Vg1,BA,2027,,19.9,7.8,1.0,3,1
Telemark,Skogmo videregående skole,Elektro og datateknologi,0,Vg1,EL,2027,,30.7,7.8,1.0,3,1
Telemark,Skogmo videregående skole,Helse- og oppvekstfag,0,Vg1,HS,2027,,22.2,7.8,1.0,3,1
Telemark,Skogmo videregående skole,"Helse- og oppvekstfag, SK 3 år",0,Vg1,HS,2027,,34.0,7.8,1.0,3,1
Telemark,Skogmo videregående skole,Teknologi- og industrifag,0,Vg1,TP,2027,,26.8,7.8,1.0,3,1
Telemark,Vest-Telemark vidaregåande skule,Elektro og datateknologi,0,Vg1,EL,2027,,29.7,7.8,1.0,3,1
Telemark,Vest-Telemark vidaregåande skule,Helse- og oppvekstfag,0,Vg1,HS,2027,,24.2,7.8,1.0,3,1
Telemark,Vest-Telemark vidaregåande skule,Studiespesialisering,0,Vg1,ST,2027,,31.1,7.8,1.0,3,1
Telemark,Vest-Telemark vidaregåande skule,Teknologi- og industrifag,0,Vg1,TP,2027,,26.0,7.8,1.0,3,1
Trøndelag,Byåsen videregående skole,Helse- og oppvekstfag,0,Vg1,HS,2027,2,26.9,6.2,0.205,0,0
Trøndelag,Byåsen videregående skole,Medier og kommunikasjon,0,Vg1,MK,2027,2,31.9,5.4,0.402,1,0
Trøndelag,Byåsen videregående skole,Restaurant- og matfag,0,Vg1,RM,2027,2,25.0,6.5,0.131,0,0
Trøndelag,Byåsen videregående skole,Studiespesialisering,0,Vg1,ST,2027,2,32.2,5.4,0.381,1,0
Trøndelag,Byåsen videregående skole,Teknologi- og industrifag,0,Vg1,TP,2027,2,27.6,5.1,0.706,2,0
Trøndelag,Charlottenlund videregående skole,Bygg- og anleggsteknikk,0,Vg1,BA,2027,2,23.0,6.7,0.82,2,0
Trøndelag,Charlottenlund videregående skole,"Frisør, blomster, interiør og eksponeringsdesign",0,Vg1,FD,2027,2,27.3,5.1,0.8,2,0
Trøndelag,Charlottenlund videregående skole,"Håndverk, design og produktutvikling",0,Vg1,DT,2027,2,30.9,5.1,0.783,2,0
Trøndelag,Charlottenlund videregående skole,Informasjonsteknologi og medieproduksjon,0,Vg1,IM,2027,2,33.0,5.1,0.867,2,0
Trøndelag,Charlottenlund videregående skole,"Kunst, design og arkitektur",0,Vg1,KD,2027,2,33.0,5.1,0.79,2,0
Trøndelag,Charlottenlund videregående skole,Medier og kommunikasjon,0,Vg1,MK,2027,2,33.5,5.1,0.791,2,0
Trøndelag,Charlottenlund videregående skole,"Salg, service og reiseliv",0,Vg1,SR,2027,2,26.1,6.4,0.849,2,0
Trøndelag,Charlottenlund videregående skole,Studiespesialisering,0,Vg1,ST,2027,2,32.7,5.1,0.77,2,0
Trøndelag,Charlottenlund videregående skole,Teknologi- og industrifag,0,Vg1,TP,2027,2,28.7,5.1,0.881,2,0
Trøndelag,Cissi Klein videregående skole,Helse- og oppvekstfag,0,Vg1,HS,2027,2,30.9,6.2,0.447,0,0
Trøndelag,Cissi Klein videregående skole,"Musikk, dans og drama, dans",0,Vg1,MD,2027,2,42.2,5.0,0.74,2,0
Trøndelag,Cissi Klein videregående skole,"Musikk, dans og drama, drama",0,Vg1,MD,2027,2,39.6,5.1,0.728,2,0
Trøndelag,Cissi Klein videregående skole,Studiespesialisering,0,Vg1,ST,2027,2,37.1,5.4,0.502,1,0
Trøndelag,Cissi Klein videregående skole,Teknologi- og industrifag,0,Vg1,TP,2027,2,28.7,5.4,0.826,1,0
Trøndelag,Fosen videregående skole,Bygg- og anleggsteknikk,0,Vg1,BA,2027,2,25.0,6.2,0.32,0,0
Trøndelag,Fosen videregående skole,Elektro og datateknologi,0,Vg1,EL,2027,2,31.1,5.4,0.752,1,0
Trøndelag,Fosen videregående skole,Helse- og oppvekstfag,0,Vg1,HS,2027,2,26.2,5.4,0.61,1,0
Trøndelag,Fosen videregående skole,Idrettsfag,0,Vg1,ID,2027,2,35.4,6.2,0.378,0,0
Trøndelag,Fosen videregående skole,Restaurant- og matfag,0,Vg1,RM,2027,2,25.2,6.2,0.181,0,0
Trøndelag,Fosen videregående skole,Studiespesialisering,0,Vg1,ST,2027,2,33.7,6.2,0.254,0,0
Trøndelag,Fosen videregående skole,Teknologi- og industrifag,0,Vg1,TP,2027,2,27.9,5.4,0.708,1,0
Trøndelag,Gauldal videregående skole,Bygg- og anleggsteknikk,0,Vg1,BA,2027,2,28.6,5.4,0.695,1,0
Trøndelag,Gauldal videregående skole,Helse- og oppvekstfag,0,Vg1,HS,2027,2,30.2,6.2,0.38,0,0
Trøndelag,Gauldal videregående skole,Studiespesialisering,0,Vg1,ST,2027,2,36.8,6.2,0.33,0,0
Trøndelag,Gauldal videregående skole,Teknologi- og industrifag,0,Vg1,TP,2027,2,31.4,5.4,0.773,1,0
Trøndelag,Grong videregående skole,Bygg- og anleggsteknikk,0,Vg1,BA,2027,2,26.5,6.2,0.243,0,0
Trøndelag,Grong videregående skole,Helse- og oppvekstfag,0,Vg1,HS,2027,2,28.6,6.2,0.227,0,0
Trøndelag,Grong videregående skole,Idrettsfag,0,Vg1,ID,2027,2,36.9,6.2,0.299,0,0
Trøndelag,Grong videregående skole,Naturbruk,0,Vg1,NA,2027,2,30.3,6.2,0.222,0,0
Trøndelag,Grong videregående skole,Studiespesialisering,0,Vg1,ST,2027,2,35.2,6.2,0.182,0,0
Trøndelag,Guri Kunna videregående skole,Bygg- og anleggsteknikk,0,Vg1,BA,2027,2,26.8,6.2,0.314,0,0
Trøndelag,Guri Kunna videregående skole,Elektro og datateknologi,0,Vg1,EL,2027,2,33.3,6.2,0.456,0,0
Trøndelag,Guri Kunna videregående skole,Helse- og oppvekstfag,0,Vg1,HS,2027,2,28.9,6.2,0.297,0,0
Trøndelag,Guri Kunna videregående skole,Naturbruk,0,Vg1,NA,2027,2,32.0,5.4,0.599,1,0
Trøndelag,Guri Kunna videregående skole,Restaurant- og matfag,0,Vg1,RM,2027,2,27.0,6.2,0.176,0,0
Trøndelag,Guri Kunna videregående skole,Studiespesialisering,0,Vg1,ST,2027,2,35.5,6.2,0.248,0,0
Trøndelag,Guri Kunna videregående skole,Teknologi- og industrifag,0,Vg1,TP,2027,2,28.3,5.4,0.702,1,0
Trøndelag,Heimdal videregående skole,Elektro og datateknologi,0,Vg1,EL,2027,2,37.6,5.1,0.924,2,0
Trøndelag,Heimdal videregående skole,Helse- og oppvekstfag,0,Vg1,HS,2027,2,30.6,5.1,0.83,2,0
Trøndelag,Heimdal videregående skole,Idrettsfag,0,Vg1,ID,2027,2,41.2,5.0,0.88,2,0
Trøndelag,Heimdal videregående skole,"Musikk, dans og drama, musikk",0,Vg1,MD,2027,2,40.0,6.3,0.844,2,0
Trøndelag,Heimdal videregående skole,Studiespesialisering,0,Vg1,ST,2027,2,40.4,5.0,0.794,2,0
Trøndelag,Inderøy videregående skole,"Musikk, dans og drama, dans",0,Vg1,MD,2027,2,35.9,6.2,0.236,0,0
Trøndelag,Inderøy videregående skole,"Musikk, dans og drama, drama",0,Vg1,MD,2027,2,36.6,6.2,0.222,0,0
Trøndelag,Inderøy videregående skole,"Musikk, dans og drama, musikk",0,Vg1,MD,2027,2,35.1,6.2,0.267,0,0
Trøndelag,Inderøy videregående skole,Studiespesialisering,0,Vg1,ST,2027,2,35.2,6.2,0.201,0,0
Trøndelag,Johan Bojer videregående skole,Bygg- og anleggsteknikk,0,Vg1,BA,2027,2,28.2,6.2,0.29,0,0
Trøndelag,Johan Bojer videregående skole,Elektro og datateknologi,0,Vg1,EL,2027,2,35.8,5.4,0.727,1,0
Trøndelag,Johan Bojer videregående skole,Helse- og oppvekstfag,0,Vg1,HS,2027,2,30.2,6.2,0.274,0,0
Trøndelag,Johan Bojer videregående skole,"Salg, service og reiseliv",0,Vg1,SR,2027,2,31.1,6.2,0.331,0,0
Trøndelag,Johan Bojer videregående skole,Studiespesialisering,0,Vg1,ST,2027,2,36.9,6.2,0.226,0,0
Trøndelag,Johan Bojer videregående skole,Teknologi- og industrifag,0,Vg1,TP,2027,2,30.8,6.2,0.382,0,0
Trøndelag,Kyrksæterøra videregående skole,Bygg- og anleggsteknikk,0,Vg1,BA,2027,2,26.5,6.2,0.25,0,0
Trøndelag,Kyrksæterøra videregående skole,Helse- og oppvekstfag,0,Vg1,HS,2027,2,28.6,6.2,0.233,0,0
Trøndelag,Kyrksæterøra videregående skole,Studiespesialisering,0,Vg1,ST,2027,2,35.2,6.2,0.188,0,0
Trøndelag,Kyrksæterøra videregående skole,Teknologi- og industrifag,0,Vg1,TP,2027,2,29.2,6.2,0.34,0,0
Trøndelag,Levanger videregående skole,Elektro og datateknologi,0,Vg1,EL,2027,2,33.6,5.4,0.757,1,0
Trøndelag,Levanger videregående skole,"Frisør, blomster, interiør og eksponeringsdesign",0,Vg1,FD,2027,2,26.4,6.2,0.298,0,0
Trøndelag,Levanger videregående skole,Helse- og oppvekstfag,0,Vg1,HS,2027,2,28.0,6.2,0.309,0,0
Trøndelag,Levanger videregående skole,Informasjonsteknologi og medieproduksjon,0,Vg1,IM,2027,2,29.2,5.4,0.692,1,0
Trøndelag,Levanger videregående skole,Medier og kommunikasjon,0,Vg1,MK,2027,2,34.3,5.4,0.594,1,0
Trøndelag,Levanger videregående skole,Restaurant- og matfag,0,Vg1,RM,2027,2,26.1,6.2,0.186,0,0
Trøndelag,Levanger videregående skole,Studiespesialisering,0,Vg1,ST,2027,2,34.6,6.2,0.259,0,0
Trøndelag,Levanger videregående skole,Teknologi- og industrifag,0,Vg1,TP,2027,2,28.6,6.2,0.417,0,0
Trøndelag,Malvik videregående skole,Elektro og datateknologi,0,Vg1,EL,2027,2,29.4,5.4,0.69,1,0
Trøndelag,Malvik videregående skole,Helse- og oppvekstfag,0,Vg1,HS,2027,2,26.6,6.2,0.233,0,0
Trøndelag,Malvik videregående skole,Idrettsfag,0,Vg1,ID,2027,2,34.9,6.2,0.306,0,0
Trøndelag,Malvik videregående skole,Studiespesialisering,0,Vg1,ST,2027,2,33.2,6.2,0.188,0,0
Trøndelag,Melhus videregående skole,Bygg- og anleggsteknikk,0,Vg1,BA,2027,2,28.3,5.4,0.751,1,0
Trøndelag,Melhus videregående skole,Elektro og datateknologi,0,Vg1,EL,2027,2,36.7,5.4,0.862,1,0
Trøndelag,Melhus videregående skole,Helse- og oppvekstfag,0,Vg1,HS,2027,2,28.9,5.4,0.737,1,0
Trøndelag,Melhus videregående skole,Idrettsfag,0,Vg1,ID,2027,2,38.6,5.4,0.799,1,0
Trøndelag,Melhus videregående skole,Restaurant- og matfag,0,Vg1,RM,2027,2,28.4,6.2,0.316,0,0
Trøndelag,Melhus videregående skole,"Salg, service og reiseliv",0,Vg1,SR,2027,2,31.6,5.4,0.785,1,0
Trøndelag,Melhus videregående skole,Studiespesialisering,0,Vg1,ST,2027,2,36.9,6.2,0.395,0,0
Trøndelag,Meråker videregående skole,Idrettsfag,0,Vg1,ID,2027,2,36.9,6.2,0.343,0,0
Trøndelag,Meråker videregående skole,Studiespesialisering,0,Vg1,ST,2027,2,35.2,6.2,0.22,0,0
Trøndelag,Mære landbruksskole,Naturbruk,0,Vg1,NA,2027,2,30.3,6.2,0.29,0,0
Trøndelag,Olav Duun videregående skole,Bygg- og anleggsteknikk,0,Vg1,BA,2027,2,25.0,6.5,0.208,0,0
Trøndelag,Olav Duun videregående skole,Elektro og datateknologi,0,Vg1,EL,2027,2,31.4,6.2,0.347,0,0
Trøndelag,Olav Duun videregående skole,Helse- og oppvekstfag,0,Vg1,HS,2027,2,27.1,6.2,0.193,0,0
Trøndelag,Olav Duun videregående skole,Idrettsfag,0,Vg1,ID,2027,2,35.4,6.2,0.262,0,0
Trøndelag,Olav Duun videregående skole,"Musikk, dans og drama, dans",0,Vg1,MD,2027,2,34.4,6.2,0.182,0,0
Trøndelag,Olav Duun videregående skole,"Musikk, dans og drama, musikk",0,Vg1,MD,2027,2,33.6,6.2,0.211,0,0
Trøndelag,Olav Duun videregående skole,"Salg, service og reiseliv",0,Vg1,SR,2027,2,28.0,6.2,0.246,0,0
Trøndelag,Olav Duun videregående skole,Studiespesialisering,0,Vg1,ST,2027,2,33.7,6.2,0.151,0,0
Trøndelag,Olav Duun videregående skole,Teknologi- og industrifag,0,Vg1,TP,2027,2,26.5,5.4,0.602,1,0
Trøndelag,Ole Vig videregående skole,Bygg- og anleggsteknikk,0,Vg1,BA,2027,2,25.5,5.4,0.691,1,0
Trøndelag,Ole Vig videregående skole,Elektro og datateknologi,0,Vg1,EL,2027,2,33.1,5.4,0.811,1,0
Trøndelag,Ole Vig videregående skole,"Frisør, blomster, interiør og eksponeringsdesign",0,Vg1,FD,2027,2,27.3,5.4,0.666,1,0
Trøndelag,Ole Vig videregående skole,Helse- og oppvekstfag,0,Vg1,HS,2027,2,28.3,5.4,0.676,1,0
Trøndelag,Ole Vig videregående skole,Medier og kommunikasjon,0,Vg1,MK,2027,2,33.4,6.2,0.353,0,0
Trøndelag,Ole Vig videregående skole,"Musikk, dans og drama, dans",0,Vg1,MD,2027,2,35.5,6.2,0.363,0,0
Trøndelag,Ole Vig videregående skole,"Musikk, dans og drama, musikk",0,Vg1,MD,2027,2,34.8,6.2,0.395,0,0
Trøndelag,Ole Vig videregående skole,Restaurant- og matfag,0,Vg1,RM,2027,2,26.3,6.2,0.247,0,0
Trøndelag,Ole Vig videregående skole,"Salg, service og reiseliv",0,Vg1,SR,2027,2,27.1,5.4,0.726,1,0
Trøndelag,Ole Vig videregående skole,Studiespesialisering,0,Vg1,ST,2027,2,34.9,6.2,0.325,0,0
Trøndelag,Ole Vig videregående skole,Teknologi- og industrifag,0,Vg1,TP,2027,2,29.8,5.4,0.769,1,0
Trøndelag,Oppdal videregående skole,Bygg- og anleggsteknikk,0,Vg1,BA,2027,2,25.7,6.2,0.249,0,0
Trøndelag,Oppdal videregående skole,Elektro og datateknologi,0,Vg1,EL,2027,2,31.6,5.4,0.69,1,0
Trøndelag,Oppdal videregående skole,Helse- og oppvekstfag,0,Vg1,HS,2027,2,27.8,6.2,0.233,0,0
Trøndelag,Oppdal videregående skole,Idrettsfag,0,Vg1,ID,2027,2,36.2,6.2,0.306,0,0
Trøndelag,Oppdal videregående skole,"Salg, service og reiseliv",0,Vg1,SR,2027,2,28.7,6.2,0.289,0,0
Trøndelag,Oppdal videregående skole,Studiespesialisering,0,Vg1,ST,2027,2,34.5,6.2,0.188,0,0
Trøndelag,Orkland videregående skole,Bygg- og anleggsteknikk,0,Vg1,BA,2027,2,24.8,6.5,0.357,0,0
Trøndelag,Orkland videregående skole,Elektro og datateknologi,0,Vg1,EL,2027,2,31.3,6.2,0.498,0,0
Trøndelag,Orkland videregående skole,Helse- og oppvekstfag,0,Vg1,HS,2027,2,26.9,6.2,0.34,0,0
Trøndelag,Orkland videregående skole,"Helse- og oppvekstfag, SK 3 år",0,Vg1,HS,2027,2,35.7,5.4,0.782,1,0
Trøndelag,Orkland videregående skole,Idrettsfag,0,Vg1,ID,2027,2,34.9,5.4,0.71,1,0
Trøndelag,Orkland videregående skole,"Salg, service og reiseliv",0,Vg1,SR,2027,2,26.9,5.4,0.695,1,0
Trøndelag,Orkland videregående skole,Studiespesialisering,0,Vg1,ST,2027,2,33.5,5.4,0.597,1,0
Trøndelag,Orkland videregående skole,Teknologi- og industrifag,0,Vg1,TP,2027,2,26.5,5.4,0.739,1,0
Trøndelag,Røros videregående skole,Bygg- og anleggsteknikk,0,Vg1,BA,2027,2,26.5,6.2,0.234,0,0
Trøndelag,Røros videregående skole,Helse- og oppvekstfag,0,Vg1,HS,2027,2,28.6,6.2,0.218,0,0
Trøndelag,Røros videregående skole,"Salg, service og reiseliv",0,Vg1,SR,2027,2,29.5,6.2,0.273,0,0
Trøndelag,Røros videregående skole,Studiespesialisering,0,Vg1,ST,2027,2,35.2,6.2,0.174,0,0
Trøndelag,Røros videregående skole,Teknologi- og industrifag,0,Vg1,TP,2027,2,29.2,6.2,0.324,0,0
Trøndelag,Selbu videregående skole,Bygg- og anleggsteknikk,0,Vg1,BA,2027,2,26.5,6.2,0.243,0,0
Trøndelag,Selbu videregående skole,Elektro og datateknologi,0,Vg1,EL,2027,2,33.0,6.2,0.385,0,0
Trøndelag,Selbu videregående skole,Helse- og oppvekstfag,0,Vg1,HS,2027,2,28.6,6.2,0.227,0,0
Trøndelag,Selbu videregående skole,Studiespesialisering,0,Vg1,ST,2027,2,35.2,6.2,0.182,0,0
Trøndelag,Skjetlein videregående skole,Bygg- og anleggsteknikk,0,Vg1,BA,2027,2,19.0,6.7,0.611,2,0
Trøndelag,Skjetlein videregående skole,Naturbruk,0,Vg1,NA,2027,2,25.9,6.2,0.184,0,0
Trøndelag,Skjetlein videregående skole,Teknologi- og industrifag,0,Vg1,TP,2027,2,24.5,6.7,0.683,2,0
Trøndelag,Steinkjer videregående skole,Bygg- og anleggsteknikk,0,Vg1,BA,2027,2,24.0,5.7,0.611,1,0
Trøndelag,Steinkjer videregående skole,Elektro og datateknologi,0,Vg1,EL,2027,2,34.2,5.4,0.739,1,0
Trøndelag,Steinkjer videregående skole,Helse- og oppvekstfag,0,Vg1,HS,2027,2,27.8,6.2,0.288,0,0
Trøndelag,Steinkjer videregående skole,Idrettsfag,0,Vg1,ID,2027,2,36.2,6.2,0.363,0,0
Trøndelag,Steinkjer videregående skole,"Kunst, design og arkitektur",0,Vg1,KD,2027,2,32.6,6.2,0.264,0,0
Trøndelag,Steinkjer videregående skole,Restaurant- og matfag,0,Vg1,RM,2027,2,25.9,6.2,0.168,0,0
Trøndelag,Steinkjer videregående skole,"Salg, service og reiseliv",0,Vg1,SR,2027,2,28.7,6.2,0.345,0,0
Trøndelag,Steinkjer videregående skole,Studiespesialisering,0,Vg1,ST,2027,2,34.5,6.2,0.239,0,0
Trøndelag,Steinkjer videregående skole,Teknologi- og industrifag,0,Vg1,TP,2027,2,27.6,5.4,0.694,1,0
Trøndelag,Strinda videregående skole,Elektro og datateknologi,0,Vg1,EL,2027,2,37.3,5.1,0.882,2,0
Trøndelag,Strinda videregående skole,Helse- og oppvekstfag,0,Vg1,HS,2027,2,31.4,5.4,0.523,1,0
Trøndelag,Strinda videregående skole,"Helse- og oppvekstfag, SK 3 år",0,Vg1,HS,2027,2,40.6,5.0,0.882,2,0
Trøndelag,Strinda videregående skole,Idrettsfag,0,Vg1,ID,2027,2,40.2,5.0,0.826,2,0
Trøndelag,Strinda videregående skole,Restaurant- og matfag,0,Vg1,RM,2027,2,28.4,5.4,0.425,1,0
Trøndelag,Strinda videregående skole,Studiespesialisering,0,Vg1,ST,2027,2,39.6,5.1,0.731,2,0
Trøndelag,Thora Storm videregående skole,"Frisør, blomster, interiør og eksponeringsdesign",0,Vg1,FD,2027,2,32.8,5.1,0.877,2,0
Trøndelag,Thora Storm videregående skole,Helse- og oppvekstfag,0,Vg1,HS,2027,2,32.9,5.1,0.883,2,0
Trøndelag,Thora Storm videregående skole,"Kunst, design og arkitektur",0,Vg1,KD,2027,2,41.2,5.0,0.868,2,0
Trøndelag,Thora Storm videregående skole,"Salg, service og reiseliv",0,Vg1,SR,2027,2,35.3,5.1,0.914,2,0
Trøndelag,Thora Storm videregående skole,Studiespesialisering,0,Vg1,ST,2027,2,44.1,5.0,0.851,2,0
Trøndelag,Thora Storm videregående skole,"Studiespesialisering, entreprenørskap",0,Vg1,ST,2027,2,48.3,3.8,0.907,2,0
Trøndelag,Tiller videregående skole,Bygg- og anleggsteknikk,0,Vg1,BA,2027,2,21.6,5.7,0.413,1,0
Trøndelag,Tiller videregående skole,Idrettsfag,0,Vg1,ID,2027,2,30.8,5.4,0.593,1,0
Trøndelag,Tiller videregående skole,Informasjonsteknologi og medieproduksjon,0,Vg1,IM,2027,2,28.7,5.1,0.709,2,0
Trøndelag,Tiller videregående skole,Medier og kommunikasjon,0,Vg1,MK,2027,2,28.3,5.4,0.475,1,0
Trøndelag,Tiller videregående skole,"Salg, service og reiseliv",0,Vg1,SR,2027,2,22.8,6.7,0.687,2,0
Trøndelag,Tiller videregående skole,Studiespesialisering,0,Vg1,ST,2027,2,27.4,5.4,0.365,1,0
Trøndelag,Trondheim katedralskole,Medier og kommunikasjon,0,Vg1,MK,2027,2,34.7,6.4,0.766,2,0
Trøndelag,Trondheim katedralskole,"Musikk, dans og drama, musikk",0,Vg1,MD,2027,2,37.2,6.4,0.799,2,0
Trøndelag,Trondheim katedralskole,Studiespesialisering,0,Vg1,ST,2027,2,37.6,5.1,0.745,2,0
Trøndelag,Verdal videregående skole,Bygg- og anleggsteknikk,0,Vg1,BA,2027,2,26.5,6.2,0.201,0,0
Trøndelag,Verdal videregående skole,Helse- og oppvekstfag,0,Vg1,HS,2027,2,28.6,6.2,0.186,0,0
Trøndelag,Verdal videregående skole,"Helse- og oppvekstfag, SK 3 år",0,Vg1,HS,2027,2,36.5,6.2,0.339,0,0
Trøndelag,Verdal videregående skole,Idrettsfag,0,Vg1,ID,2027,2,36.9,6.2,0.255,0,0
Trøndelag,Verdal videregående skole,"Salg, service og reiseliv",0,Vg1,SR,2027,2,29.5,6.2,0.238,0,0
Trøndelag,Verdal videregående skole,Studiespesialisering,0,Vg1,ST,2027,2,35.2,6.2,0.146,0,0
Trøndelag,Verdal videregående skole,Teknologi- og industrifag,0,Vg1,TP,2027,2,29.2,6.2,0.288,0,0
Trøndelag,Ytre Namdal videregående skole,Bygg- og anleggsteknikk,0,Vg1,BA,2027,2,26.2,6.2,0.282,0,0
Trøndelag,Ytre Namdal videregående skole,Helse- og oppvekstfag,0,Vg1,HS,2027,2,28.3,6.2,0.265,0,0
Trøndelag,Ytre Namdal videregående skole,Naturbruk,0,Vg1,NA,2027,2,30.0,6.2,0.26,0,0
Trøndelag,Ytre Namdal videregående skole,Restaurant- og matfag,0,Vg1,RM,2027,2,26.4,6.2,0.15,0,0
Trøndelag,Ytre Namdal videregående skole,Studiespesialisering,0,Vg1,ST,2027,2,34.9,6.2,0.218,0,0
Trøndelag,Ytre Namdal videregående skole,Teknologi- og industrifag,0,Vg1,TP,2027,2,28.6,5.4,0.673,1,0
Trøndelag,Åfjord videregående skole,Bygg- og anleggsteknikk,0,Vg1,BA,2027,2,26.5,6.2,0.25,0,0
Trøndelag,Åfjord videregående skole,Helse- og oppvekstfag,0,Vg1,HS,2027,2,28.6,6.2,0.233,0,0
Trøndelag,Åfjord videregående skole,Studiespesialisering,0,Vg1,ST,2027,2,35.2,6.2,0.188,0,0
Trøndelag,Åfjord videregående skole,Teknologi- og industrifag,0,Vg1,TP,2027,2,29.2,6.2,0.34,0,0
Vestland,Amalie Skram videregående skole,Informasjonsteknologi og medieproduksjon,0,Vg1,IM,2027,1,44.0,4.4,0.982,7,0
Vestland,Amalie Skram videregående skole,Medier og kommunikasjon,0,Vg1,MK,2027,1,47.3,3.3,0.963,7,0
Vestland,Amalie Skram videregående skole,"Salg, service og reiseliv",0,Vg1,SR,2027,1,42.2,4.4,0.978,7,0
Vestland,Amalie Skram videregående skole,Studiespesialisering,0,Vg1,ST,2027,1,50.0,3.3,0.955,13,0
Vestland,Amalie Skram videregående skole,Informasjonsteknologi,0,Vg2,IM,2027,1,42.3,4.9,0.967,6,0
Vestland,Amalie Skram videregående skole,Medieproduksjon,0,Vg2,IM,2027,1,44.9,4.9,0.965,6,0
Vestland,Amalie Skram videregående skole,Salg og reiseliv,0,Vg2,SR,2027,1,42.2,4.9,0.962,5,0
Vestland,Amalie Skram videregående skole,"Salg, service og reiseliv",1,Vg2,SR,2027,1,41.3,5.8,0.954,1,0
Vestland,Amalie Skram videregående skole,"Service, sikkerhet og administrasjon",0,Vg2,SR,2027,1,36.4,6.2,0.935,5,0
Vestland,Amalie Skram videregående skole,Påbygging til generell studiekompetanse,0,Vg3,PB,2027,1,50.0,3.7,0.974,6,0
Vestland,Arna vidaregåande skule,Bygg- og anleggsteknikk,0,Vg1,BA,2027,1,27.2,4.4,0.476,5,0
Vestland,Arna vidaregåande skule,Helse- og oppvekstfag,0,Vg1,HS,2027,1,27.4,4.4,0.216,4,0
Vestland,Arna vidaregåande skule,Informasjonsteknologi og medieproduksjon,0,Vg1,IM,2027,1,34.0,6.2,0.758,3,0
Vestland,Arna vidaregåande skule,Studiespesialisering,0,Vg1,ST,2027,1,38.6,4.4,0.664,10,0
Vestland,Arna vidaregåande skule,Helsearbeiderfag,0,Vg2,HS,2027,1,28.1,5.0,0.447,5,0
Vestland,Arna vidaregåande skule,Informasjonsteknologi,0,Vg2,IM,2027,1,26.9,5.5,0.446,2,0
Vestland,Arna vidaregåande skule,Tømrer,0,Vg2,BA,2027,1,26.7,6.2,0.46,5,0
Vestland,Arna vidaregåande skule,Påbygging til generell studiekompetanse,0,Vg3,PB,2027,1,34.3,5.9,0.705,1,0
Vestland,Askøy videregående skole,Bygg- og anleggsteknikk,0,Vg1,BA,2027,1,30.6,5.6,0.85,7,0
Vestland,Askøy videregående skole,Elektro og datateknologi,0,Vg1,EL,2027,1,38.2,4.4,0.928,6,0
Vestland,Askøy videregående skole,Helse- og oppvekstfag,0,Vg1,HS,2027,1,35.5,4.4,0.838,7,0
Vestland,Askøy videregående skole,Studiespesialisering,0,Vg1,ST,2027,1,41.9,4.4,0.806,13,0
Vestland,Askøy videregående skole,Teknologi- og industrifag,0,Vg1,TP,2027,1,36.1,4.4,0.904,6,0
Vestland,Askøy videregående skole,Barne- og ungdomsarbeider,0,Vg2,HS,2027,1,36.3,6.2,0.825,6,0
Vestland,Askøy videregående skole,Elenergi og ekom,0,Vg2,EL,2027,1,38.6,5.0,0.927,6,0
Vestland,Askøy videregående skole,Helsearbeiderfag,0,Vg2,HS,2027,1,33.6,5.0,0.587,5,0
Vestland,Askøy videregående skole,Industriteknologi,0,Vg2,TP,2027,1,33.4,5.0,0.863,6,0
Vestland,Askøy videregående skole,Kjøretøy,0,Vg2,TP,2027,1,28.6,6.9,0.598,2,0
Vestland,Askøy videregående skole,Tømrer,0,Vg2,BA,2027,1,31.9,5.0,0.843,6,0
Vestland,Askøy videregående skole,Påbygging til generell studiekompetanse,0,Vg3,PB,2027,1,37.2,6.2,0.861,6,0
Vestland,Austevoll vidaregåande skule,Naturbruk,0,Vg1,NA,2027,1,34.8,4.4,0.805,7,0
Vestland,Austevoll vidaregåande skule,Teknologi- og industrifag,0,Vg1,TP,2027,1,34.2,4.4,0.646,5,0
Vestland,Austevoll vidaregåande skule,Akvakultur,0,Vg2,NA,2027,1,34.6,5.0,0.819,6,0
Vestland,Austevoll vidaregåande skule,Fiske og fangst,0,Vg2,NA,2027,1,42.0,4.9,0.879,6,0
Vestland,Austevoll vidaregåande skule,Maritime fag,0,Vg2,TP,2027,1,35.7,5.0,0.921,6,0
Vestland,Austrheim vidaregåande skule,Bygg- og anleggsteknikk,0,Vg1,BA,2027,1,31.3,4.4,0.68,6,0
Vestland,Austrheim vidaregåande skule,Helse- og oppvekstfag,0,Vg1,HS,2027,1,32.8,4.4,0.769,7,0
Vestland,Austrheim vidaregåande skule,Naturbruk,0,Vg1,NA,2027,1,33.4,4.4,0.763,5,0
Vestland,Austrheim vidaregåande skule,Studiespesialisering,0,Vg1,ST,2027,1,35.7,4.4,0.385,5,0
Vestland,Austrheim vidaregåande skule,Teknologi- og industrifag,0,Vg1,TP,2027,1,34.5,4.4,0.846,6,0
Vestland,Austrheim vidaregåande skule,Akvakultur,0,Vg2,NA,2027,1,29.8,5.5,0.532,3,0
Vestland,Austrheim vidaregåande skule,Anleggsteknikk,0,Vg2,BA,2027,1,37.2,5.0,0.866,5,0
Vestland,Austrheim vidaregåande skule,Helsearbeiderfag,0,Vg2,HS,2027,1,28.3,5.5,0.512,3,0
Vestland,Austrheim vidaregåande skule,Industriteknologi,0,Vg2,TP,2027,1,34.6,5.0,0.796,6,0
Vestland,Austrheim vidaregåande skule,Kjøretøy,0,Vg2,TP,2027,1,29.1,5.0,0.5,4,0
Vestland,Austrheim vidaregåande skule,Maritime fag,0,Vg2,TP,2027,1,35.9,5.5,0.894,3,0
Vestland,Austrheim vidaregåande skule,Overflateteknikk,0,Vg2,BA,2027,1,29.0,5.9,0.662,1,0
Vestland,Austrheim vidaregåande skule,Tømrer,0,Vg2,BA,2027,1,27.6,5.0,0.773,6,0
Vestland,Bergen katedralskole,Studiespesialisering,0,Vg1,ST,2027,1,46.5,3.3,0.891,13,0
Vestland,Bergen katedralskole,"Studiespesialisering, forberedende IB",0,Vg1,ST,2027,1,42.5,5.2,0.868,1,0
Vestland,Bømlo vidaregåande skule,Elektro og datateknologi,0,Vg1,EL,2027,1,32.0,4.4,0.864,5,0
Vestland,Bømlo vidaregåande skule,Helse- og oppvekstfag,0,Vg1,HS,2027,1,32.9,4.4,0.548,6,0
Vestland,Bømlo vidaregåande skule,Naturbruk,0,Vg1,NA,2027,1,34.2,4.4,0.498,4,0
Vestland,Bømlo vidaregåande skule,Studiespesialisering,0,Vg1,ST,2027,1,39.8,4.4,0.609,6,0
Vestland,Bømlo vidaregåande skule,Teknologi- og industrifag,0,Vg1,TP,2027,1,29.3,4.4,0.623,4,0
Vestland,Bømlo vidaregåande skule,Akvakultur,0,Vg2,NA,2027,1,32.3,6.9,0.513,3,0
Vestland,Bømlo vidaregåande skule,Automatisering,0,Vg2,EL,2027,1,38.9,5.0,0.845,5,0
Vestland,Bømlo vidaregåande skule,Barne- og ungdomsarbeider,0,Vg2,HS,2027,1,30.9,5.0,0.734,6,0
Vestland,Bømlo vidaregåande skule,Elenergi og ekom,0,Vg2,EL,2027,1,34.5,5.0,0.622,4,0
Vestland,Bømlo vidaregåande skule,Helsearbeiderfag,0,Vg2,HS,2027,1,32.9,5.0,0.74,6,0
Vestland,Bømlo vidaregåande skule,Industriteknologi,0,Vg2,TP,2027,1,30.7,5.0,0.771,4,0
Vestland,Bømlo vidaregåande skule,Maritime fag,0,Vg2,TP,2027,1,36.0,5.0,0.879,5,0
Vestland,Bømlo vidaregåande skule,Automatiseringsfaget,0,Vg3,EL,2027,1,35.0,6.2,0.764,5,0
Vestland,Bømlo vidaregåande skule,Påbygging til generell studiekompetanse,0,Vg3,PB,2027,1,32.5,5.0,0.775,6,0
Vestland,Dale vidaregåande skule,Helse- og oppvekstfag,0,Vg1,HS,2027,1,32.5,5.6,0.534,7,0
Vestland,Dale vidaregåande skule,Studiespesialisering,0,Vg1,ST,2027,1,40.8,4.4,0.727,9,0
Vestland,Dale vidaregåande skule,Teknologi- og industrifag,0,Vg1,TP,2027,1,35.3,5.6,0.636,5,0
Vestland,Dale vidaregåande skule,Helsearbeiderfag,0,Vg2,HS,2027,1,36.9,5.0,0.497,4,0
Vestland,Dale vidaregåande skule,Industriteknologi,0,Vg2,TP,2027,1,35.6,5.0,0.789,6,0
Vestland,Dale vidaregåande skule,Påbygging til generell studiekompetanse,0,Vg3,PB,2027,1,36.3,6.2,0.787,6,0
Vestland,Dale vidaregåande skule,Påbygging til generell studiekompetanse etter yrkeskompetanse,0,Vg3,PB,2027,1,41.1,5.5,0.526,3,0
Vestland,Eid vidaregåande skule,Elektro og datateknologi,0,Vg1,EL,2027,1,33.9,4.4,0.725,5,0
Vestland,Eid vidaregåande skule,"Frisør, blomster, interiør og eksponeringsdesign",0,Vg1,FD,2027,1,32.3,4.4,0.799,7,0
Vestland,Eid vidaregåande skule,"Helse- og oppvekstfag, SK 3 år",0,Vg1,HS,2027,1,37.1,5.2,0.899,1,0
Vestland,Eid vidaregåande skule,Studiespesialisering,0,Vg1,ST,2027,1,33.1,4.4,0.713,7,0
Vestland,Eid vidaregåande skule,Teknologi- og industrifag,0,Vg1,TP,2027,1,28.9,5.6,0.879,6,0
Vestland,Eid vidaregåande skule,Automatisering,0,Vg2,EL,2027,1,34.1,6.2,0.893,6,0
Vestland,Eid vidaregåande skule,Datateknologi og elektronikk,0,Vg2,EL,2027,1,36.7,6.2,0.83,4,0
Vestland,Eid vidaregåande skule,Elenergi og ekom,0,Vg2,EL,2027,1,35.4,5.0,0.907,6,0
Vestland,Eid vidaregåande skule,Frisør,0,Vg2,FD,2027,1,31.0,5.0,0.731,6,0
Vestland,Eid vidaregåande skule,Industriteknologi,0,Vg2,TP,2027,1,29.5,6.2,0.833,5,0
Vestland,Eid vidaregåande skule,Interiør og eksponeringsdesign,0,Vg2,FD,2027,1,32.5,6.2,0.766,6,0
Vestland,Eid vidaregåande skule,Automatiseringsfaget,0,Vg3,EL,2027,1,34.1,5.0,0.577,5,0
Vestland,Eid vidaregåande skule,Påbygging til generell studiekompetanse,0,Vg3,PB,2027,1,37.3,5.0,0.832,6,0
Vestland,Eid vidaregåande skule,Påbygging til generell studiekompetanse etter yrkeskompetanse,0,Vg3,PB,2027,1,39.9,5.0,0.848,4,0
Vestland,Firda vidaregåande skule,Idrettsfag,0,Vg1,ID,2027,1,34.6,4.4,0.512,8,0
Vestland,Firda vidaregåande skule,"Musikk, dans og drama, dans",0,Vg1,MD,2027,1,35.5,4.4,0.615,8,0
Vestland,Firda vidaregåande skule,"Musikk, dans og drama, drama",0,Vg1,MD,2027,1,35.7,4.4,0.448,8,0
Vestland,Firda vidaregåande skule,"Musikk, dans og drama, musikk",0,Vg1,MD,2027,1,33.9,4.4,0.571,7,0
Vestland,Firda vidaregåande skule,Studiespesialisering,0,Vg1,ST,2027,1,34.7,4.4,0.218,6,0
Vestland,Fitjar vidaregåande skule,"Frisør, blomster, interiør og eksponeringsdesign",0,Vg1,FD,2027,1,25.1,4.4,0.555,6,0
Vestland,Fitjar vidaregåande skule,Helse- og oppvekstfag,0,Vg1,HS,2027,1,27.9,5.6,0.765,7,0
Vestland,Fitjar vidaregåande skule,"Helse- og oppvekstfag, SK 3 år",0,Vg1,HS,2027,1,35.4,5.6,0.876,4,0
Vestland,Fitjar vidaregåande skule,Restaurant- og matfag,0,Vg1,RM,2027,1,32.2,4.4,0.472,6,0
Vestland,Fitjar vidaregåande skule,Barne- og ungdomsarbeider,0,Vg2,HS,2027,1,32.0,5.0,0.75,6,0
Vestland,Fitjar vidaregåande skule,Helsearbeiderfag,0,Vg2,HS,2027,1,31.8,6.2,0.755,6,0
Vestland,Fitjar vidaregåande skule,Kokk- og servitørfag,0,Vg2,RM,2027,1,28.3,5.0,0.423,4,0
Vestland,Fitjar vidaregåande skule,Påbygging til generell studiekompetanse,0,Vg3,PB,2027,1,34.7,5.0,0.546,5,0
Vestland,Fitjar vidaregåande skule,Påbygging til generell studiekompetanse etter yrkeskompetanse,0,Vg3,PB,2027,1,35.2,5.0,0.806,4,0
Vestland,Flora vidaregåande skule,Bygg- og anleggsteknikk,0,Vg1,BA,2027,1,26.0,5.6,0.351,6,0
Vestland,Flora vidaregåande skule,Elektro og datateknologi,0,Vg1,EL,2027,1,30.8,4.4,0.808,6,0
Vestland,Flora vidaregåande skule,Helse- og oppvekstfag,0,Vg1,HS,2027,1,32.8,4.4,0.505,8,0
Vestland,Flora vidaregåande skule,Idrettsfag,0,Vg1,ID,2027,1,36.9,4.4,0.749,9,0
Vestland,Flora vidaregåande skule,Studiespesialisering,0,Vg1,ST,2027,1,36.1,4.4,0.655,8,0
Vestland,Flora vidaregåande skule,Teknologi- og industrifag,0,Vg1,TP,2027,1,31.4,4.4,0.348,4,0
Vestland,Flora vidaregåande skule,Barne- og ungdomsarbeider,0,Vg2,HS,2027,1,29.9,5.0,0.436,5,0
Vestland,Flora vidaregåande skule,Elenergi og ekom,0,Vg2,EL,2027,1,33.6,5.0,0.562,5,0
Vestland,Flora vidaregåande skule,Helsearbeiderfag,0,Vg2,HS,2027,1,31.3,5.0,0.441,5,0
Vestland,Flora vidaregåande skule,Industriteknologi,0,Vg2,TP,2027,1,30.3,5.0,0.715,6,0
Vestland,Flora vidaregåande skule,Rørlegger,0,Vg2,BA,2027,1,29.0,5.0,0.403,4,0
Vestland,Flora vidaregåande skule,Tømrer,0,Vg2,BA,2027,1,27.9,5.0,0.453,5,0
Vestland,Flora vidaregåande skule,Påbygging til generell studiekompetanse,0,Vg3,PB,2027,1,38.5,5.0,0.713,6,0
Vestland,Flora vidaregåande skule,Påbygging til generell studiekompetanse etter yrkeskompetanse,0,Vg3,PB,2027,1,38.6,5.5,0.438,3,0
Vestland,Fusa vidaregåande skule,Helse- og oppvekstfag,0,Vg1,HS,2027,1,32.7,4.4,0.788,7,0
Vestland,Fusa vidaregåande skule,Naturbruk,0,Vg1,NA,2027,1,33.5,4.4,0.545,6,0
Vestland,Fusa vidaregåande skule,Restaurant- og matfag,0,Vg1,RM,2027,1,30.0,5.6,0.459,6,0
Vestland,Fusa vidaregåande skule,Teknologi- og industrifag,0,Vg1,TP,2027,1,35.5,4.4,0.624,5,0
Vestland,Fusa vidaregåande skule,Akvakultur,0,Vg2,NA,2027,1,36.8,6.2,0.799,6,0
Vestland,Fusa vidaregåande skule,Helsearbeiderfag,0,Vg2,HS,2027,1,35.4,6.2,0.524,4,0
Vestland,Fusa vidaregåande skule,Industriteknologi,0,Vg2,TP,2027,1,31.6,5.0,0.815,6,0
Vestland,Fusa vidaregåande skule,Kokk- og servitørfag,0,Vg2,RM,2027,1,36.5,6.2,0.714,4,0
Vestland,Fyllingsdalen videregående skole,Helse- og oppvekstfag,0,Vg1,HS,2027,1,35.4,4.4,0.885,7,0
Vestland,Fyllingsdalen videregående skole,"Helse- og oppvekstfag, SK 3 år",0,Vg1,HS,2027,1,41.5,4.4,0.954,5,0
Vestland,Fyllingsdalen videregående skole,"Musikk, dans og drama, drama",0,Vg1,MD,2027,1,42.0,4.4,0.868,7,0
Vestland,Fyllingsdalen videregående skole,Studiespesialisering,0,Vg1,ST,2027,1,41.8,4.4,0.856,13,0
Vestland,Fyllingsdalen videregående skole,Helsearbeiderfag,0,Vg2,HS,2027,1,31.6,5.0,0.879,6,0
Vestland,Fyllingsdalen videregående skole,Påbygging til generell studiekompetanse,0,Vg3,PB,2027,1,40.4,4.9,0.905,6,0
Vestland,Førde vidaregåande skule,Bygg- og anleggsteknikk,0,Vg1,BA,2027,1,30.5,4.4,0.833,9,0
Vestland,Førde vidaregåande skule,Elektro og datateknologi,0,Vg1,EL,2027,1,40.2,4.4,0.916,6,0
Vestland,Førde vidaregåande skule,Helse- og oppvekstfag,0,Vg1,HS,2027,1,35.3,4.4,0.821,9,0
Vestland,Førde vidaregåande skule,"Helse- og oppvekstfag, SK 3 år",0,Vg1,HS,2027,1,41.8,4.4,0.916,4,0
Vestland,Førde vidaregåande skule,"Kunst, design og arkitektur",0,Vg1,KD,2027,1,36.3,4.4,0.745,8,0
Vestland,Førde vidaregåande skule,Medier og kommunikasjon,0,Vg1,MK,2027,1,37.7,4.4,0.583,7,0
Vestland,Førde vidaregåande skule,Naturbruk,0,Vg1,NA,2027,1,34.4,5.6,0.327,5,0
Vestland,Førde vidaregåande skule,"Naturbruk, hest",0,Vg1,NA,2027,1,34.7,5.6,0.824,9,0
Vestland,Førde vidaregåande skule,Restaurant- og matfag,0,Vg1,RM,2027,1,30.8,4.4,0.563,8,0
Vestland,Førde vidaregåande skule,"Salg, service og reiseliv",0,Vg1,SR,2027,1,34.9,4.4,0.859,7,0
Vestland,Førde vidaregåande skule,Studiespesialisering,0,Vg1,ST,2027,1,40.6,4.4,0.619,8,0
Vestland,Førde vidaregåande skule,Teknologi- og industrifag,0,Vg1,TP,2027,1,34.0,5.6,0.889,6,0
Vestland,Førde vidaregåande skule,Ambulansefag,0,Vg2,HS,2027,1,52.0,3.7,0.929,6,0
Vestland,Førde vidaregåande skule,Anleggsteknikk,0,Vg2,BA,2027,1,36.3,5.0,0.906,6,0
Vestland,Førde vidaregåande skule,Barne- og ungdomsarbeider,0,Vg2,HS,2027,1,35.7,6.2,0.806,6,0
Vestland,Førde vidaregåande skule,Betong og mur,0,Vg2,BA,2027,1,30.2,5.0,0.753,5,0
Vestland,Førde vidaregåande skule,Elenergi og ekom,0,Vg2,EL,2027,1,39.2,5.0,0.915,6,0
Vestland,Førde vidaregåande skule,Helsearbeiderfag,0,Vg2,HS,2027,1,34.2,6.2,0.811,6,0
Vestland,Førde vidaregåande skule,Helseservicefag,0,Vg2,HS,2027,1,32.2,5.0,0.791,6,0
Vestland,Førde vidaregåande skule,Heste- og dyrefag,0,Vg2,NA,2027,1,36.0,5.0,0.826,6,0
Vestland,Førde vidaregåande skule,Industriteknologi,0,Vg2,TP,2027,1,31.6,5.0,0.845,6,0
Vestland,Førde vidaregåande skule,Kjøretøy,0,Vg2,TP,2027,1,32.8,5.0,0.825,6,0
Vestland,Førde vidaregåande skule,Kokk- og servitørfag,0,Vg2,RM,2027,1,28.7,5.0,0.516,5,0
Vestland,Førde vidaregåande skule,Landbruk og gartnernæring,0,Vg2,NA,2027,1,34.8,5.0,0.499,5,0
Vestland,Førde vidaregåande skule,Salg og reiseliv,0,Vg2,SR,2027,1,32.1,6.2,0.754,5,0
Vestland,Førde vidaregåande skule,"Salg, service og reiseliv",1,Vg2,SR,2027,1,32.9,6.7,0.483,0,0
Vestland,Førde vidaregåande skule,Transport og logistikk,0,Vg2,TP,2027,1,29.5,6.2,0.82,6,0
Vestland,Førde vidaregåande skule,Tømrer,0,Vg2,BA,2027,1,29.7,5.0,0.824,6,0
Vestland,Førde vidaregåande skule,Påbygging til generell studiekompetanse,0,Vg3,PB,2027,1,42.7,4.9,0.844,6,0
Vestland,Førde vidaregåande skule,Påbygging til generell studiekompetanse etter yrkeskompetanse,0,Vg3,PB,2027,1,41.1,6.2,0.859,4,0
Vestland,Førde vidaregåande skule,Studieforberedende naturbruk,0,Vg3,NA,2027,1,34.3,5.5,0.466,2,0
Vestland,Høyanger vidaregåande skule,Elektro og datateknologi,0,Vg1,EL,2027,1,32.5,4.4,0.586,5,0
Vestland,Høyanger vidaregåande skule,Helse- og oppvekstfag,0,Vg1,HS,2027,1,31.2,4.4,0.308,4,0
Vestland,Høyanger vidaregåande skule,Studiespesialisering,0,Vg1,ST,2027,1,35.6,4.4,0.374,6,0
Vestland,Høyanger vidaregåande skule,Teknologi- og industrifag,0,Vg1,TP,2027,1,29.9,4.4,0.792,6,0
Vestland,Høyanger vidaregåande skule,Elenergi og ekom,0,Vg2,EL,2027,1,32.0,5.0,0.828,6,0
Vestland,Høyanger vidaregåande skule,Helsearbeiderfag,0,Vg2,HS,2027,1,31.2,6.9,0.684,3,0
Vestland,Høyanger vidaregåande skule,Industriteknologi,0,Vg2,TP,2027,1,28.1,5.0,0.738,5,0
Vestland,Høyanger vidaregåande skule,Kjemiprosess- og laboratoriefag,0,Vg2,TP,2027,1,34.7,5.5,0.824,3,0
Vestland,Knarvik vidaregåande skule,Bygg- og anleggsteknikk,0,Vg1,BA,2027,1,34.1,4.4,0.926,7,0
Vestland,Knarvik vidaregåande skule,Elektro og datateknologi,0,Vg1,EL,2027,1,39.6,4.4,0.97,6,0
Vestland,Knarvik vidaregåande skule,Helse- og oppvekstfag,0,Vg1,HS,2027,1,32.7,5.6,0.919,7,0
Vestland,Knarvik vidaregåande skule,Studiespesialisering,0,Vg1,ST,2027,1,38.1,4.4,0.894,13,0
Vestland,Knarvik vidaregåande skule,Teknologi- og industrifag,0,Vg1,TP,2027,1,38.6,4.4,0.958,6,0
Vestland,Knarvik vidaregåande skule,Automatisering,0,Vg2,EL,2027,1,44.9,5.8,0.963,1,0
Vestland,Knarvik vidaregåande skule,Barne- og ungdomsarbeider,0,Vg2,HS,2027,1,37.2,5.0,0.91,6,0
Vestland,Knarvik vidaregåande skule,Elenergi og ekom,0,Vg2,EL,2027,1,39.5,5.0,0.969,6,0
Vestland,Knarvik vidaregåande skule,Helsearbeiderfag,0,Vg2,HS,2027,1,35.6,5.0,0.914,6,0
Vestland,Knarvik vidaregåande skule,Industriteknologi,0,Vg2,TP,2027,1,39.9,5.0,0.935,6,0
Vestland,Knarvik vidaregåande skule,Kjemiprosess- og laboratoriefag,0,Vg2,TP,2027,1,46.0,3.7,0.968,6,0
Vestland,Knarvik vidaregåande skule,Transport og logistikk,0,Vg2,TP,2027,1,30.1,6.2,0.919,5,0
Vestland,Knarvik vidaregåande skule,Tømrer,0,Vg2,BA,2027,1,35.2,5.0,0.922,6,0
Vestland,Knarvik vidaregåande skule,Påbygging til generell studiekompetanse,0,Vg3,PB,2027,1,43.2,4.9,0.934,6,0
Vestland,Kvam vidaregåande skule,Elektro og datateknologi,0,Vg1,EL,2027,1,34.3,5.6,0.906,5,0
Vestland,Kvam vidaregåande skule,Helse- og oppvekstfag,0,Vg1,HS,2027,1,32.9,5.6,0.804,7,0
Vestland,Kvam vidaregåande skule,Studiespesialisering,0,Vg1,ST,2027,1,38.4,4.4,0.766,7,0
Vestland,Kvam vidaregåande skule,Teknologi- og industrifag,0,Vg1,TP,2027,1,31.4,4.4,0.877,6,0
Vestland,Kvam vidaregåande skule,Helsearbeiderfag,0,Vg2,HS,2027,1,31.3,5.0,0.74,4,0
Vestland,Kvam vidaregåande skule,Industriteknologi,0,Vg2,TP,2027,1,31.3,5.0,0.579,4,0
Vestland,Kvam vidaregåande skule,Transport og logistikk,0,Vg2,TP,2027,1,27.4,5.0,0.804,5,0
Vestland,Kvinnherad vidaregåande skule,Bygg- og anleggsteknikk,0,Vg1,BA,2027,1,30.5,5.6,0.495,6,0
Vestland,Kvinnherad vidaregåande skule,Elektro og datateknologi,0,Vg1,EL,2027,1,39.5,4.4,0.835,6,0
Vestland,Kvinnherad vidaregåande skule,Helse- og oppvekstfag,0,Vg1,HS,2027,1,33.1,4.4,0.484,6,0
Vestland,Kvinnherad vidaregåande skule,Studiespesialisering,0,Vg1,ST,2027,1,38.1,4.4,0.321,5,0
Vestland,Kvinnherad vidaregåande skule,Teknologi- og industrifag,0,Vg1,TP,2027,1,32.6,4.4,0.553,5,0
Vestland,Kvinnherad vidaregåande skule,Barne- og ungdomsarbeider,0,Vg2,HS,2027,1,32.3,6.2,0.462,5,0
Vestland,Kvinnherad vidaregåande skule,Elenergi og ekom,0,Vg2,EL,2027,1,35.3,6.2,0.834,6,0
Vestland,Kvinnherad vidaregåande skule,Helsearbeiderfag,0,Vg2,HS,2027,1,33.4,5.0,0.467,5,0
Vestland,Kvinnherad vidaregåande skule,Industriteknologi,0,Vg2,TP,2027,1,31.5,5.0,0.744,6,0
Vestland,Kvinnherad vidaregåande skule,Kjemiprosess- og laboratoriefag,0,Vg2,TP,2027,1,39.6,5.0,0.83,6,0
Vestland,Kvinnherad vidaregåande skule,Tømrer,0,Vg2,BA,2027,1,29.5,5.0,0.479,5,0
Vestland,Kvinnherad vidaregåande skule,Påbygging til generell studiekompetanse,0,Vg3,PB,2027,1,35.3,6.2,0.742,6,0
Vestland,Laksevåg og Bergen Maritime videregående skole,Bygg- og anleggsteknikk,0,Vg1,BA,2027,1,36.5,4.4,0.963,7,0
Vestland,Laksevåg og Bergen Maritime videregående skole,Elektro og datateknologi,0,Vg1,EL,2027,1,45.6,3.3,0.986,6,0
Vestland,Laksevåg og Bergen Maritime videregående skole,"Elektro og datateknologi, SK 3 år",0,Vg1,EL,2027,1,47.4,3.3,0.977,6,0
Vestland,Laksevåg og Bergen Maritime videregående skole,Teknologi- og industrifag,0,Vg1,TP,2027,1,42.6,4.4,0.98,6,0
Vestland,Laksevåg og Bergen Maritime videregående skole,Automatisering,0,Vg2,EL,2027,1,49.7,3.7,0.983,6,0
Vestland,Laksevåg og Bergen Maritime videregående skole,Brønnteknikk,0,Vg2,TP,2027,1,50.8,3.7,0.987,6,0
Vestland,Laksevåg og Bergen Maritime videregående skole,Elenergi og ekom,0,Vg2,EL,2027,1,47.0,3.7,0.986,6,0
Vestland,Laksevåg og Bergen Maritime videregående skole,Industriteknologi,0,Vg2,TP,2027,1,41.6,5.5,0.968,3,0
Vestland,Laksevåg og Bergen Maritime videregående skole,Kjemiprosess- og laboratoriefag,0,Vg2,TP,2027,1,49.8,3.7,0.985,6,0
Vestland,Laksevåg og Bergen Maritime videregående skole,Maritime fag,0,Vg2,TP,2027,1,44.7,4.9,0.988,6,0
Vestland,Laksevåg og Bergen Maritime videregående skole,Tømrer,0,Vg2,BA,2027,1,37.1,6.2,0.961,6,0
Vestland,Laksevåg og Bergen Maritime videregående skole,Automatiseringsfaget,0,Vg3,EL,2027,1,43.9,4.9,0.964,6,0
Vestland,Laksevåg og Bergen Maritime videregående skole,Maritim elektrikerfaget vg3 sk,0,Vg3,EL,2027,1,49.3,3.7,0.98,4,0
Vestland,Langhaugen videregående skole,"Musikk, dans og drama, dans",0,Vg1,MD,2027,1,45.0,4.4,0.945,7,0
Vestland,Langhaugen videregående skole,"Musikk, dans og drama, musikk",0,Vg1,MD,2027,1,50.3,3.3,0.955,7,0
Vestland,Langhaugen videregående skole,Studiespesialisering,0,Vg1,ST,2027,1,46.9,3.3,0.932,13,0
Vestland,Måløy vidaregåande skule,Bygg- og anleggsteknikk,0,Vg1,BA,2027,1,29.8,4.4,0.695,8,0
Vestland,Måløy vidaregåande skule,Helse- og oppvekstfag,0,Vg1,HS,2027,1,34.6,4.4,0.683,8,0
Vestland,Måløy vidaregåande skule,Naturbruk,0,Vg1,NA,2027,1,35.0,4.4,0.738,9,0
Vestland,Måløy vidaregåande skule,Restaurant- og matfag,0,Vg1,RM,2027,1,30.1,5.6,0.318,5,0
Vestland,Måløy vidaregåande skule,Studiespesialisering,0,Vg1,ST,2027,1,38.3,4.4,0.578,7,0
Vestland,Måløy vidaregåande skule,Teknologi- og industrifag,0,Vg1,TP,2027,1,34.0,4.4,0.613,5,0
Vestland,Måløy vidaregåande skule,Akvakultur,0,Vg2,NA,2027,1,33.2,6.2,0.506,5,0
Vestland,Måløy vidaregåande skule,Fiske og fangst,0,Vg2,NA,2027,1,39.5,5.0,0.817,6,0
Vestland,Måløy vidaregåande skule,Helsearbeiderfag,0,Vg2,HS,2027,1,29.2,5.9,0.467,1,0
Vestland,Måløy vidaregåande skule,Kjøretøy,0,Vg2,TP,2027,1,28.5,5.0,0.743,6,0
Vestland,Måløy vidaregåande skule,Kokk- og servitørfag,0,Vg2,RM,2027,1,30.4,5.0,0.437,4,0
Vestland,Måløy vidaregåande skule,Maritime fag,0,Vg2,TP,2027,1,35.1,5.0,0.871,6,0
Vestland,Måløy vidaregåande skule,Tømrer,0,Vg2,BA,2027,1,29.4,5.0,0.5,5,0
Vestland,Nordahl Grieg videregående skole,Helse- og oppvekstfag,0,Vg1,HS,2027,1,36.6,4.4,0.911,7,0
Vestland,Nordahl Grieg videregående skole,"Helse- og oppvekstfag, SK 3 år",0,Vg1,HS,2027,1,42.5,4.4,0.967,7,0
Vestland,Nordahl Grieg videregående skole,Medier og kommunikasjon,0,Vg1,MK,2027,1,41.5,4.4,0.9,7,0
Vestland,Nordahl Grieg videregående skole,Studiespesialisering,0,Vg1,ST,2027,1,44.0,4.4,0.886,13,0
Vestland,Nordahl Grieg videregående skole,Barne- og ungdomsarbeider,0,Vg2,HS,2027,1,34.8,5.0,0.903,6,0
Vestland,Nordahl Grieg videregående skole,Helsearbeiderfag,0,Vg2,HS,2027,1,36.4,6.2,0.906,6,0
Vestland,Nordahl Grieg videregående skole,Påbygging til generell studiekompetanse,0,Vg3,PB,2027,1,42.4,4.9,0.928,6,0
Vestland,Odda vidaregåande skule,Bygg- og anleggsteknikk,0,Vg1,BA,2027,1,31.4,5.6,0.702,7,0
Vestland,Odda vidaregåande skule,Elektro og datateknologi,0,Vg1,EL,2027,1,34.3,4.4,0.81,6,0
Vestland,Odda vidaregåande skule,Helse- og oppvekstfag,0,Vg1,HS,2027,1,31.7,5.6,0.328,5,0
Vestland,Odda vidaregåande skule,Studiespesialisering,0,Vg1,ST,2027,1,38.9,4.4,0.283,5,0
Vestland,Odda vidaregåande skule,Teknologi- og industrifag,0,Vg1,TP,2027,1,32.4,4.4,0.526,5,0
Vestland,Odda vidaregåande skule,Elenergi og ekom,0,Vg2,EL,2027,1,33.1,5.0,0.806,5,0
Vestland,Odda vidaregåande skule,Helsearbeiderfag,0,Vg2,HS,2027,1,30.1,5.0,0.44,4,0
Vestland,Odda vidaregåande skule,Industriteknologi,0,Vg2,TP,2027,1,29.1,5.0,0.476,5,0
Vestland,Odda vidaregåande skule,Kjemiprosess- og laboratoriefag,0,Vg2,TP,2027,1,38.9,5.0,0.56,5,0
Vestland,Odda vidaregåande skule,"Smed, landslinje",0,Vg2,DT,2027,1,39.8,5.5,0.654,3,0
Vestland,Odda vidaregåande skule,Tømrer,0,Vg2,BA,2027,1,31.3,6.9,0.408,3,0
Vestland,Olsvikåsen videregående skole,Helse- og oppvekstfag,0,Vg1,HS,2027,1,37.0,4.4,0.924,7,0
Vestland,Olsvikåsen videregående skole,"Helse- og oppvekstfag, SK 3 år",0,Vg1,HS,2027,1,43.4,4.4,0.972,7,0
Vestland,Olsvikåsen videregående skole,"Kunst, design og arkitektur",0,Vg1,KD,2027,1,40.7,4.4,0.913,7,0
Vestland,Olsvikåsen videregående skole,Studiespesialisering,0,Vg1,ST,2027,1,45.4,3.3,0.901,13,0
Vestland,Olsvikåsen videregående skole,Barne- og ungdomsarbeider,0,Vg2,HS,2027,1,38.0,5.0,0.916,6,0
Vestland,Olsvikåsen videregående skole,Helsearbeiderfag,0,Vg2,HS,2027,1,38.7,5.0,0.919,6,0
Vestland,Os gymnas,Studiespesialisering,0,Vg1,ST,2027,1,39.2,4.4,0.682,11,0
Vestland,Os vidaregåande skule,Bygg- og anleggsteknikk,0,Vg1,BA,2027,1,31.7,4.4,0.895,7,0
Vestland,Os vidaregåande skule,Elektro og datateknologi,0,Vg1,EL,2027,1,37.4,4.4,0.954,6,0
Vestland,Os vidaregåande skule,Helse- og oppvekstfag,0,Vg1,HS,2027,1,35.0,4.4,0.885,7,0
Vestland,Os vidaregåande skule,"Helse- og oppvekstfag, SK 3 år",0,Vg1,HS,2027,1,40.1,4.9,0.954,3,0
Vestland,Os vidaregåande skule,"Salg, service og reiseliv",0,Vg1,SR,2027,1,37.7,4.4,0.915,7,0
Vestland,Os vidaregåande skule,Studiespesialisering,0,Vg1,ST,2027,1,41.7,5.2,0.85,1,0
Vestland,Os vidaregåande skule,Teknologi- og industrifag,0,Vg1,TP,2027,1,35.2,4.4,0.937,6,0
Vestland,Os vidaregåande skule,Ambulansefag,0,Vg2,HS,2027,1,54.1,3.7,0.962,6,0
Vestland,Os vidaregåande skule,"Anleggsteknikk, landslinje",0,Vg2,BA,2027,1,39.6,5.5,0.945,3,0
Vestland,Os vidaregåande skule,Arbeidsmaskiner,0,Vg2,TP,2027,1,37.0,5.0,0.927,6,0
Vestland,Os vidaregåande skule,Barne- og ungdomsarbeider,0,Vg2,HS,2027,1,36.2,6.2,0.875,6,0
Vestland,Os vidaregåande skule,Elenergi og ekom,0,Vg2,EL,2027,1,39.1,5.0,0.954,6,0
Vestland,Os vidaregåande skule,Helsearbeiderfag,0,Vg2,HS,2027,1,35.2,6.2,0.644,5,0
Vestland,Os vidaregåande skule,Kjøretøy,0,Vg2,TP,2027,1,30.3,5.0,0.89,6,0
Vestland,Os vidaregåande skule,Salg og reiseliv,0,Vg2,SR,2027,1,36.1,5.0,0.854,5,0
Vestland,Os vidaregåande skule,"Salg, service og reiseliv",1,Vg2,SR,2027,1,34.7,5.9,0.848,1,0
Vestland,Os vidaregåande skule,Transport og logistikk,0,Vg2,TP,2027,1,28.7,6.2,0.886,6,0
Vestland,Os vidaregåande skule,Tømrer,0,Vg2,BA,2027,1,29.9,6.2,0.889,6,0
Vestland,Os vidaregåande skule,"Anleggsmaskinmekanikerfaget, landslinje",0,Vg3,TP,2027,1,40.0,5.5,0.937,3,0
Vestland,Os vidaregåande skule,Påbygging til generell studiekompetanse,0,Vg3,PB,2027,1,39.8,5.0,0.904,6,0
Vestland,Osterøy vidaregåande skule,Elektro og datateknologi,0,Vg1,EL,2027,1,38.4,4.4,0.824,6,0
Vestland,Osterøy vidaregåande skule,Helse- og oppvekstfag,0,Vg1,HS,2027,1,31.1,4.4,0.472,6,0
Vestland,Osterøy vidaregåande skule,Studiespesialisering,0,Vg1,ST,2027,1,33.5,5.6,0.526,11,0
Vestland,Osterøy vidaregåande skule,Teknologi- og industrifag,0,Vg1,TP,2027,1,29.6,5.6,0.785,6,0
Vestland,Osterøy vidaregåande skule,Elenergi og ekom,0,Vg2,EL,2027,1,38.6,6.2,0.578,5,0
Vestland,Osterøy vidaregåande skule,Helsearbeiderfag,0,Vg2,HS,2027,1,32.0,5.0,0.455,5,0
Vestland,Osterøy vidaregåande skule,Industriteknologi,0,Vg2,TP,2027,1,27.2,5.0,0.489,5,0
Vestland,Sandsli videregående skole,Restaurant- og matfag,0,Vg1,RM,2027,1,32.1,4.4,0.776,7,0
Vestland,Sandsli videregående skole,Studiespesialisering,0,Vg1,ST,2027,1,42.3,4.4,0.837,13,0
Vestland,Sandsli videregående skole,Baker og konditor,0,Vg2,RM,2027,1,32.9,6.2,0.543,5,0
Vestland,Sandsli videregående skole,Kokk- og servitørfag,0,Vg2,RM,2027,1,27.1,5.0,0.813,6,0
Vestland,Sandsli videregående skole,Påbygging til generell studiekompetanse,0,Vg3,PB,2027,1,39.5,5.9,0.886,1,0
Vestland,Sandsli videregående skole,Påbygging til generell studiekompetanse etter yrkeskompetanse,0,Vg3,PB,2027,1,40.3,5.5,0.902,2,0
Vestland,Slåtthaug videregående skole,Bygg- og anleggsteknikk,0,Vg1,BA,2027,1,32.9,4.4,0.797,7,0
Vestland,Slåtthaug videregående skole,Elektro og datateknologi,0,Vg1,EL,2027,1,39.1,4.4,0.892,6,0
Vestland,Slåtthaug videregående skole,Helse- og oppvekstfag,0,Vg1,HS,2027,1,31.5,4.4,0.785,7,0
Vestland,Slåtthaug videregående skole,Teknologi- og industrifag,0,Vg1,TP,2027,1,35.4,4.4,0.86,6,0
Vestland,Slåtthaug videregående skole,Automatisering,0,Vg2,EL,2027,1,42.2,4.9,0.875,6,0
Vestland,Slåtthaug videregående skole,Barne- og ungdomsarbeider,0,Vg2,HS,2027,1,31.8,5.0,0.77,6,0
Vestland,Slåtthaug videregående skole,Betong og mur,0,Vg2,BA,2027,1,27.4,5.0,0.474,4,0
Vestland,Slåtthaug videregående skole,"Bilskade, lakk og karosseri",0,Vg2,TP,2027,1,26.0,5.0,0.807,6,0
Vestland,Slåtthaug videregående skole,Elenergi og ekom,0,Vg2,EL,2027,1,38.0,5.0,0.891,6,0
Vestland,Slåtthaug videregående skole,Helsearbeiderfag,0,Vg2,HS,2027,1,31.1,5.0,0.776,6,0
Vestland,Slåtthaug videregående skole,Industriteknologi,0,Vg2,TP,2027,1,33.7,5.0,0.567,5,0
Vestland,Slåtthaug videregående skole,Kjøretøy,0,Vg2,TP,2027,1,28.0,6.2,0.79,6,0
Vestland,Slåtthaug videregående skole,"Kulde-, varmepumpe-, vent.tekn",0,Vg2,EL,2027,1,31.5,5.0,0.62,4,0
Vestland,Slåtthaug videregående skole,Tømrer,0,Vg2,BA,2027,1,31.3,6.2,0.544,5,0
Vestland,Slåtthaug videregående skole,Automatiseringsfaget,0,Vg3,EL,2027,1,35.7,6.2,0.555,5,0
Vestland,Slåtthaug videregående skole,Påbygging til generell studiekompetanse,0,Vg3,PB,2027,1,37.1,6.2,0.81,6,0
Vestland,Slåtthaug videregående skole,Påbygging til generell studiekompetanse etter yrkeskompetanse,0,Vg3,PB,2027,1,39.6,5.0,0.826,4,0
Vestland,Sogndal vidaregåande skule,Bygg- og anleggsteknikk,0,Vg1,BA,2027,1,26.2,4.4,0.377,7,0
Vestland,Sogndal vidaregåande skule,Elektro og datateknologi,0,Vg1,EL,2027,1,38.5,4.4,0.836,6,0
Vestland,Sogndal vidaregåande skule,Helse- og oppvekstfag,0,Vg1,HS,2027,1,34.0,4.4,0.498,8,0
Vestland,Sogndal vidaregåande skule,Idrettsfag,0,Vg1,ID,2027,1,40.5,4.4,0.707,8,0
Vestland,Sogndal vidaregåande skule,Restaurant- og matfag,0,Vg1,RM,2027,1,28.6,4.4,0.326,4,0
Vestland,Sogndal vidaregåande skule,"Salg, service og reiseliv",0,Vg1,SR,2027,1,30.7,5.6,0.524,6,0
Vestland,Sogndal vidaregåande skule,Studiespesialisering,0,Vg1,ST,2027,1,36.1,5.6,0.235,6,0
Vestland,Sogndal vidaregåande skule,Teknologi- og industrifag,0,Vg1,TP,2027,1,32.5,4.4,0.798,6,0
Vestland,Sogndal vidaregåande skule,Anleggsteknikk,0,Vg2,BA,2027,1,34.6,5.0,0.821,6,0
Vestland,Sogndal vidaregåande skule,Barne- og ungdomsarbeider,0,Vg2,HS,2027,1,30.1,5.0,0.463,5,0
Vestland,Sogndal vidaregåande skule,Betong og mur,0,Vg2,BA,2027,1,28.8,6.2,0.416,5,0
Vestland,Sogndal vidaregåande skule,Datateknologi og elektronikk,0,Vg2,EL,2027,1,31.2,6.2,0.761,5,0
Vestland,Sogndal vidaregåande skule,Elenergi og ekom,0,Vg2,EL,2027,1,39.4,5.0,0.834,6,0
Vestland,Sogndal vidaregåande skule,Helsearbeiderfag,0,Vg2,HS,2027,1,30.8,5.0,0.707,6,0
Vestland,Sogndal vidaregåande skule,Kjøretøy,0,Vg2,TP,2027,1,26.0,6.2,0.722,6,0
Vestland,Sogndal vidaregåande skule,"Klima-, energi- og miljøteknikk",0,Vg2,BA,2027,1,31.7,6.9,0.5,3,0
Vestland,Sogndal vidaregåande skule,Kokk- og servitørfag,0,Vg2,RM,2027,1,27.8,5.0,0.419,4,0
Vestland,Sogndal vidaregåande skule,Rørlegger,0,Vg2,BA,2027,1,33.8,5.0,0.473,5,0
Vestland,Sogndal vidaregåande skule,Salg og reiseliv,0,Vg2,SR,2027,1,26.8,5.0,0.589,5,0
Vestland,Sogndal vidaregåande skule,"Salg, service og reiseliv",1,Vg2,SR,2027,1,30.3,6.7,0.349,0,0
Vestland,Sogndal vidaregåande skule,Transport og logistikk,0,Vg2,TP,2027,1,25.2,5.0,0.716,6,0
Vestland,Sogndal vidaregåande skule,Tømrer,0,Vg2,BA,2027,1,30.1,5.0,0.48,5,0
Vestland,Sogndal vidaregåande skule,Dataelektronikerfaget,0,Vg3,EL,2027,1,31.6,5.0,0.45,5,0
Vestland,Sotra vidaregåande skule,Bygg- og anleggsteknikk,0,Vg1,BA,2027,1,31.1,4.4,0.843,7,0
Vestland,Sotra vidaregåande skule,Elektro og datateknologi,0,Vg1,EL,2027,1,38.8,4.4,0.924,6,0
Vestland,Sotra vidaregåande skule,Helse- og oppvekstfag,0,Vg1,HS,2027,1,33.1,4.4,0.831,7,0
Vestland,Sotra vidaregåande skule,Idrettsfag,0,Vg1,ID,2027,1,42.5,4.4,0.88,7,0
Vestland,Sotra vidaregåande skule,Restaurant- og matfag,0,Vg1,RM,2027,1,33.2,4.4,0.734,7,0
Vestland,Sotra vidaregåande skule,"Salg, service og reiseliv",0,Vg1,SR,2027,1,36.8,4.4,0.869,7,0
Vestland,Sotra vidaregåande skule,Studiespesialisering,0,Vg1,ST,2027,1,41.4,4.4,0.799,13,0
Vestland,Sotra vidaregåande skule,"Studiespesialisering, teknologifag",0,Vg1,ST,2027,1,42.6,4.4,0.875,6,0
Vestland,Sotra vidaregåande skule,Teknologi- og industrifag,0,Vg1,TP,2027,1,37.3,4.4,0.898,6,0
Vestland,Sotra vidaregåande skule,Automatisering,0,Vg2,EL,2027,1,44.5,4.9,0.91,6,0
Vestland,Sotra vidaregåande skule,Barne- og ungdomsarbeider,0,Vg2,HS,2027,1,35.7,6.2,0.818,6,0
Vestland,Sotra vidaregåande skule,Betong og mur,0,Vg2,BA,2027,1,28.5,5.0,0.522,5,0
Vestland,Sotra vidaregåande skule,Elenergi og ekom,0,Vg2,EL,2027,1,40.5,4.9,0.923,6,0
Vestland,Sotra vidaregåande skule,Helsearbeiderfag,0,Vg2,HS,2027,1,35.8,5.0,0.579,5,0
Vestland,Sotra vidaregåande skule,Industriteknologi,0,Vg2,TP,2027,1,36.9,5.0,0.857,6,0
Vestland,Sotra vidaregåande skule,Kjøretøy,0,Vg2,TP,2027,1,29.8,5.0,0.836,6,0
Vestland,Sotra vidaregåande skule,Kokk- og servitørfag,0,Vg2,RM,2027,1,30.1,5.0,0.773,6,0
Vestland,Sotra vidaregåande skule,Salg og reiseliv,0,Vg2,SR,2027,1,29.3,5.0,0.773,5,0
Vestland,Sotra vidaregåande skule,"Salg, service og reiseliv",1,Vg2,SR,2027,1,33.5,6.7,0.499,0,0
Vestland,Sotra vidaregåande skule,Tømrer,0,Vg2,BA,2027,1,30.4,5.0,0.592,5,0
Vestland,Sotra vidaregåande skule,Automatiseringsfaget,0,Vg3,EL,2027,1,38.1,5.0,0.603,5,0
Vestland,Sotra vidaregåande skule,Påbygging til generell studiekompetanse,0,Vg3,PB,2027,1,40.2,4.9,0.855,6,0
Vestland,Sotra vidaregåande skule,Påbygging til generell studiekompetanse etter yrkeskompetanse,0,Vg3,PB,2027,1,38.5,5.5,0.87,2,0
Vestland,Stend vidaregåande skule,Idrettsfag,0,Vg1,ID,2027,1,43.8,4.4,0.867,7,0
Vestland,Stend vidaregåande skule,Naturbruk,0,Vg1,NA,2027,1,33.9,4.9,0.54,3,0
Vestland,Stend vidaregåande skule,"Naturbruk, anleggsgartner",0,Vg1,NA,2027,1,29.9,4.4,0.42,5,0
Vestland,Stend vidaregåande skule,"Naturbruk, dyrefag",0,Vg1,NA,2027,1,32.7,4.4,0.818,6,0
Vestland,Stend vidaregåande skule,"Naturbruk, friluftsliv",0,Vg1,NA,2027,1,38.0,4.4,0.834,7,0
Vestland,Stend vidaregåande skule,"Naturbruk, hest",0,Vg1,NA,2027,1,36.7,4.4,0.819,6,0
Vestland,Stend vidaregåande skule,"Salg, service og reiseliv",0,Vg1,SR,2027,1,36.0,4.4,0.855,7,0
Vestland,Stend vidaregåande skule,Anleggsgartner,0,Vg2,BA,2027,1,32.0,5.0,0.811,6,0
Vestland,Stend vidaregåande skule,Heste- og dyrefag,0,Vg2,NA,2027,1,32.7,5.0,0.822,6,0
Vestland,Stend vidaregåande skule,Landbruk og gartnernæring,0,Vg2,NA,2027,1,29.6,5.5,0.492,3,0
Vestland,Stend vidaregåande skule,"Landbruk/gartnernæring, friluftsliv",0,Vg2,NA,2027,1,36.7,5.0,0.491,5,0
Vestland,Stend vidaregåande skule,Salg og reiseliv,0,Vg2,SR,2027,1,32.1,6.2,0.749,5,0
Vestland,Stend vidaregåande skule,"Salg, service og reiseliv",1,Vg2,SR,2027,1,32.8,5.9,0.766,1,0
Vestland,Stend vidaregåande skule,Påbygging til generell studiekompetanse,0,Vg3,PB,2027,1,41.5,4.9,0.84,6,0
Vestland,Stord vidaregåande skule,Bygg- og anleggsteknikk,0,Vg1,BA,2027,1,29.0,4.4,0.57,6,0
Vestland,Stord vidaregåande skule,Elektro og datateknologi,0,Vg1,EL,2027,1,36.7,4.4,0.674,5,0
Vestland,Stord vidaregåande skule,Idrettsfag,0,Vg1,ID,2027,1,37.8,4.4,0.815,7,0
Vestland,Stord vidaregåande skule,Informasjonsteknologi og medieproduksjon,0,Vg1,IM,2027,1,33.0,5.6,0.822,7,0
Vestland,Stord vidaregåande skule,Medier og kommunikasjon,0,Vg1,MK,2027,1,34.5,5.6,0.741,6,0
Vestland,Stord vidaregåande skule,"Musikk, dans og drama, musikk",0,Vg1,MD,2027,1,37.6,5.6,0.774,7,0
Vestland,Stord vidaregåande skule,"Salg, service og reiseliv",0,Vg1,SR,2027,1,30.4,4.4,0.6,6,0
Vestland,Stord vidaregåande skule,Studiespesialisering,0,Vg1,ST,2027,1,34.0,4.4,0.618,6,0
Vestland,Stord vidaregåande skule,Teknologi- og industrifag,0,Vg1,TP,2027,1,29.7,4.4,0.837,6,0
Vestland,Stord vidaregåande skule,Automatisering,0,Vg2,EL,2027,1,39.1,5.0,0.853,6,0
Vestland,Stord vidaregåande skule,Elenergi og ekom,0,Vg2,EL,2027,1,36.9,5.0,0.87,6,0
Vestland,Stord vidaregåande skule,Industriteknologi,0,Vg2,TP,2027,1,30.8,6.2,0.542,5,0
Vestland,Stord vidaregåande skule,Informasjonsteknologi,0,Vg2,IM,2027,1,31.4,5.0,0.512,5,0
Vestland,Stord vidaregåande skule,Kjøretøy,0,Vg2,TP,2027,1,25.4,5.0,0.764,6,0
Vestland,Stord vidaregåande skule,Salg og reiseliv,0,Vg2,SR,2027,1,27.6,5.0,0.656,5,0
Vestland,Stord vidaregåande skule,Tømrer,0,Vg2,BA,2027,1,29.1,5.0,0.763,6,0
Vestland,Stord vidaregåande skule,Automatiseringsfaget,0,Vg3,EL,2027,1,37.4,6.2,0.774,6,0
Vestland,Stord vidaregåande skule,Påbygging til generell studiekompetanse,0,Vg3,PB,2027,1,35.2,5.0,0.54,5,0
Vestland,Stryn vidaregåande skule,Bygg- og anleggsteknikk,0,Vg1,BA,2027,1,26.7,4.4,0.474,7,0
Vestland,Stryn vidaregåande skule,Helse- og oppvekstfag,0,Vg1,HS,2027,1,31.0,4.4,0.756,9,0
Vestland,Stryn vidaregåande skule,Studiespesialisering,0,Vg1,ST,2027,1,33.8,5.6,0.477,7,0
Vestland,Stryn vidaregåande skule,Teknologi- og industrifag,0,Vg1,TP,2027,1,29.1,4.4,0.627,5,0
Vestland,Stryn vidaregåande skule,Betong og mur,0,Vg2,BA,2027,1,31.1,5.0,0.684,6,0
Vestland,Stryn vidaregåande skule,Helsearbeiderfag,0,Vg2,HS,2027,1,30.0,5.0,0.501,5,0
Vestland,Stryn vidaregåande skule,Transport og logistikk,0,Vg2,TP,2027,1,26.7,5.0,0.752,6,0
Vestland,Stryn vidaregåande skule,Tømrer,0,Vg2,BA,2027,1,30.8,5.0,0.757,6,0
Vestland,Tertnes vidaregåande skule,Studiespesialisering,0,Vg1,ST,2027,1,42.0,4.4,0.838,13,0
Vestland,Voss gymnas,"Frisør, blomster, interiør og eksponeringsdesign",0,Vg1,FD,2027,1,31.4,4.4,0.575,6,0
Vestland,Voss gymnas,Helse- og oppvekstfag,0,Vg1,HS,2027,1,30.7,4.4,0.583,6,0
Vestland,Voss gymnas,Idrettsfag,0,Vg1,ID,2027,1,35.6,4.4,0.81,6,0
Vestland,Voss gymnas,Informasjonsteknologi og medieproduksjon,0,Vg1,IM,2027,1,34.1,4.4,0.615,6,0
Vestland,Voss gymnas,"Kunst, design og arkitektur",0,Vg1,KD,2027,1,36.1,5.6,0.735,7,0
Vestland,Voss gymnas,"Musikk, dans og drama, musikk",0,Vg1,MD,2027,1,36.0,4.4,0.769,7,0
Vestland,Voss gymnas,"Salg, service og reiseliv",0,Vg1,SR,2027,1,30.4,4.4,0.382,4,0
Vestland,Voss gymnas,Studiespesialisering,0,Vg1,ST,2027,1,36.6,4.4,0.374,5,0
Vestland,Voss gymnas,Barne- og ungdomsarbeider,0,Vg2,HS,2027,1,30.2,6.2,0.738,6,0
Vestland,Voss gymnas,Frisør,0,Vg2,FD,2027,1,28.7,5.0,0.662,4,0
Vestland,Voss gymnas,Helsearbeiderfag,0,Vg2,HS,2027,1,30.9,6.2,0.744,6,0
Vestland,Voss gymnas,Informasjonsteknologi,0,Vg2,IM,2027,1,28.7,5.0,0.673,5,0
Vestland,Voss gymnas,Salg og reiseliv,0,Vg2,SR,2027,1,28.1,6.2,0.647,5,0
Vestland,Voss gymnas,"Salg, service og reiseliv",1,Vg2,SR,2027,1,29.7,6.7,0.396,0,0
Vestland,Voss gymnas,Påbygging til generell studiekompetanse,0,Vg3,PB,2027,1,39.3,5.0,0.779,6,0
Vestland,Voss vidaregåande skule,Bygg- og anleggsteknikk,0,Vg1,BA,2027,1,31.3,4.4,0.824,7,0
Vestland,Voss vidaregåande skule,Elektro og datateknologi,0,Vg1,EL,2027,1,35.5,4.4,0.911,6,0
Vestland,Voss vidaregåande skule,Naturbruk,0,Vg1,NA,2027,1,31.7,4.4,0.808,7,0
Vestland,Voss vidaregåande skule,"Naturbruk, friluftsliv",0,Vg1,NA,2027,1,38.6,4.4,0.83,7,0
Vestland,Voss vidaregåande skule,"Naturbruk, hest",0,Vg1,NA,2027,1,33.8,4.4,0.815,7,0
Vestland,Voss vidaregåande skule,Restaurant- og matfag,0,Vg1,RM,2027,1,34.6,5.6,0.396,4,0
Vestland,Voss vidaregåande skule,Teknologi- og industrifag,0,Vg1,TP,2027,1,34.2,4.4,0.883,6,0
Vestland,Voss vidaregåande skule,Arbeidsmaskiner,0,Vg2,TP,2027,1,33.9,6.2,0.868,6,0
Vestland,Voss vidaregåande skule,Baker og konditor,0,Vg2,RM,2027,1,36.8,5.0,0.725,5,0
Vestland,Voss vidaregåande skule,Betong og mur,0,Vg2,BA,2027,1,30.2,5.0,0.503,5,0
Vestland,Voss vidaregåande skule,Elenergi og ekom,0,Vg2,EL,2027,1,39.9,5.0,0.91,6,0
Vestland,Voss vidaregåande skule,Heste- og dyrefag,0,Vg2,NA,2027,1,32.3,6.2,0.818,6,0
Vestland,Voss vidaregåande skule,Industriteknologi,0,Vg2,TP,2027,1,34.9,5.0,0.838,6,0
Vestland,Voss vidaregåande skule,Kjøretøy,0,Vg2,TP,2027,1,26.7,5.0,0.565,4,0
Vestland,Voss vidaregåande skule,Kokk- og servitørfag,0,Vg2,RM,2027,1,30.2,6.2,0.752,6,0
Vestland,Voss vidaregåande skule,Landbruk og gartnernæring,0,Vg2,NA,2027,1,32.9,5.0,0.491,5,0
Vestland,Voss vidaregåande skule,"Landbruk/gartnernæring, friluftsliv",0,Vg2,NA,2027,1,36.7,6.2,0.487,5,0
Vestland,Voss vidaregåande skule,Tømrer,0,Vg2,BA,2027,1,30.3,6.2,0.816,6,0
Vestland,Voss vidaregåande skule,Landbruk,0,Vg3,NA,2027,1,33.4,5.0,0.512,5,0
Vestland,Voss vidaregåande skule,Studieforberedende naturbruk,0,Vg3,NA,2027,1,31.9,6.2,0.51,5,0
Vestland,Årdal vidaregåande skule,Elektro og datateknologi,0,Vg1,EL,2027,1,31.3,5.6,0.737,6,0
Vestland,Årdal vidaregåande skule,Studiespesialisering,0,Vg1,ST,2027,1,35.4,4.4,0.24,6,0
Vestland,Årdal vidaregåande skule,Teknologi- og industrifag,0,Vg1,TP,2027,1,30.0,5.6,0.493,5,0
Vestland,Årdal vidaregåande skule,Automatisering,0,Vg2,EL,2027,1,35.1,5.0,0.308,4,0
Vestland,Årdal vidaregåande skule,Industriteknologi,0,Vg2,TP,2027,1,31.7,5.0,0.411,5,0
Vestland,Årdal vidaregåande skule,Kjemiprosess- og laboratoriefag,0,Vg2,TP,2027,1,37.0,6.2,0.489,5,0
Vestland,Årdal vidaregåande skule,Automatiseringsfaget,0,Vg3,EL,2027,1,32.0,5.0,0.348,4,0
Vestland,Årdal vidaregåande skule,Påbygging til generell studiekompetanse,0,Vg3,PB,2027,1,35.0,5.0,0.639,6,0
Vestland,Årdal vidaregåande skule,Påbygging til generell studiekompetanse etter yrkeskompetanse,0,Vg3,PB,2027,1,34.7,5.5,0.352,3,0
Vestland,Årstad videregående skole,Elektro og datateknologi,0,Vg1,EL,2027,1,39.2,4.4,0.927,6,0
Vestland,Årstad videregående skole,"Frisør, blomster, interiør og eksponeringsdesign",0,Vg1,FD,2027,1,32.6,4.4,0.829,7,0
Vestland,Årstad videregående skole,Helse- og oppvekstfag,0,Vg1,HS,2027,1,33.8,4.4,0.837,7,0
Vestland,Årstad videregående skole,"Håndverk, design og produktutvikling",0,Vg1,DT,2027,1,38.7,4.4,0.813,7,0
Vestland,Årstad videregående skole,"Kunst, design og arkitektur",0,Vg1,KD,2027,1,38.7,4.4,0.819,7,0
Vestland,Årstad videregående skole,Teknologi- og industrifag,0,Vg1,TP,2027,1,35.1,4.4,0.903,6,0
Vestland,Årstad videregående skole,Barne- og ungdomsarbeider,0,Vg2,HS,2027,1,32.2,5.0,0.58,5,0
Vestland,Årstad videregående skole,Blomsterdekoratør,0,Vg2,FD,2027,1,29.3,6.2,0.519,5,0
Vestland,Årstad videregående skole,Datateknologi og elektronikk,0,Vg2,EL,2027,1,30.5,5.0,0.88,6,0
Vestland,Årstad videregående skole,Elenergi og ekom,0,Vg2,EL,2027,1,38.6,5.0,0.926,6,0
Vestland,Årstad videregående skole,Frisør,0,Vg2,FD,2027,1,29.0,5.0,0.764,6,0
Vestland,Årstad videregående skole,Hudpleie,0,Vg2,HS,2027,1,36.7,5.0,0.877,6,0
Vestland,Årstad videregående skole,Industriteknologi,0,Vg2,TP,2027,1,34.4,5.0,0.862,6,0
Vestland,Årstad videregående skole,Interiør og eksponeringsdesign,0,Vg2,FD,2027,1,36.7,6.2,0.798,6,0
Vestland,Årstad videregående skole,Kjøretøy,0,Vg2,TP,2027,1,27.8,5.0,0.842,6,0
Vestland,Årstad videregående skole,Søm og tekstilhåndverk,0,Vg2,DT,2027,1,35.8,6.2,0.513,5,0
Vestland,Årstad videregående skole,Dataelektronikerfaget,0,Vg3,EL,2027,1,35.6,5.0,0.566,5,0
Vestland,Årstad videregående skole,Hudterapi,0,Vg3,HS,2027,1,36.6,5.5,0.866,2,0
Vestland,Årstad videregående skole,Interiør,0,Vg3,FD,2027,1,33.2,5.0,0.507,5,0
Vestland,Årstad videregående skole,Påbygging til generell studiekompetanse,0,Vg3,PB,2027,1,40.3,4.9,0.86,6,0
Vestland,Åsane vidaregåande skule,Bygg- og anleggsteknikk,0,Vg1,BA,2027,1,35.8,4.4,0.887,7,0
Vestland,Åsane vidaregåande skule,Elektro og datateknologi,0,Vg1,EL,2027,1,40.3,4.4,0.95,6,0
Vestland,Åsane vidaregåande skule,Helse- og oppvekstfag,0,Vg1,HS,2027,1,35.8,5.6,0.877,7,0
Vestland,Åsane vidaregåande skule,Idrettsfag,0,Vg1,ID,2027,1,43.8,4.4,0.918,7,0
Vestland,Åsane vidaregåande skule,"Salg, service og reiseliv",0,Vg1,SR,2027,1,37.6,4.4,0.909,7,0
Vestland,Åsane vidaregåande skule,Teknologi- og industrifag,0,Vg1,TP,2027,1,38.1,4.4,0.932,6,0
Vestland,Åsane vidaregåande skule,Barne- og ungdomsarbeider,0,Vg2,HS,2027,1,40.5,6.2,0.867,6,0
Vestland,Åsane vidaregåande skule,Betong og mur,0,Vg2,BA,2027,1,28.2,5.0,0.82,6,0
Vestland,Åsane vidaregåande skule,Elenergi og ekom,0,Vg2,EL,2027,1,39.3,6.2,0.95,6,0
Vestland,Åsane vidaregåande skule,Helsearbeiderfag,0,Vg2,HS,2027,1,39.7,5.0,0.871,6,0
Vestland,Åsane vidaregåande skule,Helseservicefag,0,Vg2,HS,2027,1,32.7,5.0,0.854,6,0
Vestland,Åsane vidaregåande skule,Industriteknologi,0,Vg2,TP,2027,1,36.5,5.0,0.899,6,0
Vestland,Åsane vidaregåande skule,"Klima-, energi- og miljøteknikk",0,Vg2,BA,2027,1,27.9,5.0,0.823,6,0
Vestland,Åsane vidaregåande skule,Rørlegger,0,Vg2,BA,2027,1,38.9,5.0,0.876,6,0
Vestland,Åsane vidaregåande skule,Salg og reiseliv,0,Vg2,SR,2027,1,35.7,5.0,0.843,5,0
Vestland,Åsane vidaregåande skule,"Salg, service og reiseliv",1,Vg2,SR,2027,1,33.4,5.9,0.838,1,0
Vestland,Åsane vidaregåande skule,"Service, sikkerhet og administrasjon",0,Vg2,SR,2027,1,31.8,5.0,0.762,5,0
Vestland,Åsane vidaregåande skule,Transport og logistikk,0,Vg2,TP,2027,1,31.9,5.0,0.878,6,0
Vestland,Åsane vidaregåande skule,Tømrer,0,Vg2,BA,2027,1,41.0,4.9,0.882,6,0
Vestland,Åsane vidaregåande skule,Apotekteknikk,0,Vg3,HS,2027,1,30.7,5.0,0.58,5,0
Vestland,Åsane vidaregåande skule,Helsesekretær,0,Vg3,HS,2027,1,34.9,5.0,0.401,4,0
Vestland,Åsane vidaregåande skule,Påbygging til generell studiekompetanse,0,Vg3,PB,2027,1,44.1,4.9,0.898,6,0
Vestland,Åsane vidaregåande skule,Påbygging til generell studiekompetanse etter yrkeskompetanse,0,Vg3,PB,2027,1,45.5,3.7,0.911,4,0
Vestland,Åsane vidaregåande skule,Tannhelsesekretær,0,Vg3,HS,2027,1,28.7,6.2,0.549,5,0
