school,program,occurrence,category,level,year,points,status
Bergeland videregående skole,Helse- og oppvekstfag,0,helse,Vg1,2018,27.9,points
Bergeland videregående skole,Helse- og oppvekstfag,0,helse,Vg1,2019,29.1,points
Bergeland videregående skole,Helse- og oppvekstfag,0,helse,Vg1,2020,27.1,points
Bergeland videregående skole,Helse- og oppvekstfag,0,helse,Vg1,2021,33.3,points
Bergeland videregående skole,Helse- og oppvekstfag,0,helse,Vg1,2022,30.0,points
Bergeland videregående skole,Helse- og oppvekstfag,0,helse,Vg1,2023,30.0,points
Bergeland videregående skole,Helse- og oppvekstfag,0,helse,Vg1,2024,29.0,points
Bergeland videregående skole,Helse- og oppvekstfag,0,helse,Vg1,2025,27.5,points
Bergeland videregående skole,"Helse- og oppvekstfag, SK 3år",0,helse,Vg1,2022,44.3,points
Bergeland videregående skole,"Helse- og oppvekstfag, SK 3år",0,helse,Vg1,2023,38.5,points
Bergeland videregående skole,"Helse- og oppvekstfag, SK 3år",0,helse,Vg1,2024,39.7,points
Bergeland videregående skole,"Helse- og oppvekstfag, SK 3år",0,helse,Vg1,2025,43.5,points
Bergeland videregående skole,"Kunst, design og arkitektur",0,kda,Vg1,2018,32.0,points
Bergeland videregående skole,"Kunst, design og arkitektur",0,kda,Vg1,2019,32.1,points
Bergeland videregående skole,"Kunst, design og arkitektur",0,kda,Vg1,2020,,open
Bergeland videregående skole,"Kunst, design og arkitektur",0,kda,Vg1,2021,24.3,points
Bergeland videregående skole,"Kunst, design og arkitektur",0,kda,Vg1,2022,37.7,points
Bergeland videregående skole,"Kunst, design og arkitektur",0,kda,Vg1,2023,36.0,points
Bergeland videregående skole,"Kunst, design og arkitektur",0,kda,Vg1,2024,30.6,points
Bergeland videregående skole,"Kunst, design og arkitektur",0,kda,Vg1,2025,27.1,points
Bergeland videregående skole,Medier og kommunikasjon,0,mk,Vg1,2019,35.3,points
Bergeland videregående skole,Medier og kommunikasjon,0,mk,Vg1,2020,,open
Bergeland videregående skole,Medier og kommunikasjon,0,mk,Vg1,2021,,open
Bergeland videregående skole,Medier og kommunikasjon,0,mk,Vg1,2022,37.1,points
Bergeland videregående skole,Medier og kommunikasjon,0,mk,Vg1,2023,,open
Bergeland videregående skole,Medier og kommunikasjon,0,mk,Vg1,2024,27.7,points
Bergeland videregående skole,Medier og kommunikasjon,0,mk,Vg1,2025,21.1,points
Bergeland videregående skole,Studiespesialisering,0,st,Vg1,2018,,open
Bergeland videregående skole,Studiespesialisering,0,st,Vg1,2019,,discontinued
Bergeland videregående skole,Barne- og ungdomsarbeider,0,helse,Vg2,2018,34.4,points
Bergeland videregående skole,Barne- og ungdomsarbeider,0,helse,Vg2,2019,32.2,points
Bergeland videregående skole,Barne- og ungdomsarbeider,0,helse,Vg2,2020,33.8,points
Bergeland videregående skole,Barne- og ungdomsarbeider,0,helse,Vg2,2021,28.6,points
Bergeland videregående skole,Barne- og ungdomsarbeider,0,helse,Vg2,2022,36.3,points
Bergeland videregående skole,Barne- og ungdomsarbeider,0,helse,Vg2,2023,26.3,points
Bergeland videregående skole,Barne- og ungdomsarbeider,0,helse,Vg2,2024,,open
Bergeland videregående skole,Barne- og ungdomsarbeider,0,helse,Vg2,2025,,open
Bergeland videregående skole,Helsearbeiderfag,0,helse,Vg2,2018,25.6,points
Bergeland videregående skole,Helsearbeiderfag,0,helse,Vg2,2019,30.0,points
Bergeland videregående skole,Helsearbeiderfag,0,helse,Vg2,2020,32.2,points
Bergeland videregående skole,Helsearbeiderfag,0,helse,Vg2,2021,28.8,points
Bergeland videregående skole,Helsearbeiderfag,0,helse,Vg2,2022,31.3,points
Bergeland videregående skole,Helsearbeiderfag,0,helse,Vg2,2023,31.3,points
Bergeland videregående skole,Helsearbeiderfag,0,helse,Vg2,2024,22.2,points
Bergeland videregående skole,Helsearbeiderfag,0,helse,Vg2,2025,12.2,points
Bergeland videregående skole,"Helsearbeiderfag, SK 3 år",0,helse,Vg2,2023,,open
Bergeland videregående skole,"Helsearbeiderfag, SK 3 år",0,helse,Vg2,2024,41.3,points
Bergeland videregående skole,"Helsearbeiderfag, SK 3 år",0,helse,Vg2,2025,26.3,points
Bergeland videregående skole,Helseservicefag,0,helse,Vg2,2018,20.0,points
Bergeland videregående skole,Helseservicefag,0,helse,Vg2,2019,30.0,points
Bergeland videregående skole,Helseservicefag,0,helse,Vg2,2020,31.1,points
Bergeland videregående skole,Helseservicefag,0,helse,Vg2,2021,36.3,points
Bergeland videregående skole,Helseservicefag,0,helse,Vg2,2022,33.8,points
Bergeland videregående skole,Helseservicefag,0,helse,Vg2,2023,34.4,points
Bergeland videregående skole,Helseservicefag,0,helse,Vg2,2024,16.3,points
Bergeland videregående skole,Helseservicefag,0,helse,Vg2,2025,26.3,points
Bergeland videregående skole,"Kunst, design og arkitektur",1,kda,Vg2,2018,,open
Bergeland videregående skole,"Kunst, design og arkitektur",1,kda,Vg2,2019,,open
Bergeland videregående skole,"Kunst, design og arkitektur",1,kda,Vg2,2020,,open
Bergeland videregående skole,"Kunst, design og arkitektur",1,kda,Vg2,2021,24.3,points
Bergeland videregående skole,"Kunst, design og arkitektur",1,kda,Vg2,2022,,open
Bergeland videregående skole,"Kunst, design og arkitektur",1,kda,Vg2,2023,,open
Bergeland videregående skole,"Kunst, design og arkitektur",1,kda,Vg2,2024,,open
Bergeland videregående skole,"Kunst, design og arkitektur",1,kda,Vg2,2025,,open
Bergeland videregående skole,Medier og kommunikasjon,1,mk,Vg2,2019,,open
Bergeland videregående skole,Medier og kommunikasjon,1,mk,Vg2,2020,,open
Bergeland videregående skole,Medier og kommunikasjon,1,mk,Vg2,2021,,open
Bergeland videregående skole,Medier og kommunikasjon,1,mk,Vg2,2022,,open
Bergeland videregående skole,Medier og kommunikasjon,1,mk,Vg2,2023,,open
Bergeland videregående skole,Medier og kommunikasjon,1,mk,Vg2,2024,,open
Bergeland videregående skole,Medier og kommunikasjon,1,mk,Vg2,2025,,open
Bergeland videregående skole,Realfag,0,st,Vg2,2018,,open
Bergeland videregående skole,Realfag,0,st,Vg2,2019,,discontinued
Bergeland videregående skole,"Språk, samfunn og økonomi",0,st,Vg2,2018,,open
Bergeland videregående skole,"Språk, samfunn og økonomi",0,st,Vg2,2019,,discontinued
Bergeland videregående skole,"barne- og ungdomsarbeiderfag, SK 3 år",0,helse,Vg2,2023,,open
Bergeland videregående skole,"barne- og ungdomsarbeiderfag, SK 3 år",0,helse,Vg2,2024,,open
Bergeland videregående skole,"barne- og ungdomsarbeiderfag, SK 3 år",0,helse,Vg2,2025,,open
Bergeland videregående skole,Apotekteknikk,0,helse,Vg3,2018,22.2,points
Bergeland videregående skole,Apotekteknikk,0,helse,Vg3,2019,,open
Bergeland videregående skole,Apotekteknikk,0,helse,Vg3,2020,27.5,points
Bergeland videregående skole,Apotekteknikk,0,helse,Vg3,2021,,open
Bergeland videregående skole,Apotekteknikk,0,helse,Vg3,2022,,open
Bergeland videregående skole,Apotekteknikk,0,helse,Vg3,2023,,open
Bergeland videregående skole,Apotekteknikk,0,helse,Vg3,2024,,open
Bergeland videregående skole,Apotekteknikk,0,helse,Vg3,2025,27.5,points
Bergeland videregående skole,Helsesekretær,0,helse,Vg3,2018,,open
Bergeland videregående skole,Helsesekretær,0,helse,Vg3,2019,26.7,points
Bergeland videregående skole,Helsesekretær,0,helse,Vg3,2020,27.5,points
Bergeland videregående skole,Helsesekretær,0,helse,Vg3,2021,33.8,points
Bergeland videregående skole,Helsesekretær,0,helse,Vg3,2022,,open
Bergeland videregående skole,Helsesekretær,0,helse,Vg3,2023,,open
Bergeland videregående skole,Helsesekretær,0,helse,Vg3,2024,40.0,points
Bergeland videregående skole,Helsesekretær,0,helse,Vg3,2025,,open
Bergeland videregående skole,"Kunst, design og arkitektur",2,kda,Vg3,2018,,priority
Bergeland videregående skole,"Kunst, design og arkitektur",2,kda,Vg3,2019,,priority
Bergeland videregående skole,"Kunst, design og arkitektur",2,kda,Vg3,2020,,priority
Bergeland videregående skole,"Kunst, design og arkitektur",2,kda,Vg3,2021,,priority
Bergeland videregående skole,"Kunst, design og arkitektur",2,kda,Vg3,2022,,priority
Bergeland videregående skole,"Kunst, design og arkitektur",2,kda,Vg3,2023,,priority
Bergeland videregående skole,"Kunst, design og arkitektur",2,kda,Vg3,2024,,priority
Bergeland videregående skole,"Kunst, design og arkitektur",2,kda,Vg3,2025,,priority
Bergeland videregående skole,Medier og kommunikasjon,2,mk,Vg3,2018,,priority
Bergeland videregående skole,Medier og kommunikasjon,2,mk,Vg3,2019,,discontinued
Bergeland videregående skole,Medier og kommunikasjon,2,mk,Vg3,2020,,priority
Bergeland videregående skole,Medier og kommunikasjon,2,mk,Vg3,2021,,priority
Bergeland videregående skole,Medier og kommunikasjon,2,mk,Vg3,2022,,priority
Bergeland videregående skole,Medier og kommunikasjon,2,mk,Vg3,2023,,priority
Bergeland videregående skole,Medier og kommunikasjon,2,mk,Vg3,2024,,priority
Bergeland videregående skole,Medier og kommunikasjon,2,mk,Vg3,2025,,priority
Bergeland videregående skole,Påbygg til generell studiekompetanse,0,pb,Vg3,2018,33.3,points
Bergeland videregående skole,Påbygg til generell studiekompetanse,0,pb,Vg3,2019,,discontinued
Bergeland videregående skole,Realfag,1,st,Vg3,2018,,priority
Bergeland videregående skole,Realfag,1,st,Vg3,2019,,discontinued
Bergeland videregående skole,"Språk, samfunn og økonomi",1,st,Vg3,2018,,priority
Bergeland videregående skole,"Språk, samfunn og økonomi",1,st,Vg3,2019,,discontinued
Bergeland videregående skole,Tannhelsesekretær,0,helse,Vg3,2018,,open
Bergeland videregående skole,Tannhelsesekretær,0,helse,Vg3,2019,25.0,points
Bergeland videregående skole,Tannhelsesekretær,0,helse,Vg3,2020,,open
Bergeland videregående skole,Tannhelsesekretær,0,helse,Vg3,2021,,open
Bergeland videregående skole,Tannhelsesekretær,0,helse,Vg3,2022,31.4,points
Bergeland videregående skole,Tannhelsesekretær,0,helse,Vg3,2023,,open
Bergeland videregående skole,Tannhelsesekretær,0,helse,Vg3,2024,27.8,points
Bergeland videregående skole,Tannhelsesekretær,0,helse,Vg3,2025,,open
Bryne vidaregåande skule,Bygg- og anleggsteknikk,0,bygg,Vg1,2018,28.8,points
Bryne vidaregåande skule,Bygg- og anleggsteknikk,0,bygg,Vg1,2019,26.8,points
Bryne vidaregåande skule,Bygg- og anleggsteknikk,0,bygg,Vg1,2020,26.0,points
Bryne vidaregåande skule,Bygg- og anleggsteknikk,0,bygg,Vg1,2021,31.9,points
Bryne vidaregåande skule,Bygg- og anleggsteknikk,0,bygg,Vg1,2022,30.7,points
Bryne vidaregåande skule,Bygg- og anleggsteknikk,0,bygg,Vg1,2023,31.3,points
Bryne vidaregåande skule,Bygg- og anleggsteknikk,0,bygg,Vg1,2024,30.0,points
Bryne vidaregåande skule,Bygg- og anleggsteknikk,0,bygg,Vg1,2025,34.4,points
Bryne vidaregåande skule,Helse- og oppvekstfag,0,helse,Vg1,2018,28.8,points
Bryne vidaregåande skule,Helse- og oppvekstfag,0,helse,Vg1,2019,31.2,points
Bryne vidaregåande skule,Helse- og oppvekstfag,0,helse,Vg1,2020,34.2,points
Bryne vidaregåande skule,Helse- og oppvekstfag,0,helse,Vg1,2021,34.0,points
Bryne vidaregåande skule,Helse- og oppvekstfag,0,helse,Vg1,2022,30.4,points
Bryne vidaregåande skule,Helse- og oppvekstfag,0,helse,Vg1,2023,30.9,points
Bryne vidaregåande skule,Helse- og oppvekstfag,0,helse,Vg1,2024,30.3,points
Bryne vidaregåande skule,Helse- og oppvekstfag,0,helse,Vg1,2025,32.7,points
Bryne vidaregåande skule,Idrettsfag,0,idrett,Vg1,2018,35.9,points
Bryne vidaregåande skule,Idrettsfag,0,idrett,Vg1,2019,35.6,points
Bryne vidaregåande skule,Idrettsfag,0,idrett,Vg1,2020,39.3,points
Bryne vidaregåande skule,Idrettsfag,0,idrett,Vg1,2021,40.0,points
Bryne vidaregåande skule,Idrettsfag,0,idrett,Vg1,2022,,open
Bryne vidaregåande skule,Idrettsfag,0,idrett,Vg1,2023,40.6,points
Bryne vidaregåande skule,Idrettsfag,0,idrett,Vg1,2024,,open
Bryne vidaregåande skule,Idrettsfag,0,idrett,Vg1,2025,34.5,points
Bryne vidaregåande skule,Medier og kommunikasjon,0,mk,Vg1,2018,24.0,points
Bryne vidaregåande skule,Medier og kommunikasjon,0,mk,Vg1,2019,,open
Bryne vidaregåande skule,Medier og kommunikasjon,0,mk,Vg1,2020,,discontinued
Bryne vidaregåande skule,Medier og kommunikasjon,0,mk,Vg1,2021,,discontinued
Bryne vidaregåande skule,Restaurant- og matfag,0,rm,Vg1,2018,29.6,points
Bryne vidaregåande skule,Restaurant- og matfag,0,rm,Vg1,2019,25.8,points
Bryne vidaregåande skule,Restaurant- og matfag,0,rm,Vg1,2020,31.0,points
Bryne vidaregåande skule,Restaurant- og matfag,0,rm,Vg1,2021,31.7,points
Bryne vidaregåande skule,Restaurant- og matfag,0,rm,Vg1,2022,29.7,points
Bryne vidaregåande skule,Restaurant- og matfag,0,rm,Vg1,2023,25.8,points
Bryne vidaregåande skule,Restaurant- og matfag,0,rm,Vg1,2024,28.0,points
Bryne vidaregåande skule,Restaurant- og matfag,0,rm,Vg1,2025,20.9,points
Bryne vidaregåande skule,"Salg, service og reiseliv",0,sr,Vg1,2020,32.5,points
Bryne vidaregåande skule,"Salg, service og reiseliv",0,sr,Vg1,2021,30.0,points
Bryne vidaregåande skule,"Salg, service og reiseliv",0,sr,Vg1,2022,30.2,points
Bryne vidaregåande skule,"Salg, service og reiseliv",0,sr,Vg1,2023,28.5,points
Bryne vidaregåande skule,"Salg, service og reiseliv",0,sr,Vg1,2024,30.0,points
Bryne vidaregåande skule,"Salg, service og reiseliv",0,sr,Vg1,2025,33.1,points
Bryne vidaregåande skule,Service og samferdsel,0,sr,Vg1,2018,27.4,points
Bryne vidaregåande skule,Service og samferdsel,0,sr,Vg1,2019,27.0,points
Bryne vidaregåande skule,Service og samferdsel,0,sr,Vg1,2020,,discontinued
Bryne vidaregåande skule,Service og samferdsel,0,sr,Vg1,2021,,discontinued
Bryne vidaregåande skule,Studiespesialisering,0,st,Vg1,2018,39.3,points
Bryne vidaregåande skule,Studiespesialisering,0,st,Vg1,2019,,open
Bryne vidaregåande skule,Studiespesialisering,0,st,Vg1,2020,35.3,points
Bryne vidaregåande skule,Studiespesialisering,0,st,Vg1,2021,,open
Bryne vidaregåande skule,Studiespesialisering,0,st,Vg1,2022,,open
Bryne vidaregåande skule,Studiespesialisering,0,st,Vg1,2023,38.8,points
Bryne vidaregåande skule,Studiespesialisering,0,st,Vg1,2024,36.5,points
Bryne vidaregåande skule,Studiespesialisering,0,st,Vg1,2025,37.7,points
Bryne vidaregåande skule,Teknikk og industriell produksjon,0,tip,Vg1,2018,25.6,points
Bryne vidaregåande skule,Teknikk og industriell produksjon,0,tip,Vg1,2019,28.8,points
Bryne vidaregåande skule,Teknologi- og industrifag,0,tip,Vg1,2019,28.8,points
Bryne vidaregåande skule,Teknologi- og industrifag,0,tip,Vg1,2020,30.0,points
Bryne vidaregåande skule,Teknologi- og industrifag,0,tip,Vg1,2021,33.0,points
Bryne vidaregåande skule,Teknologi- og industrifag,0,tip,Vg1,2022,36.0,points
Bryne vidaregåande skule,Teknologi- og industrifag,0,tip,Vg1,2023,33.8,points
Bryne vidaregåande skule,Teknologi- og industrifag,0,tip,Vg1,2024,33.1,points
Bryne vidaregåande skule,Teknologi- og industrifag,0,tip,Vg1,2025,35.3,points
Bryne vidaregåande skule,Baker og Konditor,0,rm,Vg2,2021,,open
Bryne vidaregåande skule,Baker og Konditor,0,rm,Vg2,2022,,open
Bryne vidaregåande skule,Baker og Konditor,0,rm,Vg2,2023,,open
Bryne vidaregåande skule,Baker og Konditor,0,rm,Vg2,2024,,open
Bryne vidaregåande skule,Baker og Konditor,0,rm,Vg2,2025,24.3,points
Bryne vidaregåande skule,Barne- og ungdomsarbeider,0,helse,Vg2,2018,,open
Bryne vidaregåande skule,Barne- og ungdomsarbeider,0,helse,Vg2,2019,20.0,points
Bryne vidaregåande skule,Barne- og ungdomsarbeider,0,helse,Vg2,2020,,open
Bryne vidaregåande skule,Barne- og ungdomsarbeider,0,helse,Vg2,2021,,open
Bryne vidaregåande skule,Barne- og ungdomsarbeider,0,helse,Vg2,2022,,open
Bryne vidaregåande skule,Barne- og ungdomsarbeider,0,helse,Vg2,2023,,open
Bryne vidaregåande skule,Barne- og ungdomsarbeider,0,helse,Vg2,2024,,open
Bryne vidaregåande skule,Barne- og ungdomsarbeider,0,helse,Vg2,2025,34.4,points
Bryne vidaregåande skule,Betong og Mur,0,bygg,Vg2,2021,,open
Bryne vidaregåande skule,Betong og Mur,0,bygg,Vg2,2022,32.9,points
Bryne vidaregåande skule,Betong og Mur,0,bygg,Vg2,2023,30.0,points
Bryne vidaregåande skule,Betong og Mur,0,bygg,Vg2,2024,,open
Bryne vidaregåande skule,Betong og Mur,0,bygg,Vg2,2025,,open
Bryne vidaregåande skule,Byggteknikk,0,bygg,Vg2,2018,33.8,points
Bryne vidaregåande skule,Byggteknikk,0,bygg,Vg2,2019,37.5,points
Bryne vidaregåande skule,Byggteknikk,0,bygg,Vg2,2020,31.3,points
Bryne vidaregåande skule,Byggteknikk,0,bygg,Vg2,2021,,discontinued
Bryne vidaregåande skule,Helsearbeiderfag,0,helse,Vg2,2018,32.2,points
Bryne vidaregåande skule,Helsearbeiderfag,0,helse,Vg2,2019,32.2,points
Bryne vidaregåande skule,Helsearbeiderfag,0,helse,Vg2,2020,30.0,points
Bryne vidaregåande skule,Helsearbeiderfag,0,helse,Vg2,2021,32.5,points
Bryne vidaregåande skule,Helsearbeiderfag,0,helse,Vg2,2022,35.0,points
Bryne vidaregåande skule,Helsearbeiderfag,0,helse,Vg2,2023,31.1,points
Bryne vidaregåande skule,Helsearbeiderfag,0,helse,Vg2,2024,41.3,points
Bryne vidaregåande skule,Helsearbeiderfag,0,helse,Vg2,2025,26.3,points
Bryne vidaregåande skule,Idrettsfag,1,idrett,Vg2,2018,,open
Bryne vidaregåande skule,Idrettsfag,1,idrett,Vg2,2019,,open
Bryne vidaregåande skule,Idrettsfag,1,idrett,Vg2,2020,,open
Bryne vidaregåande skule,Idrettsfag,1,idrett,Vg2,2021,22.2,points
Bryne vidaregåande skule,Idrettsfag,1,idrett,Vg2,2022,,open
Bryne vidaregåande skule,Idrettsfag,1,idrett,Vg2,2023,,open
Bryne vidaregåande skule,Idrettsfag,1,idrett,Vg2,2024,26.7,points
Bryne vidaregåande skule,Idrettsfag,1,idrett,Vg2,2025,,open
Bryne vidaregåande skule,Industriteknologi,0,tip,Vg2,2018,21.1,points
Bryne vidaregåande skule,Industriteknologi,0,tip,Vg2,2019,31.0,points
Bryne vidaregåande skule,Industriteknologi,0,tip,Vg2,2020,34.4,points
Bryne vidaregåande skule,Industriteknologi,0,tip,Vg2,2021,35.0,points
Bryne vidaregåande skule,Industriteknologi,0,tip,Vg2,2022,36.3,points
Bryne vidaregåande skule,Industriteknologi,0,tip,Vg2,2023,35.7,points
Bryne vidaregåande skule,Industriteknologi,0,tip,Vg2,2024,33.8,points
Bryne vidaregåande skule,Industriteknologi,0,tip,Vg2,2025,36.3,points
Bryne vidaregåande skule,"Klima, energi og miljøteknikk",0,bygg,Vg2,2018,27.5,points
Bryne vidaregåande skule,"Klima, energi og miljøteknikk",0,bygg,Vg2,2019,33.3,points
Bryne vidaregåande skule,"Klima, energi og miljøteknikk",0,bygg,Vg2,2020,23.8,points
Bryne vidaregåande skule,"Klima, energi og miljøteknikk",0,bygg,Vg2,2021,,discontinued
Bryne vidaregåande skule,Kokk og servitør,0,rm,Vg2,2018,,open
Bryne vidaregåande skule,Kokk og servitør,0,rm,Vg2,2019,,open
Bryne vidaregåande skule,Kokk og servitørfag,0,rm,Vg2,2019,,open
Bryne vidaregåande skule,Kokk og servitørfag,0,rm,Vg2,2020,,open
Bryne vidaregåande skule,Kokk og servitørfag,0,rm,Vg2,2021,21.4,points
Bryne vidaregåande skule,Kokk og servitørfag,0,rm,Vg2,2022,,open
Bryne vidaregåande skule,Kokk og servitørfag,0,rm,Vg2,2023,,open
Bryne vidaregåande skule,Kokk og servitørfag,0,rm,Vg2,2024,,open
Bryne vidaregåande skule,Kokk og servitørfag,0,rm,Vg2,2025,,open
Bryne vidaregåande skule,Matfag,0,rm,Vg2,2018,24.0,points
Bryne vidaregåande skule,Matfag,0,rm,Vg2,2019,,open
Bryne vidaregåande skule,Matproduksjon,0,rm,Vg2,2019,,open
Bryne vidaregåande skule,Matproduksjon,0,rm,Vg2,2020,,open
Bryne vidaregåande skule,Matproduksjon,0,rm,Vg2,2021,,open
Bryne vidaregåande skule,Matproduksjon,0,rm,Vg2,2022,,open
Bryne vidaregåande skule,Matproduksjon,0,rm,Vg2,2023,,open
Bryne vidaregåande skule,Matproduksjon,0,rm,Vg2,2024,,open
Bryne vidaregåande skule,Matproduksjon,0,rm,Vg2,2025,,open
Bryne vidaregåande skule,Medier og kommunikasjon,1,mk,Vg2,2018,,open
Bryne vidaregåande skule,Medier og kommunikasjon,1,mk,Vg2,2019,,open
Bryne vidaregåande skule,Medier og kommunikasjon,1,mk,Vg2,2020,,open
Bryne vidaregåande skule,Medier og kommunikasjon,1,mk,Vg2,2021,,discontinued
Bryne vidaregåande skule,Realfag,0,st,Vg2,2018,36.0,points
Bryne vidaregåande skule,Realfag,0,st,Vg2,2019,36.0,points
Bryne vidaregåande skule,Realfag,0,st,Vg2,2020,,open
Bryne vidaregåande skule,Realfag,0,st,Vg2,2021,35.6,points
Bryne vidaregåande skule,Realfag,0,st,Vg2,2022,,open
Bryne vidaregåande skule,Realfag,0,st,Vg2,2023,,open
Bryne vidaregåande skule,Realfag,0,st,Vg2,2024,32.2,points
Bryne vidaregåande skule,Realfag,0,st,Vg2,2025,,open
Bryne vidaregåande skule,Rørlegger,0,bygg,Vg2,2021,25.7,points
Bryne vidaregåande skule,Rørlegger,0,bygg,Vg2,2022,31.4,points
Bryne vidaregåande skule,Rørlegger,0,bygg,Vg2,2023,35.0,points
Bryne vidaregåande skule,Rørlegger,0,bygg,Vg2,2024,35.0,points
Bryne vidaregåande skule,Rørlegger,0,bygg,Vg2,2025,32.9,points
Bryne vidaregåande skule,Salg og Reiseliv,0,sr,Vg2,2021,,open
Bryne vidaregåande skule,Salg og Reiseliv,0,sr,Vg2,2022,,open
Bryne vidaregåande skule,Salg og Reiseliv,0,sr,Vg2,2023,26.3,points
Bryne vidaregåande skule,Salg og Reiseliv,0,sr,Vg2,2024,,open
Bryne vidaregåande skule,Salg og Reiseliv,0,sr,Vg2,2025,27.5,points
Bryne vidaregåande skule,"Salg, service og sikkerhet",0,sr,Vg2,2018,25.6,points
Bryne vidaregåande skule,"Salg, service og sikkerhet",0,sr,Vg2,2019,30.0,points
Bryne vidaregåande skule,"Salg, service og sikkerhet",0,sr,Vg2,2020,,open
Bryne vidaregåande skule,"Salg, service og sikkerhet",0,sr,Vg2,2021,,discontinued
Bryne vidaregåande skule,"Service, sikkerhet og admin",0,sr,Vg2,2021,32.5,points
Bryne vidaregåande skule,"Service, sikkerhet og admin",0,sr,Vg2,2022,,open
Bryne vidaregåande skule,"Service, sikkerhet og admin",0,sr,Vg2,2023,,open
Bryne vidaregåande skule,"Service, sikkerhet og admin",0,sr,Vg2,2024,,open
Bryne vidaregåande skule,"Service, sikkerhet og admin",0,sr,Vg2,2025,27.5,points
Bryne vidaregåande skule,"Språk, samfunn og økonomi",0,st,Vg2,2018,34.0,points
Bryne vidaregåande skule,"Språk, samfunn og økonomi",0,st,Vg2,2019,,open
Bryne vidaregåande skule,"Språk, samfunn og økonomi",0,st,Vg2,2020,,open
Bryne vidaregåande skule,"Språk, samfunn og økonomi",0,st,Vg2,2021,23.3,points
Bryne vidaregåande skule,"Språk, samfunn og økonomi",0,st,Vg2,2022,20.0,points
Bryne vidaregåande skule,"Språk, samfunn og økonomi",0,st,Vg2,2023,28.0,points
Bryne vidaregåande skule,"Språk, samfunn og økonomi",0,st,Vg2,2024,37.0,points
Bryne vidaregåande skule,"Språk, samfunn og økonomi",0,st,Vg2,2025,35.6,points
Bryne vidaregåande skule,Transport og logistikk,0,tip,Vg2,2018,21.1,points
Bryne vidaregåande skule,Transport og logistikk,0,tip,Vg2,2019,21.0,points
Bryne vidaregåande skule,Transport og logistikk,0,tip,Vg2,2020,28.9,points
Bryne vidaregåande skule,Transport og logistikk,0,tip,Vg2,2021,30.0,points
Bryne vidaregåande skule,Transport og logistikk,0,tip,Vg2,2022,32.5,points
Bryne vidaregåande skule,Transport og logistikk,0,tip,Vg2,2023,,open
Bryne vidaregåande skule,Transport og logistikk,0,tip,Vg2,2024,30.0,points
Bryne vidaregåande skule,Transport og logistikk,0,tip,Vg2,2025,,open
Bryne vidaregåande skule,Tømrer,0,bygg,Vg2,2021,33.8,points
Bryne vidaregåande skule,Tømrer,0,bygg,Vg2,2022,28.6,points
Bryne vidaregåande skule,Tømrer,0,bygg,Vg2,2023,,open
Bryne vidaregåande skule,Tømrer,0,bygg,Vg2,2024,40.0,points
Bryne vidaregåande skule,Tømrer,0,bygg,Vg2,2025,32.5,points
Bryne vidaregåande skule,Realfag,1,st,Vg2/Vg3,2019,,priority
Bryne vidaregåande skule,Realfag,1,st,Vg2/Vg3,2020,,priority
Bryne vidaregåande skule,Realfag,1,st,Vg2/Vg3,2021,,priority
Bryne vidaregåande skule,"Språk, samfunn og økonomi",1,st,Vg2/Vg3,2019,,priority
Bryne vidaregåande skule,"Språk, samfunn og økonomi",1,st,Vg2/Vg3,2020,,priority
Bryne vidaregåande skule,"Språk, samfunn og økonomi",1,st,Vg2/Vg3,2021,,priority
Bryne vidaregåande skule,Idrettsfag,2,idrett,Vg3,2018,,priority
Bryne vidaregåande skule,Idrettsfag,2,idrett,Vg3,2019,,priority
Bryne vidaregåande skule,Idrettsfag,2,idrett,Vg3,2020,,priority
Bryne vidaregåande skule,Idrettsfag,2,idrett,Vg3,2021,,priority
Bryne vidaregåande skule,Idrettsfag,2,idrett,Vg3,2022,,priority
Bryne vidaregåande skule,Idrettsfag,2,idrett,Vg3,2023,,priority
Bryne vidaregåande skule,Idrettsfag,2,idrett,Vg3,2024,,priority
Bryne vidaregåande skule,Idrettsfag,2,idrett,Vg3,2025,,priority
Bryne vidaregåande skule,Medier og kommunikasjon,2,mk,Vg3,2018,,priority
Bryne vidaregåande skule,Medier og kommunikasjon,2,mk,Vg3,2019,,priority
Bryne vidaregåande skule,Medier og kommunikasjon,2,mk,Vg3,2020,,priority
Bryne vidaregåande skule,Medier og kommunikasjon,2,mk,Vg3,2021,,priority
Bryne vidaregåande skule,Medier og kommunikasjon,2,mk,Vg3,2022,,priority
Bryne vidaregåande skule,Medier og kommunikasjon,2,mk,Vg3,2023,,priority
Bryne vidaregåande skule,Medier og kommunikasjon,2,mk,Vg3,2024,,priority
Bryne vidaregåande skule,Medier og kommunikasjon,2,mk,Vg3,2025,,priority
Bryne vidaregåande skule,Påbygg til generell studiekompetanse,0,pb,Vg3,2018,38.8,points
Bryne vidaregåande skule,Påbygg til generell studiekompetanse,0,pb,Vg3,2019,41.1,points
Bryne vidaregåande skule,Påbygg til generell studiekompetanse,0,pb,Vg3,2020,33.8,points
Bryne vidaregåande skule,Påbygg til generell studiekompetanse,0,pb,Vg3,2021,36.3,points
Bryne vidaregåande skule,Påbygg til generell studiekompetanse,0,pb,Vg3,2022,38.6,points
Bryne vidaregåande skule,Påbygg til generell studiekompetanse,0,pb,Vg3,2023,37.5,points
Bryne vidaregåande skule,Påbygg til generell studiekompetanse,0,pb,Vg3,2024,33.3,points
Bryne vidaregåande skule,Påbygg til generell studiekompetanse,0,pb,Vg3,2025,43.3,points
Bryne vidaregåande skule,Realfag,2,st,Vg3,2018,,priority
Bryne vidaregåande skule,Realfag,2,st,Vg3,2019,,priority
Bryne vidaregåande skule,Realfag,2,st,Vg3,2020,,priority
Bryne vidaregåande skule,Realfag,2,st,Vg3,2021,,priority
Bryne vidaregåande skule,Realfag,2,st,Vg3,2022,,priority
Bryne vidaregåande skule,Realfag,2,st,Vg3,2023,,priority
Bryne vidaregåande skule,Realfag,2,st,Vg3,2024,,priority
Bryne vidaregåande skule,Realfag,2,st,Vg3,2025,,priority
Bryne vidaregåande skule,"Språk, samfunn og økonomi",2,st,Vg3,2018,,priority
Bryne vidaregåande skule,"Språk, samfunn og økonomi",2,st,Vg3,2019,,priority
Bryne vidaregåande skule,"Språk, samfunn og økonomi",2,st,Vg3,2020,,priority
Bryne vidaregåande skule,"Språk, samfunn og økonomi",2,st,Vg3,2021,,priority
Bryne vidaregåande skule,"Språk, samfunn og økonomi",2,st,Vg3,2022,,priority
Bryne vidaregåande skule,"Språk, samfunn og økonomi",2,st,Vg3,2023,,priority
Bryne vidaregåande skule,"Språk, samfunn og økonomi",2,st,Vg3,2024,,priority
Bryne vidaregåande skule,"Språk, samfunn og økonomi",2,st,Vg3,2025,,priority
Bryne vidaregåande skule,"Påbygg etter yrkeskompetanse, dagtid",0,pb,Vg4,2018,33.8,points
Bryne vidaregåande skule,"Påbygg etter yrkeskompetanse, dagtid",0,pb,Vg4,2019,33.3,points
Bryne vidaregåande skule,"Påbygg etter yrkeskompetanse, dagtid",0,pb,Vg4,2020,34.4,points
Bryne vidaregåande skule,"Påbygg etter yrkeskompetanse, dagtid",0,pb,Vg4,2021,36.7,points
Bryne vidaregåande skule,"Påbygg etter yrkeskompetanse, dagtid(PBPBY4YK)",0,pb,Vg4,2020,34.4,points
Bryne vidaregåande skule,"Påbygg etter yrkeskompetanse, dagtid(PBPBY4YK)",0,pb,Vg4,2021,36.7,points
Bryne vidaregåande skule,"Påbygg etter yrkeskompetanse, dagtid(PBPBY4YK)",0,pb,Vg4,2022,37.1,points
Bryne vidaregåande skule,"Påbygg etter yrkeskompetanse, dagtid(PBPBY4YK)",0,pb,Vg4,2023,40.0,points
Bryne vidaregåande skule,"Påbygg etter yrkeskompetanse, dagtid(PBPBY4YK)",0,pb,Vg4,2024,42.9,points
Bryne vidaregåande skule,"Påbygg etter yrkeskompetanse, dagtid(PBPBY4YK)",0,pb,Vg4,2025,45.7,points
Dalane videregående skole,Bygg- og anleggsteknikk,0,bygg,Vg1,2018,,open
Dalane videregående skole,Bygg- og anleggsteknikk,0,bygg,Vg1,2019,,open
Dalane videregående skole,Bygg- og anleggsteknikk,0,bygg,Vg1,2020,,open
Dalane videregående skole,Bygg- og anleggsteknikk,0,bygg,Vg1,2021,,open
Dalane videregående skole,Bygg- og anleggsteknikk,0,bygg,Vg1,2022,32.9,points
Dalane videregående skole,Bygg- og anleggsteknikk,0,bygg,Vg1,2023,28.1,points
Dalane videregående skole,Bygg- og anleggsteknikk,0,bygg,Vg1,2024,25.3,points
Dalane videregående skole,Bygg- og anleggsteknikk,0,bygg,Vg1,2025,28.1,points
Dalane videregående skole,Design og håndverk,0,design,Vg1,2018,,open
Dalane videregående skole,Design og håndverk,0,design,Vg1,2019,15.0,points
Dalane videregående skole,Design og håndverk,0,design,Vg1,2020,,discontinued
Dalane videregående skole,Design og håndverk,0,design,Vg1,2021,,discontinued
Dalane videregående skole,Elektro og datateknologi,0,elektro,Vg1,2019,28.8,points
Dalane videregående skole,Elektro og datateknologi,0,elektro,Vg1,2020,20.0,points
Dalane videregående skole,Elektro og datateknologi,0,elektro,Vg1,2021,31.4,points
Dalane videregående skole,Elektro og datateknologi,0,elektro,Vg1,2022,,open
Dalane videregående skole,Elektro og datateknologi,0,elektro,Vg1,2023,33.6,points
Dalane videregående skole,Elektro og datateknologi,0,elektro,Vg1,2024,25.6,points
Dalane videregående skole,Elektro og datateknologi,0,elektro,Vg1,2025,36.9,points
Dalane videregående skole,Elektrofag,0,elektro,Vg1,2018,,open
Dalane videregående skole,Elektrofag,0,elektro,Vg1,2019,28.8,points
Dalane videregående skole,Helse- og oppvekstfag,0,helse,Vg1,2018,21.4,points
Dalane videregående skole,Helse- og oppvekstfag,0,helse,Vg1,2019,31.7,points
Dalane videregående skole,Helse- og oppvekstfag,0,helse,Vg1,2020,,open
Dalane videregående skole,Helse- og oppvekstfag,0,helse,Vg1,2021,26.9,points
Dalane videregående skole,Helse- og oppvekstfag,0,helse,Vg1,2022,,open
Dalane videregående skole,Helse- og oppvekstfag,0,helse,Vg1,2023,32.9,points
Dalane videregående skole,Helse- og oppvekstfag,0,helse,Vg1,2024,33.3,points
Dalane videregående skole,Helse- og oppvekstfag,0,helse,Vg1,2025,37.0,points
Dalane videregående skole,"Salg, service og reiseliv",0,sr,Vg1,2020,,open
Dalane videregående skole,"Salg, service og reiseliv",0,sr,Vg1,2021,29.7,points
Dalane videregående skole,"Salg, service og reiseliv",0,sr,Vg1,2022,,open
Dalane videregående skole,"Salg, service og reiseliv",0,sr,Vg1,2023,,open
Dalane videregående skole,"Salg, service og reiseliv",0,sr,Vg1,2024,27.5,points
Dalane videregående skole,"Salg, service og reiseliv",0,sr,Vg1,2025,31.5,points
Dalane videregående skole,Service og samferdsel,0,sr,Vg1,2018,,open
Dalane videregående skole,Service og samferdsel,0,sr,Vg1,2019,28.1,points
Dalane videregående skole,Service og samferdsel,0,sr,Vg1,2020,,discontinued
Dalane videregående skole,Service og samferdsel,0,sr,Vg1,2021,,discontinued
Dalane videregående skole,Studiespesialisering,0,st,Vg1,2018,,open
Dalane videregående skole,Studiespesialisering,0,st,Vg1,2019,,open
Dalane videregående skole,Studiespesialisering,0,st,Vg1,2020,,open
Dalane videregående skole,Studiespesialisering,0,st,Vg1,2021,,open
Dalane videregående skole,Studiespesialisering,0,st,Vg1,2022,,open
Dalane videregående skole,Studiespesialisering,0,st,Vg1,2023,,open
Dalane videregående skole,Studiespesialisering,0,st,Vg1,2024,,open
Dalane videregående skole,Studiespesialisering,0,st,Vg1,2025,,open
Dalane videregående skole,Teknikk og industriell produksjon,0,tip,Vg1,2018,,open
Dalane videregående skole,Teknikk og industriell produksjon,0,tip,Vg1,2019,26.0,points
Dalane videregående skole,Teknologi- og industrifag,0,tip,Vg1,2019,26.0,points
Dalane videregående skole,Teknologi- og industrifag,0,tip,Vg1,2020,,open
Dalane videregående skole,Teknologi- og industrifag,0,tip,Vg1,2021,,open
Dalane videregående skole,Teknologi- og industrifag,0,tip,Vg1,2022,30.0,points
Dalane videregående skole,Teknologi- og industrifag,0,tip,Vg1,2023,28.1,points
Dalane videregående skole,Teknologi- og industrifag,0,tip,Vg1,2024,30.6,points
Dalane videregående skole,Teknologi- og industrifag,0,tip,Vg1,2025,33.0,points
Dalane videregående skole,Anleggsteknikk,0,bygg,Vg2,2025,32.9,points
Dalane videregående skole,Automatisering,0,elektro,Vg2,2018,,open
Dalane videregående skole,Automatisering,0,elektro,Vg2,2019,,discontinued
Dalane videregående skole,Automatisering,0,elektro,Vg2,2020,,open
Dalane videregående skole,Automatisering,0,elektro,Vg2,2021,,open
Dalane videregående skole,Automatisering,0,elektro,Vg2,2022,,open
Dalane videregående skole,Automatisering,0,elektro,Vg2,2023,,open
Dalane videregående skole,Automatisering,0,elektro,Vg2,2024,28.1,points
Dalane videregående skole,Automatisering,0,elektro,Vg2,2025,,open
Dalane videregående skole,Barne- og ungdomsarbeider,0,helse,Vg2,2018,,open
Dalane videregående skole,Barne- og ungdomsarbeider,0,helse,Vg2,2019,,open
Dalane videregående skole,Barne- og ungdomsarbeider,0,helse,Vg2,2020,31.1,points
Dalane videregående skole,Barne- og ungdomsarbeider,0,helse,Vg2,2021,,open
Dalane videregående skole,Barne- og ungdomsarbeider,0,helse,Vg2,2022,,open
Dalane videregående skole,Barne- og ungdomsarbeider,0,helse,Vg2,2023,,open
Dalane videregående skole,Barne- og ungdomsarbeider,0,helse,Vg2,2024,,open
Dalane videregående skole,Barne- og ungdomsarbeider,0,helse,Vg2,2025,,open
Dalane videregående skole,Byggteknikk,0,bygg,Vg2,2018,33.8,points
Dalane videregående skole,Byggteknikk,0,bygg,Vg2,2019,30.0,points
Dalane videregående skole,Byggteknikk,0,bygg,Vg2,2020,,open
Dalane videregående skole,Byggteknikk,0,bygg,Vg2,2021,,discontinued
Dalane videregående skole,Elenergi,0,elektro,Vg2,2018,34.4,points
Dalane videregående skole,Elenergi,0,elektro,Vg2,2019,36.7,points
Dalane videregående skole,Elenergi og ekom,0,elektro,Vg2,2019,36.7,points
Dalane videregående skole,Elenergi og ekom,0,elektro,Vg2,2020,38.9,points
Dalane videregående skole,Elenergi og ekom,0,elektro,Vg2,2021,34.3,points
Dalane videregående skole,Elenergi og ekom,0,elektro,Vg2,2022,,open
Dalane videregående skole,Elenergi og ekom,0,elektro,Vg2,2023,,open
Dalane videregående skole,Elenergi og ekom,0,elektro,Vg2,2024,37.1,points
Dalane videregående skole,Elenergi og ekom,0,elektro,Vg2,2025,30.0,points
Dalane videregående skole,Helsearbeiderfag,0,helse,Vg2,2018,,open
Dalane videregående skole,Helsearbeiderfag,0,helse,Vg2,2019,,open
Dalane videregående skole,Helsearbeiderfag,0,helse,Vg2,2020,34.4,points
Dalane videregående skole,Helsearbeiderfag,0,helse,Vg2,2021,,open
Dalane videregående skole,Helsearbeiderfag,0,helse,Vg2,2022,,open
Dalane videregående skole,Helsearbeiderfag,0,helse,Vg2,2023,,open
Dalane videregående skole,Helsearbeiderfag,0,helse,Vg2,2024,,open
Dalane videregående skole,Helsearbeiderfag,0,helse,Vg2,2025,,open
Dalane videregående skole,Industriteknologi,0,tip,Vg2,2018,20.0,points
Dalane videregående skole,Industriteknologi,0,tip,Vg2,2019,,open
Dalane videregående skole,Industriteknologi,0,tip,Vg2,2020,,open
Dalane videregående skole,Industriteknologi,0,tip,Vg2,2021,,open
Dalane videregående skole,Industriteknologi,0,tip,Vg2,2022,,open
Dalane videregående skole,Industriteknologi,0,tip,Vg2,2023,,open
Dalane videregående skole,Industriteknologi,0,tip,Vg2,2024,22.2,points
Dalane videregående skole,Industriteknologi,0,tip,Vg2,2025,23.8,points
Dalane videregående skole,Kjøretøy,0,tip,Vg2,2018,26.7,points
Dalane videregående skole,Kjøretøy,0,tip,Vg2,2019,21.1,points
Dalane videregående skole,Kjøretøy,0,tip,Vg2,2020,21.8,points
Dalane videregående skole,Kjøretøy,0,tip,Vg2,2021,20.0,points
Dalane videregående skole,Kjøretøy,0,tip,Vg2,2022,,open
Dalane videregående skole,Kjøretøy,0,tip,Vg2,2023,23.8,points
Dalane videregående skole,Kjøretøy,0,tip,Vg2,2024,,open
Dalane videregående skole,Kjøretøy,0,tip,Vg2,2025,,open
Dalane videregående skole,Realfag,0,st,Vg2,2018,,open
Dalane videregående skole,Realfag,0,st,Vg2,2019,,open
Dalane videregående skole,Realfag,0,st,Vg2,2020,,open
Dalane videregående skole,Realfag,0,st,Vg2,2021,,open
Dalane videregående skole,Realfag,0,st,Vg2,2022,,open
Dalane videregående skole,Realfag,0,st,Vg2,2023,,open
Dalane videregående skole,Realfag,0,st,Vg2,2024,35.0,points
Dalane videregående skole,Realfag,0,st,Vg2,2025,,open
Dalane videregående skole,Salg og reiseliv,0,sr,Vg2,2022,,open
Dalane videregående skole,Salg og reiseliv,0,sr,Vg2,2023,28.8,points
Dalane videregående skole,Salg og reiseliv,0,sr,Vg2,2024,,open
Dalane videregående skole,Salg og reiseliv,0,sr,Vg2,2025,,open
Dalane videregående skole,"Salg, service og sikkerhet",0,sr,Vg2,2018,,open
Dalane videregående skole,"Salg, service og sikkerhet",0,sr,Vg2,2019,,open
Dalane videregående skole,"Salg, service og sikkerhet",0,sr,Vg2,2020,,open
Dalane videregående skole,"Salg, service og sikkerhet",0,sr,Vg2,2021,,discontinued
Dalane videregående skole,"Service, sikkerhet og admin",0,sr,Vg2,2021,28.9,points
Dalane videregående skole,"Service, sikkerhet og admin",0,sr,Vg2,2022,,open
Dalane videregående skole,"Service, sikkerhet og administrasjon",0,sr,Vg2,2021,28.9,points
Dalane videregående skole,"Service, sikkerhet og administrasjon",0,sr,Vg2,2022,,open
Dalane videregående skole,"Service, sikkerhet og administrasjon",0,sr,Vg2,2023,,open
Dalane videregående skole,"Service, sikkerhet og administrasjon",0,sr,Vg2,2024,,open
Dalane videregående skole,"Service, sikkerhet og administrasjon",0,sr,Vg2,2025,,open
Dalane videregående skole,"Språk, samfunn og økonomi",0,st,Vg2,2018,28.2,points
Dalane videregående skole,"Språk, samfunn og økonomi",0,st,Vg2,2019,,open
Dalane videregående skole,"Språk, samfunn og økonomi",0,st,Vg2,2020,,open
Dalane videregående skole,"Språk, samfunn og økonomi",0,st,Vg2,2021,,open
Dalane videregående skole,"Språk, samfunn og økonomi",0,st,Vg2,2022,,open
Dalane videregående skole,"Språk, samfunn og økonomi",0,st,Vg2,2023,,open
Dalane videregående skole,"Språk, samfunn og økonomi",0,st,Vg2,2024,,open
Dalane videregående skole,"Språk, samfunn og økonomi",0,st,Vg2,2025,,open
Dalane videregående skole,Tømrer,0,bygg,Vg2,2021,35.7,points
Dalane videregående skole,Tømrer,0,bygg,Vg2,2022,24.3,points
Dalane videregående skole,Tømrer,0,bygg,Vg2,2023,32.9,points
Dalane videregående skole,Tømrer,0,bygg,Vg2,2024,31.4,points
Dalane videregående skole,Tømrer,0,bygg,Vg2,2025,,open
Dalane videregående skole,Vg 4 Påbygg gen studiekom e/yrkeskomp (PBPBY4YK),0,pb,Vg2/Vg3,2022,,open
Dalane videregående skole,Vg 4 Påbygg gen studiekom e/yrkeskomp (PBPBY4YK),0,pb,Vg2/Vg3,2023,,open
Dalane videregående skole,Vg 4 Påbygg gen studiekom e/yrkeskomp (PBPBY4YK),0,pb,Vg2/Vg3,2024,,open
Dalane videregående skole,Vg 4 Påbygg gen studiekom e/yrkeskomp (PBPBY4YK),0,pb,Vg2/Vg3,2025,,open
Dalane videregående skole,Energi operatørfaget,0,tip,Vg3,2021,,open
Dalane videregående skole,Påbygg til generell studiekompetanse,0,pb,Vg3,2018,24.4,points
Dalane videregående skole,Påbygg til generell studiekompetanse,0,pb,Vg3,2019,37.8,points
Dalane videregående skole,Påbygg til generell studiekompetanse,0,pb,Vg3,2020,23.8,points
Dalane videregående skole,Påbygg til generell studiekompetanse,0,pb,Vg3,2021,45.0,points
Dalane videregående skole,Påbygg til generell studiekompetanse,0,pb,Vg3,2022,,open
Dalane videregående skole,Påbygg til generell studiekompetanse,0,pb,Vg3,2023,,open
Dalane videregående skole,Påbygg til generell studiekompetanse,0,pb,Vg3,2024,30.0,points
Dalane videregående skole,Påbygg til generell studiekompetanse,0,pb,Vg3,2025,40.0,points
Dalane videregående skole,Realfag,1,st,Vg3,2018,,priority
Dalane videregående skole,Realfag,1,st,Vg3,2019,,priority
Dalane videregående skole,Realfag,1,st,Vg3,2020,,priority
Dalane videregående skole,Realfag,1,st,Vg3,2021,,priority
Dalane videregående skole,Realfag,1,st,Vg3,2022,,priority
Dalane videregående skole,Realfag,1,st,Vg3,2023,,priority
Dalane videregående skole,Realfag,1,st,Vg3,2024,,priority
Dalane videregående skole,Realfag,1,st,Vg3,2025,,priority
Dalane videregående skole,"Språk, samfunn og økonomi",1,st,Vg3,2018,,priority
Dalane videregående skole,"Språk, samfunn og økonomi",1,st,Vg3,2019,,priority
Dalane videregående skole,"Språk, samfunn og økonomi",1,st,Vg3,2020,,priority
Dalane videregående skole,"Språk, samfunn og økonomi",1,st,Vg3,2021,,priority
Dalane videregående skole,"Språk, samfunn og økonomi",1,st,Vg3,2022,,priority
Dalane videregående skole,"Språk, samfunn og økonomi",1,st,Vg3,2023,,priority
Dalane videregående skole,"Språk, samfunn og økonomi",1,st,Vg3,2024,,priority
Dalane videregående skole,"Språk, samfunn og økonomi",1,st,Vg3,2025,,priority
Gand videregående skole,Bygg- og anleggsteknikk,0,bygg,Vg1,2018,28.1,points
Gand videregående skole,Bygg- og anleggsteknikk,0,bygg,Vg1,2019,28.9,points
Gand videregående skole,Bygg- og anleggsteknikk,0,bygg,Vg1,2020,30.0,points
Gand videregående skole,Bygg- og anleggsteknikk,0,bygg,Vg1,2021,31.9,points
Gand videregående skole,Bygg- og anleggsteknikk,0,bygg,Vg1,2022,,open
Gand videregående skole,Bygg- og anleggsteknikk,0,bygg,Vg1,2023,31.5,points
Gand videregående skole,Bygg- og anleggsteknikk,0,bygg,Vg1,2024,29.9,points
Gand videregående skole,Bygg- og anleggsteknikk,0,bygg,Vg1,2025,32.5,points
Gand videregående skole,Elektro og datateknologi,0,elektro,Vg1,2019,37.6,points
Gand videregående skole,Elektro og datateknologi,0,elektro,Vg1,2020,37.7,points
Gand videregående skole,Elektro og datateknologi,0,elektro,Vg1,2021,38.7,points
Gand videregående skole,Elektro og datateknologi,0,elektro,Vg1,2022,39.3,points
Gand videregående skole,Elektro og datateknologi,0,elektro,Vg1,2023,34.7,points
Gand videregående skole,Elektro og datateknologi,0,elektro,Vg1,2024,37.7,points
Gand videregående skole,Elektro og datateknologi,0,elektro,Vg1,2025,35.3,points
Gand videregående skole,Elektrofag,0,elektro,Vg1,2018,37.6,points
Gand videregående skole,Elektrofag,0,elektro,Vg1,2019,37.6,points
Gand videregående skole,Helse- og oppvekstfag,0,helse,Vg1,2018,32.2,points
Gand videregående skole,Helse- og oppvekstfag,0,helse,Vg1,2019,34.0,points
Gand videregående skole,Helse- og oppvekstfag,0,helse,Vg1,2020,36.0,points
Gand videregående skole,Helse- og oppvekstfag,0,helse,Vg1,2021,37.3,points
Gand videregående skole,Helse- og oppvekstfag,0,helse,Vg1,2022,33.6,points
Gand videregående skole,Helse- og oppvekstfag,0,helse,Vg1,2023,30.9,points
Gand videregående skole,Helse- og oppvekstfag,0,helse,Vg1,2024,30.9,points
Gand videregående skole,Helse- og oppvekstfag,0,helse,Vg1,2025,31.6,points
Gand videregående skole,IT og medieproduksjon,0,im,Vg1,2020,37.8,points
Gand videregående skole,IT og medieproduksjon,0,im,Vg1,2021,37.6,points
Gand videregående skole,IT og medieproduksjon,0,im,Vg1,2022,37.6,points
Gand videregående skole,IT og medieproduksjon,0,im,Vg1,2023,37.7,points
Gand videregående skole,IT og medieproduksjon,0,im,Vg1,2024,35.0,points
Gand videregående skole,IT og medieproduksjon,0,im,Vg1,2025,29.4,points
Gand videregående skole,"Salg, service og reiseliv",0,sr,Vg1,2020,30.8,points
Gand videregående skole,"Salg, service og reiseliv",0,sr,Vg1,2021,32.0,points
Gand videregående skole,"Salg, service og reiseliv",0,sr,Vg1,2022,27.6,points
Gand videregående skole,"Salg, service og reiseliv",0,sr,Vg1,2023,30.3,points
Gand videregående skole,"Salg, service og reiseliv",0,sr,Vg1,2024,34.0,points
Gand videregående skole,"Salg, service og reiseliv",0,sr,Vg1,2025,30.4,points
Gand videregående skole,Service og samferdsel,0,sr,Vg1,2018,25.3,points
Gand videregående skole,Service og samferdsel,0,sr,Vg1,2019,30.4,points
Gand videregående skole,Service og samferdsel,0,sr,Vg1,2020,,discontinued
Gand videregående skole,Service og samferdsel,0,sr,Vg1,2021,,discontinued
Gand videregående skole,Teknikk og industriell produksjon,0,tip,Vg1,2018,27.9,points
Gand videregående skole,Teknikk og industriell produksjon,0,tip,Vg1,2019,31.2,points
Gand videregående skole,Teknologi- og industrifag,0,tip,Vg1,2019,31.2,points
Gand videregående skole,Teknologi- og industrifag,0,tip,Vg1,2020,34.7,points
Gand videregående skole,Teknologi- og industrifag,0,tip,Vg1,2021,32.3,points
Gand videregående skole,Teknologi- og industrifag,0,tip,Vg1,2022,35.0,points
Gand videregående skole,Teknologi- og industrifag,0,tip,Vg1,2023,33.3,points
Gand videregående skole,Teknologi- og industrifag,0,tip,Vg1,2024,37.8,points
Gand videregående skole,Teknologi- og industrifag,0,tip,Vg1,2025,38.8,points
Gand videregående skole,Automatisering,0,elektro,Vg2,2018,36.7,points
Gand videregående skole,Automatisering,0,elektro,Vg2,2019,41.1,points
Gand videregående skole,Automatisering,0,elektro,Vg2,2020,31.3,points
Gand videregående skole,Automatisering,0,elektro,Vg2,2021,37.1,points
Gand videregående skole,Automatisering,0,elektro,Vg2,2022,44.3,points
Gand videregående skole,Automatisering,0,elektro,Vg2,2023,46.3,points
Gand videregående skole,Automatisering,0,elektro,Vg2,2024,43.8,points
Gand videregående skole,Automatisering,0,elektro,Vg2,2025,48.8,points
Gand videregående skole,Barne- og ungdomsarbeider,0,helse,Vg2,2019,28.8,points
Gand videregående skole,Barne- og ungdomsarbeider,0,helse,Vg2,2020,20.0,points
Gand videregående skole,Barne- og ungdomsarbeider,0,helse,Vg2,2021,,open
Gand videregående skole,Barne- og ungdomsarbeider,0,helse,Vg2,2022,,open
Gand videregående skole,Barne- og ungdomsarbeider,0,helse,Vg2,2023,,open
Gand videregående skole,Barne- og ungdomsarbeider,0,helse,Vg2,2024,,open
Gand videregående skole,Barne- og ungdomsarbeider,0,helse,Vg2,2025,,open
Gand videregående skole,Betong og Mur,0,bygg,Vg2,2021,,open
Gand videregående skole,Betong og Mur,0,bygg,Vg2,2022,34.3,points
Gand videregående skole,Betong og Mur,0,bygg,Vg2,2023,33.3,points
Gand videregående skole,Betong og Mur,0,bygg,Vg2,2024,27.1,points
Gand videregående skole,Betong og Mur,0,bygg,Vg2,2025,32.9,points
Gand videregående skole,"Bilskade, lakk og karosseri",0,tip,Vg2,2018,22.0,points
Gand videregående skole,"Bilskade, lakk og karosseri",0,tip,Vg2,2019,20.9,points
Gand videregående skole,"Bilskade, lakk og karosseri",0,tip,Vg2,2020,17.8,points
Gand videregående skole,"Bilskade, lakk og karosseri",0,tip,Vg2,2021,26.7,points
Gand videregående skole,"Bilskade, lakk og karosseri",0,tip,Vg2,2022,23.8,points
Gand videregående skole,"Bilskade, lakk og karosseri",0,tip,Vg2,2023,22.5,points
Gand videregående skole,"Bilskade, lakk og karosseri",0,tip,Vg2,2024,27.5,points
Gand videregående skole,"Bilskade, lakk og karosseri",0,tip,Vg2,2025,,open
Gand videregående skole,Byggteknikk,0,bygg,Vg2,2018,31.3,points
Gand videregående skole,Byggteknikk,0,bygg,Vg2,2019,36.3,points
Gand videregående skole,Byggteknikk,0,bygg,Vg2,2020,31.3,points
Gand videregående skole,Byggteknikk,0,bygg,Vg2,2021,,discontinued
Gand videregående skole,Data og elektronikk,0,elektro,Vg2,2018,37.8,points
Gand videregående skole,Data og elektronikk,0,elektro,Vg2,2019,43.3,points
Gand videregående skole,Datateknologi og elektronikk,0,elektro,Vg2,2019,43.3,points
Gand videregående skole,Datateknologi og elektronikk,0,elektro,Vg2,2020,,open
Gand videregående skole,Datateknologi og elektronikk,0,elektro,Vg2,2021,38.9,points
Gand videregående skole,Datateknologi og elektronikk,0,elektro,Vg2,2022,31.4,points
Gand videregående skole,Datateknologi og elektronikk,0,elektro,Vg2,2023,28.6,points
Gand videregående skole,Datateknologi og elektronikk,0,elektro,Vg2,2024,34.3,points
Gand videregående skole,Datateknologi og elektronikk,0,elektro,Vg2,2025,32.9,points
Gand videregående skole,Elenergi,0,elektro,Vg2,2018,40.0,points
Gand videregående skole,Elenergi,0,elektro,Vg2,2019,44.4,points
Gand videregående skole,Elenergi og ekom,0,elektro,Vg2,2019,44.4,points
Gand videregående skole,Elenergi og ekom,0,elektro,Vg2,2020,44.4,points
Gand videregående skole,Elenergi og ekom,0,elektro,Vg2,2021,47.1,points
Gand videregående skole,Elenergi og ekom,0,elektro,Vg2,2022,44.3,points
Gand videregående skole,Elenergi og ekom,0,elektro,Vg2,2023,40.0,points
Gand videregående skole,Elenergi og ekom,0,elektro,Vg2,2024,40.0,points
Gand videregående skole,Elenergi og ekom,0,elektro,Vg2,2025,40.0,points
Gand videregående skole,Helsearbeiderfag,0,helse,Vg2,2018,26.7,points
Gand videregående skole,Helsearbeiderfag,0,helse,Vg2,2019,38.9,points
Gand videregående skole,Helsearbeiderfag,0,helse,Vg2,2020,35.6,points
Gand videregående skole,Helsearbeiderfag,0,helse,Vg2,2021,40.0,points
Gand videregående skole,Helsearbeiderfag,0,helse,Vg2,2022,40.0,points
Gand videregående skole,Helsearbeiderfag,0,helse,Vg2,2023,36.3,points
Gand videregående skole,Helsearbeiderfag,0,helse,Vg2,2024,30.0,points
Gand videregående skole,Helsearbeiderfag,0,helse,Vg2,2025,32.5,points
Gand videregående skole,IKT-Servicefag,0,im,Vg2,2018,36.3,points
Gand videregående skole,IKT-Servicefag,0,im,Vg2,2019,33.3,points
Gand videregående skole,IKT-Servicefag,0,im,Vg2,2020,34.4,points
Gand videregående skole,IKT-Servicefag,0,im,Vg2,2021,,discontinued
Gand videregående skole,Industriteknologi,0,tip,Vg2,2024,41.3,points
Gand videregående skole,Industriteknologi,0,tip,Vg2,2025,41.3,points
Gand videregående skole,Informasjonsteknologi,0,im,Vg2,2021,36.3,points
Gand videregående skole,Informasjonsteknologi,0,im,Vg2,2022,,open
Gand videregående skole,Informasjonsteknologi,0,im,Vg2,2023,,open
Gand videregående skole,Informasjonsteknologi,0,im,Vg2,2024,,open
Gand videregående skole,Informasjonsteknologi,0,im,Vg2,2025,,open
Gand videregående skole,Kjøretøy,0,tip,Vg2,2018,28.0,points
Gand videregående skole,Kjøretøy,0,tip,Vg2,2019,27.8,points
Gand videregående skole,Kjøretøy,0,tip,Vg2,2020,22.2,points
Gand videregående skole,Kjøretøy,0,tip,Vg2,2021,28.8,points
Gand videregående skole,Kjøretøy,0,tip,Vg2,2022,,open
Gand videregående skole,Kjøretøy,0,tip,Vg2,2023,28.8,points
Gand videregående skole,Kjøretøy,0,tip,Vg2,2024,27.1,points
Gand videregående skole,Kjøretøy,0,tip,Vg2,2025,32.2,points
Gand videregående skole,Salg og Reiseliv,0,sr,Vg2,2021,28.9,points
Gand videregående skole,Salg og Reiseliv,0,sr,Vg2,2022,32.5,points
Gand videregående skole,Salg og Reiseliv,0,sr,Vg2,2023,38.8,points
Gand videregående skole,Salg og Reiseliv,0,sr,Vg2,2024,31.3,points
Gand videregående skole,Salg og Reiseliv,0,sr,Vg2,2025,41.1,points
Gand videregående skole,"Salg, service og sikkerhet",0,sr,Vg2,2018,31.1,points
Gand videregående skole,"Salg, service og sikkerhet",0,sr,Vg2,2019,34.4,points
Gand videregående skole,Service og sikkerhet og admin,0,sr,Vg2,2019,34.4,points
Gand videregående skole,Service og sikkerhet og admin,0,sr,Vg2,2020,37.8,points
Gand videregående skole,Service og sikkerhet og admin,0,sr,Vg2,2021,,open
Gand videregående skole,Service og sikkerhet og admin,0,sr,Vg2,2022,,open
Gand videregående skole,Service og sikkerhet og administrasjon,0,sr,Vg2,2021,,open
Gand videregående skole,Service og sikkerhet og administrasjon,0,sr,Vg2,2022,,open
Gand videregående skole,Service og sikkerhet og administrasjon,0,sr,Vg2,2023,,open
Gand videregående skole,Service og sikkerhet og administrasjon,0,sr,Vg2,2024,,open
Gand videregående skole,Service og sikkerhet og administrasjon,0,sr,Vg2,2025,,open
Gand videregående skole,Transport og logistikk,0,tip,Vg2,2018,28.9,points
Gand videregående skole,Transport og logistikk,0,tip,Vg2,2019,25.0,points
Gand videregående skole,Transport og logistikk,0,tip,Vg2,2020,22.2,points
Gand videregående skole,Transport og logistikk,0,tip,Vg2,2021,28.9,points
Gand videregående skole,Transport og logistikk,0,tip,Vg2,2022,26.3,points
Gand videregående skole,Transport og logistikk,0,tip,Vg2,2023,26.3,points
Gand videregående skole,Transport og logistikk,0,tip,Vg2,2024,23.0,points
Gand videregående skole,Transport og logistikk,0,tip,Vg2,2025,,open
Gand videregående skole,Tømrer,0,bygg,Vg2,2021,37.1,points
Gand videregående skole,Tømrer,0,bygg,Vg2,2022,24.3,points
Gand videregående skole,Tømrer,0,bygg,Vg2,2023,30.0,points
Gand videregående skole,Tømrer,0,bygg,Vg2,2024,31.4,points
Gand videregående skole,Tømrer,0,bygg,Vg2,2025,20.0,points
Gand videregående skole,Automatiseringsfaget,0,elektro,Vg3,2018,37.5,points
Gand videregående skole,Automatiseringsfaget,0,elektro,Vg3,2019,43.8,points
Gand videregående skole,Automatiseringsfaget,0,elektro,Vg3,2020,44.3,points
Gand videregående skole,Automatiseringsfaget,0,elektro,Vg3,2021,41.4,points
Gand videregående skole,Automatiseringsfaget,0,elektro,Vg3,2022,,open
Gand videregående skole,Automatiseringsfaget,0,elektro,Vg3,2023,,open
Gand videregående skole,Automatiseringsfaget,0,elektro,Vg3,2024,,open
Gand videregående skole,Automatiseringsfaget,0,elektro,Vg3,2025,,open
Gand videregående skole,Påbygg til generell studiekompetanse,0,pb,Vg3,2018,38.8,points
Gand videregående skole,Påbygg til generell studiekompetanse,0,pb,Vg3,2019,33.3,points
Gand videregående skole,Påbygg til generell studiekompetanse,0,pb,Vg3,2020,34.0,points
Gand videregående skole,Påbygg til generell studiekompetanse,0,pb,Vg3,2021,36.3,points
Gand videregående skole,Påbygg til generell studiekompetanse,0,pb,Vg3,2022,31.4,points
Gand videregående skole,Påbygg til generell studiekompetanse,0,pb,Vg3,2023,38.8,points
Gand videregående skole,Påbygg til generell studiekompetanse,0,pb,Vg3,2024,37.8,points
Gand videregående skole,Påbygg til generell studiekompetanse,0,pb,Vg3,2025,36.3,points
Gand videregående skole,"Påbygg etter yrkeskompetanse, dagtid",0,pb,Vg4,2018,34.0,points
Gand videregående skole,"Påbygg etter yrkeskompetanse, dagtid",0,pb,Vg4,2019,33.3,points
Gand videregående skole,"Påbygg etter yrkeskompetanse, dagtid",0,pb,Vg4,2020,33.8,points
Gand videregående skole,"Påbygg etter yrkeskompetanse, dagtid",0,pb,Vg4,2021,35.0,points
Gand videregående skole,"Påbygg etter yrkeskompetanse, dagtid",0,pb,Vg4,2022,38.8,points
Gand videregående skole,"Påbygg etter yrkeskompetanse, dagtid",0,pb,Vg4,2023,36.3,points
Gand videregående skole,"Påbygg etter yrkeskompetanse, dagtid",0,pb,Vg4,2024,34.3,points
Gand videregående skole,"Påbygg etter yrkeskompetanse, dagtid",0,pb,Vg4,2025,34.3,points
Gand videregående skole,"Påbygg etter yrkeskompetanse, kveld",0,pb,Vg4,2018,21.7,points
Gand videregående skole,"Påbygg etter yrkeskompetanse, kveld",0,pb,Vg4,2019,34.0,points
Gand videregående skole,"Påbygg etter yrkeskompetanse, kveld",0,pb,Vg4,2020,34.4,points
Gand videregående skole,"Påbygg etter yrkeskompetanse, kveld",0,pb,Vg4,2021,,open
Gand videregående skole,"Påbygg etter yrkeskompetanse, kveld",0,pb,Vg4,2022,,open
Gand videregående skole,"Påbygg etter yrkeskompetanse, kveld",0,pb,Vg4,2023,,discontinued
Godalen videregående skole,Bygg- og anleggsteknikk,0,bygg,Vg1,2018,23.1,points
Godalen videregående skole,Bygg- og anleggsteknikk,0,bygg,Vg1,2019,20.0,points
Godalen videregående skole,Bygg- og anleggsteknikk,0,bygg,Vg1,2020,17.1,points
Godalen videregående skole,Bygg- og anleggsteknikk,0,bygg,Vg1,2021,,open
Godalen videregående skole,Bygg- og anleggsteknikk,0,bygg,Vg1,2022,19.7,points
Godalen videregående skole,Bygg- og anleggsteknikk,0,bygg,Vg1,2023,29.7,points
Godalen videregående skole,Bygg- og anleggsteknikk,0,bygg,Vg1,2024,25.6,points
Godalen videregående skole,Bygg- og anleggsteknikk,0,bygg,Vg1,2025,22.4,points
Godalen videregående skole,Design og håndverk,0,design,Vg1,2018,,open
Godalen videregående skole,Design og håndverk,0,design,Vg1,2019,25.6,points
Godalen videregående skole,Design og håndverk,0,design,Vg1,2020,,discontinued
Godalen videregående skole,Design og håndverk,0,design,Vg1,2021,,discontinued
Godalen videregående skole,Elektro,0,elektro,Vg1,2018,27.1,points
Godalen videregående skole,Elektro,0,elektro,Vg1,2019,28.9,points
Godalen videregående skole,"Elektro og data, automatisering og robotikk, SK 3 år",0,elektro,Vg1,2023,39.7,points
Godalen videregående skole,"Elektro og data, automatisering og robotikk, SK 3 år",0,elektro,Vg1,2024,42.4,points
Godalen videregående skole,"Elektro og data, automatisering og robotikk, SK 3 år",0,elektro,Vg1,2025,24.0,points
Godalen videregående skole,"Elektro og data, automatisering og robotikk, SK 3 år. NY",0,elektro,Vg1,2023,39.7,points
Godalen videregående skole,Elektro og datateknologi,0,elektro,Vg1,2019,28.9,points
Godalen videregående skole,Elektro og datateknologi,0,elektro,Vg1,2020,,open
Godalen videregående skole,Elektro og datateknologi,0,elektro,Vg1,2021,30.0,points
Godalen videregående skole,Elektro og datateknologi,0,elektro,Vg1,2022,27.2,points
Godalen videregående skole,Elektro og datateknologi,0,elektro,Vg1,2023,29.7,points
Godalen videregående skole,Elektro og datateknologi,0,elektro,Vg1,2024,31.2,points
Godalen videregående skole,Elektro og datateknologi,0,elektro,Vg1,2025,31.3,points
Godalen videregående skole,"Frisør, blomst, int.eksp. design",0,design,Vg1,2020,22.0,points
Godalen videregående skole,"Frisør, blomst, int.eksp. design",0,design,Vg1,2021,22.9,points
Godalen videregående skole,"Frisør, blomst, int.eksp. design",0,design,Vg1,2022,35.4,points
Godalen videregående skole,"Frisør, blomst, int.eksp. design",0,design,Vg1,2023,,open
Godalen videregående skole,"Frisør, blomst, int.eksp. design",0,design,Vg1,2024,17.9,points
Godalen videregående skole,"Frisør, blomst, int.eksp. design",0,design,Vg1,2025,24.2,points
Godalen videregående skole,"Håndverk, design, produktutvikling",0,design,Vg1,2020,28.7,points
Godalen videregående skole,"Håndverk, design, produktutvikling",0,design,Vg1,2021,31.3,points
Godalen videregående skole,"Håndverk, design, produktutvikling",0,design,Vg1,2022,27.6,points
Godalen videregående skole,"Håndverk, design, produktutvikling",0,design,Vg1,2023,,open
Godalen videregående skole,"Håndverk, design, produktutvikling",0,design,Vg1,2024,,open
Godalen videregående skole,"Håndverk, design, produktutvikling",0,design,Vg1,2025,,open
Godalen videregående skole,"Salg, service og reiseliv",0,sr,Vg1,2020,,open
Godalen videregående skole,"Salg, service og reiseliv",0,sr,Vg1,2021,,open
Godalen videregående skole,"Salg, service og reiseliv",0,sr,Vg1,2022,,open
Godalen videregående skole,"Salg, service og reiseliv",0,sr,Vg1,2023,27.3,points
Godalen videregående skole,"Salg, service og reiseliv",0,sr,Vg1,2024,31.3,points
Godalen videregående skole,"Salg, service og reiseliv",0,sr,Vg1,2025,30.4,points
Godalen videregående skole,Service og samferdsel,0,sr,Vg1,2018,23.1,points
Godalen videregående skole,Service og samferdsel,0,sr,Vg1,2019,20.0,points
Godalen videregående skole,Service og samferdsel,0,sr,Vg1,2020,,discontinued
Godalen videregående skole,Service og samferdsel,0,sr,Vg1,2021,,discontinued
Godalen videregående skole,Teknikk og industriell produksjon,0,tip,Vg1,2018,23.1,points
Godalen videregående skole,Teknikk og industriell produksjon,0,tip,Vg1,2019,20.0,points
Godalen videregående skole,Teknologi- og industrifag,0,tip,Vg1,2019,20.0,points
Godalen videregående skole,Teknologi- og industrifag,0,tip,Vg1,2020,,open
Godalen videregående skole,Teknologi- og industrifag,0,tip,Vg1,2021,,open
Godalen videregående skole,Teknologi- og industrifag,0,tip,Vg1,2022,22.3,points
Godalen videregående skole,Teknologi- og industrifag,0,tip,Vg1,2023,29.0,points
Godalen videregående skole,Teknologi- og industrifag,0,tip,Vg1,2024,35.4,points
Godalen videregående skole,Teknologi- og industrifag,0,tip,Vg1,2025,33.8,points
Godalen videregående skole,Automatisering,0,elektro,Vg2,2018,,open
Godalen videregående skole,Automatisering,0,elektro,Vg2,2019,28.9,points
Godalen videregående skole,Automatisering,0,elektro,Vg2,2020,,open
Godalen videregående skole,Automatisering,0,elektro,Vg2,2021,30.0,points
Godalen videregående skole,Automatisering,0,elektro,Vg2,2022,28.6,points
Godalen videregående skole,Automatisering,0,elektro,Vg2,2023,42.5,points
Godalen videregående skole,Automatisering,0,elektro,Vg2,2024,38.6,points
Godalen videregående skole,Automatisering,0,elektro,Vg2,2025,45.7,points
Godalen videregående skole,"Automatisering, SK 3 år",0,elektro,Vg2,2024,,open
Godalen videregående skole,"Automatisering, SK 3 år",0,elektro,Vg2,2025,,open
Godalen videregående skole,Betong og Mur,0,bygg,Vg2,2021,,open
Godalen videregående skole,Betong og Mur,0,bygg,Vg2,2022,24.3,points
Godalen videregående skole,Betong og Mur,0,bygg,Vg2,2023,,open
Godalen videregående skole,Betong og Mur,0,bygg,Vg2,2024,,open
Godalen videregående skole,Betong og Mur,0,bygg,Vg2,2025,,open
Godalen videregående skole,Blomsterdekoratør,0,design,Vg2,2018,,open
Godalen videregående skole,Blomsterdekoratør,0,design,Vg2,2019,21.3,points
Godalen videregående skole,Blomsterdekoratør,0,design,Vg2,2020,,open
Godalen videregående skole,Blomsterdekoratør,0,design,Vg2,2021,,open
Godalen videregående skole,Blomsterdekoratør,0,design,Vg2,2022,,open
Godalen videregående skole,Blomsterdekoratør,0,design,Vg2,2023,,open
Godalen videregående skole,Blomsterdekoratør,0,design,Vg2,2024,,open
Godalen videregående skole,Blomsterdekoratør,0,design,Vg2,2025,32.9,points
Godalen videregående skole,Brønnteknikk,0,tip,Vg2,2023,45.6,points
Godalen videregående skole,Brønnteknikk,0,tip,Vg2,2024,45.0,points
Godalen videregående skole,Brønnteknikk,0,tip,Vg2,2025,47.8,points
Godalen videregående skole,Byggteknikk,0,bygg,Vg2,2018,20.0,points
Godalen videregående skole,Byggteknikk,0,bygg,Vg2,2019,,open
Godalen videregående skole,Byggteknikk,0,bygg,Vg2,2020,,open
Godalen videregående skole,Byggteknikk,0,bygg,Vg2,2021,,discontinued
Godalen videregående skole,Design og tekstil,0,design,Vg2,2018,,open
Godalen videregående skole,Design og tekstil,0,design,Vg2,2019,,open
Godalen videregående skole,Design og tekstil,0,design,Vg2,2020,,open
Godalen videregående skole,Design og tekstil,0,design,Vg2,2021,,discontinued
Godalen videregående skole,Elenergi,0,elektro,Vg2,2018,36.0,points
Godalen videregående skole,Elenergi,0,elektro,Vg2,2019,36.0,points
Godalen videregående skole,Elenergi og ekom,0,elektro,Vg2,2019,36.0,points
Godalen videregående skole,Elenergi og ekom,0,elektro,Vg2,2020,31.1,points
Godalen videregående skole,Elenergi og ekom,0,elektro,Vg2,2021,25.6,points
Godalen videregående skole,Elenergi og ekom,0,elektro,Vg2,2022,,open
Godalen videregående skole,Elenergi og ekom,0,elektro,Vg2,2023,31.4,points
Godalen videregående skole,Elenergi og ekom,0,elektro,Vg2,2024,34.3,points
Godalen videregående skole,Elenergi og ekom,0,elektro,Vg2,2025,34.3,points
Godalen videregående skole,Frisør,0,design,Vg2,2018,,open
Godalen videregående skole,Frisør,0,design,Vg2,2019,20.0,points
Godalen videregående skole,Frisør,0,design,Vg2,2020,,open
Godalen videregående skole,Frisør,0,design,Vg2,2021,,open
Godalen videregående skole,Frisør,0,design,Vg2,2022,,open
Godalen videregående skole,Frisør,0,design,Vg2,2023,,open
Godalen videregående skole,Frisør,0,design,Vg2,2024,,open
Godalen videregående skole,Frisør,0,design,Vg2,2025,,open
Godalen videregående skole,Industriteknologi,0,tip,Vg2,2018,20.0,points
Godalen videregående skole,Industriteknologi,0,tip,Vg2,2019,21.1,points
Godalen videregående skole,Industriteknologi,0,tip,Vg2,2020,,open
Godalen videregående skole,Industriteknologi,0,tip,Vg2,2021,,open
Godalen videregående skole,Industriteknologi,0,tip,Vg2,2022,,open
Godalen videregående skole,Industriteknologi,0,tip,Vg2,2023,,open
Godalen videregående skole,Industriteknologi,0,tip,Vg2,2024,31.4,points
Godalen videregående skole,Industriteknologi,0,tip,Vg2,2025,38.8,points
Godalen videregående skole,Kjemiprosess- og laboratoriefag,0,tip,Vg2,2023,43.3,points
Godalen videregående skole,Kjemiprosess- og laboratoriefag,0,tip,Vg2,2024,45.0,points
Godalen videregående skole,Kjemiprosess- og laboratoriefag,0,tip,Vg2,2025,46.3,points
Godalen videregående skole,"Kulde , varmepumpe-, vent.teknologi",0,elektro,Vg2,2021,,open
Godalen videregående skole,"Kulde , varmepumpe-, vent.teknologi",0,elektro,Vg2,2022,26.7,points
Godalen videregående skole,"Kulde , varmepumpe-, vent.teknologi",0,elektro,Vg2,2023,35.7,points
Godalen videregående skole,"Kulde , varmepumpe-, vent.teknologi",0,elektro,Vg2,2024,30.0,points
Godalen videregående skole,"Kulde , varmepumpe-, vent.teknologi",0,elektro,Vg2,2025,30.0,points
Godalen videregående skole,Kulde og varmepumpeteknikk,0,elektro,Vg2,2018,23.0,points
Godalen videregående skole,Kulde og varmepumpeteknikk,0,elektro,Vg2,2019,,open
Godalen videregående skole,Kulde og varmepumpeteknikk,0,elektro,Vg2,2020,,open
Godalen videregående skole,Kulde og varmepumpeteknikk,0,elektro,Vg2,2021,,open
Godalen videregående skole,Kulde og varmepumpeteknikk,0,elektro,Vg2,2022,26.7,points
Godalen videregående skole,Overflateteknikk,0,bygg,Vg2,2018,,open
Godalen videregående skole,Overflateteknikk,0,bygg,Vg2,2019,,open
Godalen videregående skole,Overflateteknikk,0,bygg,Vg2,2020,,open
Godalen videregående skole,Overflateteknikk,0,bygg,Vg2,2021,,open
Godalen videregående skole,Overflateteknikk,0,bygg,Vg2,2022,,open
Godalen videregående skole,Overflateteknikk,0,bygg,Vg2,2023,,open
Godalen videregående skole,Overflateteknikk,0,bygg,Vg2,2024,,open
Godalen videregående skole,Overflateteknikk,0,bygg,Vg2,2025,,open
Godalen videregående skole,Reiseliv,0,sr,Vg2,2018,16.7,points
Godalen videregående skole,Reiseliv,0,sr,Vg2,2019,38.3,points
Godalen videregående skole,Reiseliv,0,sr,Vg2,2020,33.3,points
Godalen videregående skole,Reiseliv,0,sr,Vg2,2021,,discontinued
Godalen videregående skole,Salg og Reiseliv,0,sr,Vg2,2021,,open
Godalen videregående skole,Salg og Reiseliv,0,sr,Vg2,2022,27.5,points
Godalen videregående skole,Salg og Reiseliv,0,sr,Vg2,2023,,open
Godalen videregående skole,Salg og Reiseliv,0,sr,Vg2,2024,,open
Godalen videregående skole,Salg og Reiseliv,0,sr,Vg2,2025,34.4,points
Godalen videregående skole,"Salg, service og sikkerhet",0,sr,Vg2,2018,22.2,points
Godalen videregående skole,"Salg, service og sikkerhet",0,sr,Vg2,2019,,open
Godalen videregående skole,"Salg, service og sikkerhet",0,sr,Vg2,2020,,open
Godalen videregående skole,"Salg, service og sikkerhet",0,sr,Vg2,2021,,discontinued
Godalen videregående skole,"Service, sikkerhet og admin",0,sr,Vg2,2021,,open
Godalen videregående skole,"Service, sikkerhet og admin",0,sr,Vg2,2022,,open
Godalen videregående skole,"Service, sikkerhet og admin",0,sr,Vg2,2023,,open
Godalen videregående skole,"Service, sikkerhet og admin",0,sr,Vg2,2024,32.5,points
Godalen videregående skole,"Service, sikkerhet og admin",0,sr,Vg2,2025,,open
Godalen videregående skole,Søm og tekstilhåndverk,0,design,Vg2,2021,,open
Godalen videregående skole,Søm og tekstilhåndverk,0,design,Vg2,2022,,open
Godalen videregående skole,Søm og tekstilhåndverk,0,design,Vg2,2023,,open
Godalen videregående skole,Søm og tekstilhåndverk,0,design,Vg2,2024,,open
Godalen videregående skole,Søm og tekstilhåndverk,0,design,Vg2,2025,,open
Godalen videregående skole,Treteknikk,0,bygg,Vg2,2018,,open
Godalen videregående skole,Treteknikk,0,bygg,Vg2,2019,,open
Godalen videregående skole,Treteknikk,0,bygg,Vg2,2020,,open
Godalen videregående skole,Treteknikk,0,bygg,Vg2,2021,30.0,points
Godalen videregående skole,Treteknikk,0,bygg,Vg2,2022,,open
Godalen videregående skole,Treteknikk,0,bygg,Vg2,2023,,open
Godalen videregående skole,Treteknikk,0,bygg,Vg2,2024,,open
Godalen videregående skole,Treteknikk,0,bygg,Vg2,2025,,open
Godalen videregående skole,Tømrer,0,bygg,Vg2,2021,,open
Godalen videregående skole,Tømrer,0,bygg,Vg2,2022,,open
Godalen videregående skole,Tømrer,0,bygg,Vg2,2023,,open
Godalen videregående skole,Tømrer,0,bygg,Vg2,2024,,open
Godalen videregående skole,Tømrer,0,bygg,Vg2,2025,22.9,points
Godalen videregående skole,Automatisering,1,elektro,Vg3,2019,32.2,points
Godalen videregående skole,Automatisering,1,elektro,Vg3,2020,38.6,points
Godalen videregående skole,Automatisering,1,elektro,Vg3,2021,,open
Godalen videregående skole,Automatisering,1,elektro,Vg3,2022,,open
Godalen videregående skole,Automatiseringsfaget,0,elektro,Vg3,2021,,open
Godalen videregående skole,Automatiseringsfaget,0,elektro,Vg3,2022,,open
Godalen videregående skole,Automatiseringsfaget,0,elektro,Vg3,2023,,open
Godalen videregående skole,Automatiseringsfaget,0,elektro,Vg3,2024,,open
Godalen videregående skole,Automatiseringsfaget,0,elektro,Vg3,2025,,open
Godalen videregående skole,"Påbygg etter yrkeskompetanse, dagtid",0,pb,Vg4,2018,22.9,points
Godalen videregående skole,"Påbygg etter yrkeskompetanse, dagtid",0,pb,Vg4,2019,20.9,points
Godalen videregående skole,"Påbygg etter yrkeskompetanse, dagtid",0,pb,Vg4,2020,,open
Godalen videregående skole,"Påbygg etter yrkeskompetanse, dagtid",0,pb,Vg4,2021,38.8,points
Godalen videregående skole,"Påbygg etter yrkeskompetanse, dagtid",0,pb,Vg4,2022,,open
Godalen videregående skole,"Påbygg etter yrkeskompetanse, dagtid",0,pb,Vg4,2023,,open
Godalen videregående skole,"Påbygg etter yrkeskompetanse, dagtid",0,pb,Vg4,2024,,open
Godalen videregående skole,"Påbygg etter yrkeskompetanse, dagtid",0,pb,Vg4,2025,,open
Haugaland videregående skole,"Bygg og anleggsteknikk, toppidrett",0,bygg,Vg1,2019,,open
Haugaland videregående skole,"Bygg og anleggsteknikk, toppidrett",0,bygg,Vg1,2021,,open
Haugaland videregående skole,"Bygg og anleggsteknikk, toppidrett",0,bygg,Vg1,2022,,open
Haugaland videregående skole,"Bygg og anleggsteknikk, toppidrett",0,bygg,Vg1,2023,32.4,points
Haugaland videregående skole,Bygg- og anleggsteknikk,0,bygg,Vg1,2018,25.6,points
Haugaland videregående skole,Bygg- og anleggsteknikk,0,bygg,Vg1,2019,,open
Haugaland videregående skole,Bygg- og anleggsteknikk,0,bygg,Vg1,2020,23.6,points
Haugaland videregående skole,Bygg- og anleggsteknikk,0,bygg,Vg1,2021,,open
Haugaland videregående skole,Bygg- og anleggsteknikk,0,bygg,Vg1,2022,28.6,points
Haugaland videregående skole,Bygg- og anleggsteknikk,0,bygg,Vg1,2023,,open
Haugaland videregående skole,Bygg- og anleggsteknikk,0,bygg,Vg1,2024,18.9,points
Haugaland videregående skole,Bygg- og anleggsteknikk,0,bygg,Vg1,2025,,open
Haugaland videregående skole,Design og håndverk,0,design,Vg1,2018,28.9,points
Haugaland videregående skole,Design og håndverk,0,design,Vg1,2019,,open
Haugaland videregående skole,Design og håndverk,0,design,Vg1,2020,,discontinued
Haugaland videregående skole,Design og håndverk,0,design,Vg1,2021,,discontinued
Haugaland videregående skole,"Frisør, blomst, int, eksp.design",0,design,Vg1,2020,,open
Haugaland videregående skole,"Frisør, blomst, int, eksp.design",0,design,Vg1,2021,,open
Haugaland videregående skole,"Frisør, blomst, int, eksp.design",0,design,Vg1,2022,,open
Haugaland videregående skole,"Frisør, blomst, int, eksp.design",0,design,Vg1,2023,30.7,points
Haugaland videregående skole,"Frisør, blomst, int, eksp.design",0,design,Vg1,2024,35.7,points
Haugaland videregående skole,"Frisør, blomst, int, eksp.design",0,design,Vg1,2025,33.1,points
Haugaland videregående skole,"Helse og oppvekstfag, toppidrett",0,helse,Vg1,2021,,open
Haugaland videregående skole,"Helse og oppvekstfag, toppidrett",0,helse,Vg1,2022,34.3,points
Haugaland videregående skole,"Helse og oppvekstfag, toppidrett",0,helse,Vg1,2023,,open
Haugaland videregående skole,"Helse og oppvekstfag, toppidrett",0,helse,Vg1,2024,37.5,points
Haugaland videregående skole,"Helse og oppvekstfag, toppidrett",0,helse,Vg1,2025,34.4,points
Haugaland videregående skole,Helse- og oppvekstfag,0,helse,Vg1,2018,26.9,points
Haugaland videregående skole,Helse- og oppvekstfag,0,helse,Vg1,2019,22.3,points
Haugaland videregående skole,Helse- og oppvekstfag,0,helse,Vg1,2020,15.3,points
Haugaland videregående skole,Helse- og oppvekstfag,0,helse,Vg1,2021,,open
Haugaland videregående skole,Helse- og oppvekstfag,0,helse,Vg1,2022,33.5,points
Haugaland videregående skole,Helse- og oppvekstfag,0,helse,Vg1,2023,25.3,points
Haugaland videregående skole,Helse- og oppvekstfag,0,helse,Vg1,2024,22.5,points
Haugaland videregående skole,Helse- og oppvekstfag,0,helse,Vg1,2025,23.8,points
Haugaland videregående skole,IT og medieproduksjon,0,im,Vg1,2020,40.4,points
Haugaland videregående skole,IT og medieproduksjon,0,im,Vg1,2021,36.7,points
Haugaland videregående skole,IT og medieproduksjon,0,im,Vg1,2022,39.3,points
Haugaland videregående skole,IT og medieproduksjon,0,im,Vg1,2023,37.1,points
Haugaland videregående skole,IT og medieproduksjon,0,im,Vg1,2024,34.4,points
Haugaland videregående skole,IT og medieproduksjon,0,im,Vg1,2025,31.3,points
Haugaland videregående skole,"Kunst, design og arkitektur",0,kda,Vg1,2018,,open
Haugaland videregående skole,"Kunst, design og arkitektur",0,kda,Vg1,2019,,open
Haugaland videregående skole,"Kunst, design og arkitektur",0,kda,Vg1,2020,37.8,points
Haugaland videregående skole,"Kunst, design og arkitektur",0,kda,Vg1,2021,,open
Haugaland videregående skole,"Kunst, design og arkitektur",0,kda,Vg1,2022,39.0,points
Haugaland videregående skole,"Kunst, design og arkitektur",0,kda,Vg1,2023,33.6,points
Haugaland videregående skole,"Kunst, design og arkitektur",0,kda,Vg1,2024,,open
Haugaland videregående skole,"Kunst, design og arkitektur",0,kda,Vg1,2025,,open
Haugaland videregående skole,"Salg, service og reiseliv",0,sr,Vg1,2020,27.8,points
Haugaland videregående skole,"Salg, service og reiseliv",0,sr,Vg1,2021,28.6,points
Haugaland videregående skole,"Salg, service og reiseliv",0,sr,Vg1,2022,31.1,points
Haugaland videregående skole,"Salg, service og reiseliv",0,sr,Vg1,2023,32.9,points
Haugaland videregående skole,"Salg, service og reiseliv",0,sr,Vg1,2024,32.7,points
Haugaland videregående skole,"Salg, service og reiseliv",0,sr,Vg1,2025,31.3,points
Haugaland videregående skole,Service og samferdsel,0,sr,Vg1,2018,28.4,points
Haugaland videregående skole,Service og samferdsel,0,sr,Vg1,2019,28.9,points
Haugaland videregående skole,Service og samferdsel,0,sr,Vg1,2020,,discontinued
Haugaland videregående skole,Service og samferdsel,0,sr,Vg1,2021,,discontinued
Haugaland videregående skole,Teknikk og industriell produksjon,0,tip,Vg1,2018,20.0,points
Haugaland videregående skole,Teknikk og industriell produksjon,0,tip,Vg1,2019,19.4,points
Haugaland videregående skole,Teknologi- og industrifag,0,tip,Vg1,2019,19.4,points
Haugaland videregående skole,Teknologi- og industrifag,0,tip,Vg1,2020,,open
Haugaland videregående skole,Teknologi- og industrifag,0,tip,Vg1,2021,26.2,points
Haugaland videregående skole,Teknologi- og industrifag,0,tip,Vg1,2022,28.5,points
Haugaland videregående skole,Teknologi- og industrifag,0,tip,Vg1,2023,25.3,points
Haugaland videregående skole,Teknologi- og industrifag,0,tip,Vg1,2024,27.3,points
Haugaland videregående skole,Teknologi- og industrifag,0,tip,Vg1,2025,27.3,points
Haugaland videregående skole,Anleggsteknikk,0,bygg,Vg2,2024,32.5,points
Haugaland videregående skole,Anleggsteknikk,0,bygg,Vg2,2025,38.6,points
Haugaland videregående skole,Barne- og ungdomsarbeider,0,helse,Vg2,2018,25.6,points
Haugaland videregående skole,Barne- og ungdomsarbeider,0,helse,Vg2,2019,,open
Haugaland videregående skole,Barne- og ungdomsarbeider,0,helse,Vg2,2020,30.0,points
Haugaland videregående skole,Barne- og ungdomsarbeider,0,helse,Vg2,2021,,open
Haugaland videregående skole,Barne- og ungdomsarbeider,0,helse,Vg2,2022,,open
Haugaland videregående skole,Barne- og ungdomsarbeider,0,helse,Vg2,2023,32.5,points
Haugaland videregående skole,Barne- og ungdomsarbeider,0,helse,Vg2,2024,30.0,points
Haugaland videregående skole,Barne- og ungdomsarbeider,0,helse,Vg2,2025,24.4,points
Haugaland videregående skole,Betong og Mur,0,bygg,Vg2,2021,,open
Haugaland videregående skole,Betong og Mur,0,bygg,Vg2,2022,,open
Haugaland videregående skole,Betong og Mur,0,bygg,Vg2,2023,,open
Haugaland videregående skole,Betong og Mur,0,bygg,Vg2,2024,,open
Haugaland videregående skole,Betong og Mur,0,bygg,Vg2,2025,,open
Haugaland videregående skole,Byggteknikk,0,bygg,Vg2,2018,,open
Haugaland videregående skole,Byggteknikk,0,bygg,Vg2,2019,,open
Haugaland videregående skole,Byggteknikk,0,bygg,Vg2,2020,20.0,points
Haugaland videregående skole,Byggteknikk,0,bygg,Vg2,2021,,discontinued
Haugaland videregående skole,Frisør,0,design,Vg2,2018,,open
Haugaland videregående skole,Frisør,0,design,Vg2,2019,,open
Haugaland videregående skole,Frisør,0,design,Vg2,2020,,open
Haugaland videregående skole,Frisør,0,design,Vg2,2021,,open
Haugaland videregående skole,Frisør,0,design,Vg2,2022,,open
Haugaland videregående skole,Frisør,0,design,Vg2,2023,17.1,points
Haugaland videregående skole,Frisør,0,design,Vg2,2024,24.3,points
Haugaland videregående skole,Frisør,0,design,Vg2,2025,32.5,points
Haugaland videregående skole,Helsearbeiderfag,0,helse,Vg2,2018,20.0,points
Haugaland videregående skole,Helsearbeiderfag,0,helse,Vg2,2019,28.0,points
Haugaland videregående skole,Helsearbeiderfag,0,helse,Vg2,2020,,open
Haugaland videregående skole,Helsearbeiderfag,0,helse,Vg2,2021,28.8,points
Haugaland videregående skole,Helsearbeiderfag,0,helse,Vg2,2022,,open
Haugaland videregående skole,Helsearbeiderfag,0,helse,Vg2,2023,24.4,points
Haugaland videregående skole,Helsearbeiderfag,0,helse,Vg2,2024,42.2,points
Haugaland videregående skole,Helsearbeiderfag,0,helse,Vg2,2025,21.3,points
Haugaland videregående skole,IKT- servicefag,0,im,Vg2,2018,36.7,points
Haugaland videregående skole,IKT- servicefag,0,im,Vg2,2019,35.6,points
Haugaland videregående skole,IKT- servicefag,0,im,Vg2,2020,33.3,points
Haugaland videregående skole,IKT- servicefag,0,im,Vg2,2021,,discontinued
Haugaland videregående skole,Industriteknologi,0,tip,Vg2,2018,,open
Haugaland videregående skole,Industriteknologi,0,tip,Vg2,2019,,open
Haugaland videregående skole,Industriteknologi,0,tip,Vg2,2020,,open
Haugaland videregående skole,Industriteknologi,0,tip,Vg2,2021,,open
Haugaland videregående skole,Industriteknologi,0,tip,Vg2,2022,,open
Haugaland videregående skole,Industriteknologi,0,tip,Vg2,2023,,open
Haugaland videregående skole,Industriteknologi,0,tip,Vg2,2024,17.8,points
Haugaland videregående skole,Industriteknologi,0,tip,Vg2,2025,,open
Haugaland videregående skole,Informasjonsteknologi,0,im,Vg2,2021,28.8,points
Haugaland videregående skole,Informasjonsteknologi,0,im,Vg2,2022,,open
Haugaland videregående skole,Informasjonsteknologi,0,im,Vg2,2023,,open
Haugaland videregående skole,Informasjonsteknologi,0,im,Vg2,2024,,open
Haugaland videregående skole,Informasjonsteknologi,0,im,Vg2,2025,30.0,points
Haugaland videregående skole,Interiør og eksponeringsdesign,0,design,Vg2,2019,,open
Haugaland videregående skole,Interiør og eksponeringsdesign,0,design,Vg2,2020,,discontinued
Haugaland videregående skole,Interiør og eksponeringsdesign,0,design,Vg2,2021,,open
Haugaland videregående skole,Interiør og eksponeringsdesign,0,design,Vg2,2022,,open
Haugaland videregående skole,Interiør og eksponeringsdesign,0,design,Vg2,2023,,open
Haugaland videregående skole,Interiør og eksponeringsdesign,0,design,Vg2,2024,,open
Haugaland videregående skole,Interiør og eksponeringsdesign,0,design,Vg2,2025,,open
Haugaland videregående skole,Interiør og utstillingsdesign,0,design,Vg2,2018,,open
Haugaland videregående skole,Interiør og utstillingsdesign,0,design,Vg2,2019,,open
Haugaland videregående skole,Kjøretøy,0,tip,Vg2,2018,25.6,points
Haugaland videregående skole,Kjøretøy,0,tip,Vg2,2019,25.0,points
Haugaland videregående skole,Kjøretøy,0,tip,Vg2,2020,26.7,points
Haugaland videregående skole,Kjøretøy,0,tip,Vg2,2021,27.5,points
Haugaland videregående skole,Kjøretøy,0,tip,Vg2,2022,20.0,points
Haugaland videregående skole,Kjøretøy,0,tip,Vg2,2023,,open
Haugaland videregående skole,Kjøretøy,0,tip,Vg2,2024,33.8,points
Haugaland videregående skole,Kjøretøy,0,tip,Vg2,2025,,open
Haugaland videregående skole,"Kunst, design og arkitektur",1,kda,Vg2,2018,,open
Haugaland videregående skole,"Kunst, design og arkitektur",1,kda,Vg2,2019,,open
Haugaland videregående skole,"Kunst, design og arkitektur",1,kda,Vg2,2020,,open
Haugaland videregående skole,"Kunst, design og arkitektur",1,kda,Vg2,2021,,open
Haugaland videregående skole,"Kunst, design og arkitektur",1,kda,Vg2,2022,,open
Haugaland videregående skole,"Kunst, design og arkitektur",1,kda,Vg2,2023,,open
Haugaland videregående skole,"Kunst, design og arkitektur",1,kda,Vg2,2024,,open
Haugaland videregående skole,"Kunst, design og arkitektur",1,kda,Vg2,2025,,open
Haugaland videregående skole,Medieproduksjon,0,im,Vg2,2024,31.3,points
Haugaland videregående skole,Medieproduksjon,0,im,Vg2,2025,,open
Haugaland videregående skole,Salg og Reiseliv,0,sr,Vg2,2021,,open
Haugaland videregående skole,Salg og Reiseliv,0,sr,Vg2,2022,30.0,points
Haugaland videregående skole,Salg og Reiseliv,0,sr,Vg2,2023,,open
Haugaland videregående skole,Salg og Reiseliv,0,sr,Vg2,2024,,open
Haugaland videregående skole,Salg og Reiseliv,0,sr,Vg2,2025,,open
Haugaland videregående skole,"Salg, service og sikkerhet",0,sr,Vg2,2018,22.0,points
Haugaland videregående skole,"Salg, service og sikkerhet",0,sr,Vg2,2019,26.7,points
Haugaland videregående skole,"Salg, service og sikkerhet",0,sr,Vg2,2020,,open
Haugaland videregående skole,"Salg, service og sikkerhet",0,sr,Vg2,2021,,discontinued
Haugaland videregående skole,"Salg, service og sikkerhet",0,sr,Vg2,2022,,open
Haugaland videregående skole,"Service, sikkerhet og admin",0,sr,Vg2,2021,,open
Haugaland videregående skole,"Service, sikkerhet og admin",0,sr,Vg2,2022,,open
Haugaland videregående skole,"Service, sikkerhet og admin",0,sr,Vg2,2023,,open
Haugaland videregående skole,"Service, sikkerhet og admin",0,sr,Vg2,2024,40.0,points
Haugaland videregående skole,"Service, sikkerhet og admin",0,sr,Vg2,2025,,open
Haugaland videregående skole,Transport og logistikk,0,tip,Vg2,2018,24.4,points
Haugaland videregående skole,Transport og logistikk,0,tip,Vg2,2019,22.2,points
Haugaland videregående skole,Transport og logistikk,0,tip,Vg2,2020,22.0,points
Haugaland videregående skole,Transport og logistikk,0,tip,Vg2,2021,23.8,points
Haugaland videregående skole,Transport og logistikk,0,tip,Vg2,2022,26.7,points
Haugaland videregående skole,Transport og logistikk,0,tip,Vg2,2023,,open
Haugaland videregående skole,Transport og logistikk,0,tip,Vg2,2024,23.8,points
Haugaland videregående skole,Transport og logistikk,0,tip,Vg2,2025,35.0,points
Haugaland videregående skole,Tømrer,0,bygg,Vg2,2021,,open
Haugaland videregående skole,Tømrer,0,bygg,Vg2,2022,,open
Haugaland videregående skole,Tømrer,0,bygg,Vg2,2023,,open
Haugaland videregående skole,Tømrer,0,bygg,Vg2,2024,,open
Haugaland videregående skole,Tømrer,0,bygg,Vg2,2025,,open
Haugaland videregående skole,Interiør,0,design,Vg3,2019,,open
Haugaland videregående skole,Interiør,0,design,Vg3,2020,,open
Haugaland videregående skole,Interiør,0,design,Vg3,2021,,open
Haugaland videregående skole,Interiør,0,design,Vg3,2022,,open
Haugaland videregående skole,Interiør,0,design,Vg3,2023,,open
Haugaland videregående skole,Interiør,0,design,Vg3,2024,,open
Haugaland videregående skole,Interiør,0,design,Vg3,2025,,open
Haugaland videregående skole,"Kunst, design og arkitektur",2,kda,Vg3,2018,,priority
Haugaland videregående skole,"Kunst, design og arkitektur",2,kda,Vg3,2019,,priority
Haugaland videregående skole,"Kunst, design og arkitektur",2,kda,Vg3,2020,,priority
Haugaland videregående skole,"Kunst, design og arkitektur",2,kda,Vg3,2021,,priority
Haugaland videregående skole,"Kunst, design og arkitektur",2,kda,Vg3,2022,,priority
Haugaland videregående skole,"Kunst, design og arkitektur",2,kda,Vg3,2023,,priority
Haugaland videregående skole,"Kunst, design og arkitektur",2,kda,Vg3,2024,,priority
Haugaland videregående skole,"Kunst, design og arkitektur",2,kda,Vg3,2025,,priority
Haugaland videregående skole,Påbygg til generell studiekompetanse,0,pb,Vg3,2018,37.5,points
Haugaland videregående skole,Påbygg til generell studiekompetanse,0,pb,Vg3,2019,21.7,points
Haugaland videregående skole,Påbygg til generell studiekompetanse,0,pb,Vg3,2020,,open
Haugaland videregående skole,Påbygg til generell studiekompetanse,0,pb,Vg3,2021,40.0,points
Haugaland videregående skole,Påbygg til generell studiekompetanse,0,pb,Vg3,2022,30.0,points
Haugaland videregående skole,Påbygg til generell studiekompetanse,0,pb,Vg3,2023,40.0,points
Haugaland videregående skole,Påbygg til generell studiekompetanse,0,pb,Vg3,2024,,open
Haugaland videregående skole,Påbygg til generell studiekompetanse,0,pb,Vg3,2025,38.8,points
Haugaland videregående skole,"Påbygg etter yrkeskompetanse, dagtid",0,pb,Vg4,2018,39.0,points
Haugaland videregående skole,"Påbygg etter yrkeskompetanse, dagtid",0,pb,Vg4,2019,38.9,points
Haugaland videregående skole,"Påbygg etter yrkeskompetanse, dagtid",0,pb,Vg4,2020,32.2,points
Haugaland videregående skole,"Påbygg etter yrkeskompetanse, dagtid",0,pb,Vg4,2021,,open
Haugaland videregående skole,"Påbygg etter yrkeskompetanse, dagtid",0,pb,Vg4,2022,37.5,points
Haugaland videregående skole,"Påbygg etter yrkeskompetanse, dagtid",0,pb,Vg4,2023,38.8,points
Haugaland videregående skole,"Påbygg etter yrkeskompetanse, dagtid",0,pb,Vg4,2024,,open
Haugaland videregående skole,"Påbygg etter yrkeskompetanse, dagtid",0,pb,Vg4,2025,35.0,points
Hetland videregående skole,Medier og kommunikasjon,0,mk,Vg1,2018,35.7,points
Hetland videregående skole,Medier og kommunikasjon,0,mk,Vg1,2019,36.0,points
Hetland videregående skole,Medier og kommunikasjon,0,mk,Vg1,2020,,open
Hetland videregående skole,Medier og kommunikasjon,0,mk,Vg1,2021,,open
Hetland videregående skole,Medier og kommunikasjon,0,mk,Vg1,2022,39.3,points
Hetland videregående skole,Medier og kommunikasjon,0,mk,Vg1,2023,,open
Hetland videregående skole,Medier og kommunikasjon,0,mk,Vg1,2024,,open
Hetland videregående skole,Medier og kommunikasjon,0,mk,Vg1,2025,36.0,points
Hetland videregående skole,Studiespesialisering,0,st,Vg1,2018,39.4,points
Hetland videregående skole,Studiespesialisering,0,st,Vg1,2019,41.3,points
Hetland videregående skole,Studiespesialisering,0,st,Vg1,2020,40.4,points
Hetland videregående skole,Studiespesialisering,0,st,Vg1,2021,40.4,points
Hetland videregående skole,Studiespesialisering,0,st,Vg1,2022,43.5,points
Hetland videregående skole,Studiespesialisering,0,st,Vg1,2023,42.7,points
Hetland videregående skole,Studiespesialisering,0,st,Vg1,2024,38.7,points
Hetland videregående skole,Studiespesialisering,0,st,Vg1,2025,41.2,points
Hetland videregående skole,Medier og kommunikasjon,1,mk,Vg2,2018,,open
Hetland videregående skole,Medier og kommunikasjon,1,mk,Vg2,2019,,open
Hetland videregående skole,Medier og kommunikasjon,1,mk,Vg2,2020,,open
Hetland videregående skole,Medier og kommunikasjon,1,mk,Vg2,2021,,open
Hetland videregående skole,Medier og kommunikasjon,1,mk,Vg2,2022,,open
Hetland videregående skole,Medier og kommunikasjon,1,mk,Vg2,2023,,open
Hetland videregående skole,Medier og kommunikasjon,1,mk,Vg2,2024,,open
Hetland videregående skole,Medier og kommunikasjon,1,mk,Vg2,2025,,open
Hetland videregående skole,Realfag,0,st,Vg2,2018,33.3,points
Hetland videregående skole,Realfag,0,st,Vg2,2019,36.7,points
Hetland videregående skole,Realfag,0,st,Vg2,2020,31.3,points
Hetland videregående skole,Realfag,0,st,Vg2,2021,31.3,points
Hetland videregående skole,Realfag,0,st,Vg2,2022,36.7,points
Hetland videregående skole,Realfag,0,st,Vg2,2023,,open
Hetland videregående skole,Realfag,0,st,Vg2,2024,38.9,points
Hetland videregående skole,Realfag,0,st,Vg2,2025,35.6,points
Hetland videregående skole,"Språk, samfunn og økonomi",0,st,Vg2,2018,26.7,points
Hetland videregående skole,"Språk, samfunn og økonomi",0,st,Vg2,2019,35.7,points
Hetland videregående skole,"Språk, samfunn og økonomi",0,st,Vg2,2020,37.8,points
Hetland videregående skole,"Språk, samfunn og økonomi",0,st,Vg2,2021,37.8,points
Hetland videregående skole,"Språk, samfunn og økonomi",0,st,Vg2,2022,38.0,points
Hetland videregående skole,"Språk, samfunn og økonomi",0,st,Vg2,2023,38.0,points
Hetland videregående skole,"Språk, samfunn og økonomi",0,st,Vg2,2024,33.3,points
Hetland videregående skole,"Språk, samfunn og økonomi",0,st,Vg2,2025,34.0,points
Hetland videregående skole,Medier og kommunikasjon,2,mk,Vg3,2018,,priority
Hetland videregående skole,Medier og kommunikasjon,2,mk,Vg3,2019,,priority
Hetland videregående skole,Medier og kommunikasjon,2,mk,Vg3,2020,,priority
Hetland videregående skole,Medier og kommunikasjon,2,mk,Vg3,2021,,priority
Hetland videregående skole,Medier og kommunikasjon,2,mk,Vg3,2022,,priority
Hetland videregående skole,Medier og kommunikasjon,2,mk,Vg3,2023,,priority
Hetland videregående skole,Medier og kommunikasjon,2,mk,Vg3,2024,,priority
Hetland videregående skole,Medier og kommunikasjon,2,mk,Vg3,2025,,priority
Hetland videregående skole,Realfag,1,st,Vg3,2018,,priority
Hetland videregående skole,Realfag,1,st,Vg3,2019,,priority
Hetland videregående skole,Realfag,1,st,Vg3,2020,,priority
Hetland videregående skole,Realfag,1,st,Vg3,2021,,priority
Hetland videregående skole,Realfag,1,st,Vg3,2022,,priority
Hetland videregående skole,Realfag,1,st,Vg3,2023,,priority
Hetland videregående skole,Realfag,1,st,Vg3,2024,,priority
Hetland videregående skole,Realfag,1,st,Vg3,2025,,priority
Hetland videregående skole,"Språk, samfunn og økonomi",1,st,Vg3,2018,,priority
Hetland videregående skole,"Språk, samfunn og økonomi",1,st,Vg3,2019,,priority
Hetland videregående skole,"Språk, samfunn og økonomi",1,st,Vg3,2020,,priority
Hetland videregående skole,"Språk, samfunn og økonomi",1,st,Vg3,2021,,priority
Hetland videregående skole,"Språk, samfunn og økonomi",1,st,Vg3,2022,,priority
Hetland videregående skole,"Språk, samfunn og økonomi",1,st,Vg3,2023,,priority
Hetland videregående skole,"Språk, samfunn og økonomi",1,st,Vg3,2024,,priority
Hetland videregående skole,"Språk, samfunn og økonomi",1,st,Vg3,2025,,priority
Jåttå videregående skole,"Bygg og anleggsteknikk, toppidrett",0,bygg,Vg1,2020,35.0,points
Jåttå videregående skole,"Bygg og anleggsteknikk, toppidrett",0,bygg,Vg1,2021,35.0,points
Jåttå videregående skole,"Bygg og anleggsteknikk, toppidrett",0,bygg,Vg1,2022,39.6,points
Jåttå videregående skole,"Bygg og anleggsteknikk, toppidrett",0,bygg,Vg1,2023,41.3,points
Jåttå videregående skole,"Bygg og anleggsteknikk, toppidrett",0,bygg,Vg1,2024,31.3,points
Jåttå videregående skole,"Bygg og anleggsteknikk, toppidrett",0,bygg,Vg1,2025,38.1,points
Jåttå videregående skole,Bygg- og anleggsteknikk,0,bygg,Vg1,2018,26.9,points
Jåttå videregående skole,Bygg- og anleggsteknikk,0,bygg,Vg1,2019,29.8,points
Jåttå videregående skole,Bygg- og anleggsteknikk,0,bygg,Vg1,2020,32.9,points
Jåttå videregående skole,Bygg- og anleggsteknikk,0,bygg,Vg1,2021,33.3,points
Jåttå videregående skole,Bygg- og anleggsteknikk,0,bygg,Vg1,2022,37.9,points
Jåttå videregående skole,Bygg- og anleggsteknikk,0,bygg,Vg1,2023,36.4,points
Jåttå videregående skole,Bygg- og anleggsteknikk,0,bygg,Vg1,2024,32.7,points
Jåttå videregående skole,Bygg- og anleggsteknikk,0,bygg,Vg1,2025,35.0,points
Jåttå videregående skole,Elektro,0,elektro,Vg1,2018,37.6,points
Jåttå videregående skole,Elektro,0,elektro,Vg1,2019,37.1,points
Jåttå videregående skole,Eletro og datateknologi,0,elektro,Vg1,2019,37.1,points
Jåttå videregående skole,Eletro og datateknologi,0,elektro,Vg1,2020,37.0,points
Jåttå videregående skole,Eletro og datateknologi,0,elektro,Vg1,2021,38.0,points
Jåttå videregående skole,Eletro og datateknologi,0,elektro,Vg1,2022,40.7,points
Jåttå videregående skole,Eletro og datateknologi,0,elektro,Vg1,2023,37.1,points
Jåttå videregående skole,Eletro og datateknologi,0,elektro,Vg1,2024,38.0,points
Jåttå videregående skole,Eletro og datateknologi,0,elektro,Vg1,2025,38.1,points
Jåttå videregående skole,Helse og oppvekstfag m/toppidrett,0,helse,Vg1,2022,22.2,points
Jåttå videregående skole,Helse og oppvekstfag m/toppidrett,0,helse,Vg1,2023,29.5,points
Jåttå videregående skole,Helse og oppvekstfag m/toppidrett,0,helse,Vg1,2024,36.5,points
Jåttå videregående skole,Helse og oppvekstfag m/toppidrett,0,helse,Vg1,2025,38.6,points
Jåttå videregående skole,Helse- og oppvekstfag,0,helse,Vg1,2018,36.5,points
Jåttå videregående skole,Helse- og oppvekstfag,0,helse,Vg1,2019,37.2,points
Jåttå videregående skole,Helse- og oppvekstfag,0,helse,Vg1,2020,38.7,points
Jåttå videregående skole,Helse- og oppvekstfag,0,helse,Vg1,2021,40.0,points
Jåttå videregående skole,Helse- og oppvekstfag,0,helse,Vg1,2022,37.4,points
Jåttå videregående skole,Helse- og oppvekstfag,0,helse,Vg1,2023,36.9,points
Jåttå videregående skole,Helse- og oppvekstfag,0,helse,Vg1,2024,35.3,points
Jåttå videregående skole,Helse- og oppvekstfag,0,helse,Vg1,2025,36.9,points
Jåttå videregående skole,Idrettsfag,0,idrett,Vg1,2018,41.2,points
Jåttå videregående skole,Idrettsfag,0,idrett,Vg1,2019,40.6,points
Jåttå videregående skole,Idrettsfag,0,idrett,Vg1,2020,41.3,points
Jåttå videregående skole,Idrettsfag,0,idrett,Vg1,2021,42.0,points
Jåttå videregående skole,Idrettsfag,0,idrett,Vg1,2022,42.1,points
Jåttå videregående skole,Idrettsfag,0,idrett,Vg1,2023,43.5,points
Jåttå videregående skole,Idrettsfag,0,idrett,Vg1,2024,41.3,points
Jåttå videregående skole,Idrettsfag,0,idrett,Vg1,2025,42.5,points
Jåttå videregående skole,Restaurant- og matfag,0,rm,Vg1,2018,32.4,points
Jåttå videregående skole,Restaurant- og matfag,0,rm,Vg1,2019,28.1,points
Jåttå videregående skole,Restaurant- og matfag,0,rm,Vg1,2020,30.0,points
Jåttå videregående skole,Restaurant- og matfag,0,rm,Vg1,2021,29.3,points
Jåttå videregående skole,Restaurant- og matfag,0,rm,Vg1,2022,,open
Jåttå videregående skole,Restaurant- og matfag,0,rm,Vg1,2023,17.7,points
Jåttå videregående skole,Restaurant- og matfag,0,rm,Vg1,2024,18.5,points
Jåttå videregående skole,Restaurant- og matfag,0,rm,Vg1,2025,25.9,points
Jåttå videregående skole,Automatisering,0,elektro,Vg2,2018,38.9,points
Jåttå videregående skole,Automatisering,0,elektro,Vg2,2019,47.0,points
Jåttå videregående skole,Automatisering,0,elektro,Vg2,2020,42.2,points
Jåttå videregående skole,Automatisering,0,elektro,Vg2,2021,44.3,points
Jåttå videregående skole,Automatisering,0,elektro,Vg2,2022,44.3,points
Jåttå videregående skole,Automatisering,0,elektro,Vg2,2023,45.7,points
Jåttå videregående skole,Automatisering,0,elektro,Vg2,2024,41.1,points
Jåttå videregående skole,Automatisering,0,elektro,Vg2,2025,48.6,points
Jåttå videregående skole,Baker og konditor,0,rm,Vg2,2021,32.9,points
Jåttå videregående skole,Baker og konditor,0,rm,Vg2,2022,,open
Jåttå videregående skole,Baker og konditor,0,rm,Vg2,2023,,open
Jåttå videregående skole,Baker og konditor,0,rm,Vg2,2024,,open
Jåttå videregående skole,Baker og konditor,0,rm,Vg2,2025,28.6,points
Jåttå videregående skole,Barne- og ungdomsarbeider,0,helse,Vg2,2018,40.0,points
Jåttå videregående skole,Barne- og ungdomsarbeider,0,helse,Vg2,2019,31.0,points
Jåttå videregående skole,Barne- og ungdomsarbeider,0,helse,Vg2,2020,34.4,points
Jåttå videregående skole,Barne- og ungdomsarbeider,0,helse,Vg2,2021,26.7,points
Jåttå videregående skole,Barne- og ungdomsarbeider,0,helse,Vg2,2022,32.5,points
Jåttå videregående skole,Barne- og ungdomsarbeider,0,helse,Vg2,2023,34.4,points
Jåttå videregående skole,Barne- og ungdomsarbeider,0,helse,Vg2,2024,37.5,points
Jåttå videregående skole,Barne- og ungdomsarbeider,0,helse,Vg2,2025,33.8,points
Jåttå videregående skole,Byggteknikk,0,bygg,Vg2,2018,28.8,points
Jåttå videregående skole,Byggteknikk,0,bygg,Vg2,2019,32.5,points
Jåttå videregående skole,Byggteknikk,0,bygg,Vg2,2020,27.5,points
Jåttå videregående skole,Byggteknikk,0,bygg,Vg2,2021,,discontinued
Jåttå videregående skole,Elenergi,0,elektro,Vg2,2018,41.1,points
Jåttå videregående skole,Elenergi,0,elektro,Vg2,2019,43.3,points
Jåttå videregående skole,Elenergi og ekom,0,elektro,Vg2,2019,43.3,points
Jåttå videregående skole,Elenergi og ekom,0,elektro,Vg2,2020,41.1,points
Jåttå videregående skole,Elenergi og ekom,0,elektro,Vg2,2021,44.3,points
Jåttå videregående skole,Elenergi og ekom,0,elektro,Vg2,2022,41.4,points
Jåttå videregående skole,Elenergi og ekom,0,elektro,Vg2,2023,35.7,points
Jåttå videregående skole,Elenergi og ekom,0,elektro,Vg2,2024,38.6,points
Jåttå videregående skole,Elenergi og ekom,0,elektro,Vg2,2025,40.0,points
Jåttå videregående skole,Fotterapi,0,helse,Vg2,2018,20.0,points
Jåttå videregående skole,Fotterapi,0,helse,Vg2,2019,20.0,points
Jåttå videregående skole,Fotterapi,0,helse,Vg2,2020,27.8,points
Jåttå videregående skole,Fotterapi,0,helse,Vg2,2021,,discontinued
Jåttå videregående skole,Fotterapi,0,helse,Vg2,2022,,open
Jåttå videregående skole,Fotterapi og ortopediteknikk,0,helse,Vg2,2021,,discontinued
Jåttå videregående skole,Fotterapi og ortopediteknikk,0,helse,Vg2,2022,,open
Jåttå videregående skole,Fotterapi og ortopediteknikk,0,helse,Vg2,2023,,open
Jåttå videregående skole,Fotterapi og ortopediteknikk,0,helse,Vg2,2024,,open
Jåttå videregående skole,Fotterapi og ortopediteknikk,0,helse,Vg2,2025,,open
Jåttå videregående skole,Helsearbeiderfag,0,helse,Vg2,2019,35.6,points
Jåttå videregående skole,Helsearbeiderfag,0,helse,Vg2,2020,41.1,points
Jåttå videregående skole,Helsearbeiderfag,0,helse,Vg2,2021,37.5,points
Jåttå videregående skole,Helsearbeiderfag,0,helse,Vg2,2022,40.0,points
Jåttå videregående skole,Helsearbeiderfag,0,helse,Vg2,2023,36.3,points
Jåttå videregående skole,Helsearbeiderfag,0,helse,Vg2,2024,38.8,points
Jåttå videregående skole,Helsearbeiderfag,0,helse,Vg2,2025,27.5,points
Jåttå videregående skole,Hudpleie,0,helse,Vg2,2021,42.5,points
Jåttå videregående skole,Hudpleie,0,helse,Vg2,2022,42.5,points
Jåttå videregående skole,Hudpleie,0,helse,Vg2,2023,46.3,points
Jåttå videregående skole,Hudpleie,0,helse,Vg2,2024,46.7,points
Jåttå videregående skole,Hudpleie,0,helse,Vg2,2025,45.6,points
Jåttå videregående skole,Hudpleier,0,helse,Vg2,2018,44.4,points
Jåttå videregående skole,Hudpleier,0,helse,Vg2,2019,41.1,points
Jåttå videregående skole,Hudpleier,0,helse,Vg2,2020,40.0,points
Jåttå videregående skole,Hudpleier,0,helse,Vg2,2021,42.5,points
Jåttå videregående skole,Hudpleier,0,helse,Vg2,2022,42.5,points
Jåttå videregående skole,Idrettsfag,1,idrett,Vg2,2018,31.4,points
Jåttå videregående skole,Idrettsfag,1,idrett,Vg2,2019,32.0,points
Jåttå videregående skole,Idrettsfag,1,idrett,Vg2,2020,21.3,points
Jåttå videregående skole,Idrettsfag,1,idrett,Vg2,2021,32.2,points
Jåttå videregående skole,Idrettsfag,1,idrett,Vg2,2022,,open
Jåttå videregående skole,Idrettsfag,1,idrett,Vg2,2023,,open
Jåttå videregående skole,Idrettsfag,1,idrett,Vg2,2024,37.8,points
Jåttå videregående skole,Idrettsfag,1,idrett,Vg2,2025,33.3,points
Jåttå videregående skole,"Klima, energi og miljøteknikk",0,bygg,Vg2,2018,32.2,points
Jåttå videregående skole,"Klima, energi og miljøteknikk",0,bygg,Vg2,2019,30.0,points
Jåttå videregående skole,"Klima, energi og miljøteknikk",0,bygg,Vg2,2020,,open
Jåttå videregående skole,"Klima, energi og miljøteknikk",0,bygg,Vg2,2021,,open
Jåttå videregående skole,"Klima, energi og miljøteknikk",0,bygg,Vg2,2022,,open
Jåttå videregående skole,"Klima, energi og miljøteknikk",0,bygg,Vg2,2023,,open
Jåttå videregående skole,"Klima, energi og miljøteknikk",0,bygg,Vg2,2024,21.3,points
Jåttå videregående skole,"Klima, energi og miljøteknikk",0,bygg,Vg2,2025,,open
Jåttå videregående skole,Kokk og servitør,0,rm,Vg2,2018,,open
Jåttå videregående skole,Kokk og servitør,0,rm,Vg2,2019,,open
Jåttå videregående skole,Kokk og servitørfag,0,rm,Vg2,2019,,open
Jåttå videregående skole,Kokk og servitørfag,0,rm,Vg2,2020,,open
Jåttå videregående skole,Kokk og servitørfag,0,rm,Vg2,2021,,open
Jåttå videregående skole,Kokk og servitørfag,0,rm,Vg2,2022,,open
Jåttå videregående skole,Kokk og servitørfag,0,rm,Vg2,2023,,open
Jåttå videregående skole,Kokk og servitørfag,0,rm,Vg2,2024,32.9,points
Jåttå videregående skole,Kokk og servitørfag,0,rm,Vg2,2025,22.9,points
Jåttå videregående skole,Matfag,0,rm,Vg2,2018,24.0,points
Jåttå videregående skole,Matfag,0,rm,Vg2,2019,,open
Jåttå videregående skole,Matproduksjon,0,rm,Vg2,2019,,open
Jåttå videregående skole,Matproduksjon,0,rm,Vg2,2020,,open
Jåttå videregående skole,Matproduksjon,0,rm,Vg2,2021,,open
Jåttå videregående skole,Matproduksjon,0,rm,Vg2,2022,,open
Jåttå videregående skole,Matproduksjon,0,rm,Vg2,2023,,discontinued
Jåttå videregående skole,Rørlegger,0,bygg,Vg2,2021,27.1,points
Jåttå videregående skole,Rørlegger,0,bygg,Vg2,2022,25.7,points
Jåttå videregående skole,Rørlegger,0,bygg,Vg2,2023,36.0,points
Jåttå videregående skole,Rørlegger,0,bygg,Vg2,2024,28.8,points
Jåttå videregående skole,Rørlegger,0,bygg,Vg2,2025,15.7,points
Jåttå videregående skole,Tømrer,0,bygg,Vg2,2021,34.3,points
Jåttå videregående skole,Tømrer,0,bygg,Vg2,2022,28.6,points
Jåttå videregående skole,Tømrer,0,bygg,Vg2,2023,40.0,points
Jåttå videregående skole,Tømrer,0,bygg,Vg2,2024,32.9,points
Jåttå videregående skole,Tømrer,0,bygg,Vg2,2025,32.9,points
Jåttå videregående skole,"Tømrer, toppidrett",0,bygg,Vg2,2021,,open
Jåttå videregående skole,"Tømrer, toppidrett",0,bygg,Vg2,2022,,open
Jåttå videregående skole,"Tømrer, toppidrett",0,bygg,Vg2,2023,30.0,points
Jåttå videregående skole,"Tømrer, toppidrett",0,bygg,Vg2,2024,,open
Jåttå videregående skole,"Tømrer, toppidrett",0,bygg,Vg2,2025,,open
Jåttå videregående skole,Automatiseringsfaget,0,elektro,Vg3,2018,36.3,points
Jåttå videregående skole,Automatiseringsfaget,0,elektro,Vg3,2019,36.3,points
Jåttå videregående skole,Automatiseringsfaget,0,elektro,Vg3,2020,40.0,points
Jåttå videregående skole,Automatiseringsfaget,0,elektro,Vg3,2021,32.9,points
Jåttå videregående skole,Automatiseringsfaget,0,elektro,Vg3,2022,36.7,points
Jåttå videregående skole,Automatiseringsfaget,0,elektro,Vg3,2023,,open
Jåttå videregående skole,Automatiseringsfaget,0,elektro,Vg3,2024,31.4,points
Jåttå videregående skole,Automatiseringsfaget,0,elektro,Vg3,2025,,open
Jåttå videregående skole,Fotterapi,1,helse,Vg3,2018,,open
Jåttå videregående skole,Fotterapi,1,helse,Vg3,2019,,open
Jåttå videregående skole,Fotterapi,1,helse,Vg3,2020,,open
Jåttå videregående skole,Fotterapi,1,helse,Vg3,2021,,open
Jåttå videregående skole,Fotterapi,1,helse,Vg3,2022,,open
Jåttå videregående skole,Fotterapi,1,helse,Vg3,2023,,open
Jåttå videregående skole,Fotterapi,1,helse,Vg3,2024,,open
Jåttå videregående skole,Fotterapi,1,helse,Vg3,2025,,open
Jåttå videregående skole,Hudpleier,1,helse,Vg3,2018,,open
Jåttå videregående skole,Hudpleier,1,helse,Vg3,2019,,open
Jåttå videregående skole,Hudpleier,1,helse,Vg3,2020,,open
Jåttå videregående skole,Hudpleier,1,helse,Vg3,2021,,open
Jåttå videregående skole,Hudpleier,1,helse,Vg3,2022,,open
Jåttå videregående skole,Hudpleier,1,helse,Vg3,2023,,open
Jåttå videregående skole,Hudpleier,1,helse,Vg3,2024,,open
Jåttå videregående skole,Hudpleier,1,helse,Vg3,2025,,open
Jåttå videregående skole,Idrettsfag,2,idrett,Vg3,2018,,priority
Jåttå videregående skole,Idrettsfag,2,idrett,Vg3,2019,,priority
Jåttå videregående skole,Idrettsfag,2,idrett,Vg3,2020,,open
Jåttå videregående skole,Idrettsfag,2,idrett,Vg3,2021,,priority
Jåttå videregående skole,Idrettsfag,2,idrett,Vg3,2022,,priority
Jåttå videregående skole,Idrettsfag,2,idrett,Vg3,2023,,priority
Jåttå videregående skole,Idrettsfag,2,idrett,Vg3,2024,,priority
Jåttå videregående skole,Idrettsfag,2,idrett,Vg3,2025,,priority
Jåttå videregående skole,Påbygg til generell studiekompetanse,0,pb,Vg3,2018,43.8,points
Jåttå videregående skole,Påbygg til generell studiekompetanse,0,pb,Vg3,2019,42.2,points
Jåttå videregående skole,Påbygg til generell studiekompetanse,0,pb,Vg3,2020,47.5,points
Jåttå videregående skole,Påbygg til generell studiekompetanse,0,pb,Vg3,2021,47.5,points
Jåttå videregående skole,Påbygg til generell studiekompetanse,0,pb,Vg3,2022,38.8,points
Jåttå videregående skole,Påbygg til generell studiekompetanse,0,pb,Vg3,2023,28.8,points
Jåttå videregående skole,Påbygg til generell studiekompetanse,0,pb,Vg3,2024,27.5,points
Jåttå videregående skole,Påbygg til generell studiekompetanse,0,pb,Vg3,2025,25.0,points
Jåttå videregående skole,"Påbygg etter yrkeskompetanse, dagtid",0,pb,Vg4,2018,36.3,points
Jåttå videregående skole,"Påbygg etter yrkeskompetanse, dagtid",0,pb,Vg4,2019,40.0,points
Jåttå videregående skole,"Påbygg etter yrkeskompetanse, dagtid",0,pb,Vg4,2020,42.2,points
Jåttå videregående skole,"Påbygg etter yrkeskompetanse, dagtid",0,pb,Vg4,2021,44.4,points
Jåttå videregående skole,"Påbygg etter yrkeskompetanse, dagtid",0,pb,Vg4,2022,33.8,points
Jåttå videregående skole,"Påbygg etter yrkeskompetanse, dagtid",0,pb,Vg4,2023,34.3,points
Jåttå videregående skole,"Påbygg etter yrkeskompetanse, dagtid",0,pb,Vg4,2024,,open
Jåttå videregående skole,"Påbygg etter yrkeskompetanse, dagtid",0,pb,Vg4,2025,,open
Jåttå videregående skole,"Påbygg gen studiekompetanse, kveld",0,pb,Vg4,2022,,open
Jåttå videregående skole,"Påbygg gen studiekompetanse, kveld",0,pb,Vg4,2023,,open
Jåttå videregående skole,"Påbygg gen studiekompetanse, kveld",0,pb,Vg4,2024,,open
Jåttå videregående skole,"Påbygg gen studiekompetanse, kveld",0,pb,Vg4,2025,,open
Karmsund videregående skole,Elektro og datateknologi,0,elektro,Vg1,2019,38.1,points
Karmsund videregående skole,Elektro og datateknologi,0,elektro,Vg1,2020,38.6,points
Karmsund videregående skole,Elektro og datateknologi,0,elektro,Vg1,2021,36.0,points
Karmsund videregående skole,Elektro og datateknologi,0,elektro,Vg1,2022,34.5,points
Karmsund videregående skole,Elektro og datateknologi,0,elektro,Vg1,2023,35.7,points
Karmsund videregående skole,Elektro og datateknologi,0,elektro,Vg1,2024,35.0,points
Karmsund videregående skole,Elektro og datateknologi,0,elektro,Vg1,2025,38.8,points
Karmsund videregående skole,Elektrofag,0,elektro,Vg1,2018,36.9,points
Karmsund videregående skole,Elektrofag,0,elektro,Vg1,2019,38.1,points
Karmsund videregående skole,Helse- og oppvekstfag,0,helse,Vg1,2018,33.5,points
Karmsund videregående skole,Helse- og oppvekstfag,0,helse,Vg1,2019,21.3,points
Karmsund videregående skole,Helse- og oppvekstfag,0,helse,Vg1,2020,27.8,points
Karmsund videregående skole,Helse- og oppvekstfag,0,helse,Vg1,2021,,open
Karmsund videregående skole,Helse- og oppvekstfag,0,helse,Vg1,2022,34.3,points
Karmsund videregående skole,Helse- og oppvekstfag,0,helse,Vg1,2023,29.7,points
Karmsund videregående skole,Helse- og oppvekstfag,0,helse,Vg1,2024,39.7,points
Karmsund videregående skole,Helse- og oppvekstfag,0,helse,Vg1,2025,31.2,points
Karmsund videregående skole,Restaurant- og matfag,0,rm,Vg1,2018,,open
Karmsund videregående skole,Restaurant- og matfag,0,rm,Vg1,2019,,open
Karmsund videregående skole,Restaurant- og matfag,0,rm,Vg1,2020,,open
Karmsund videregående skole,Restaurant- og matfag,0,rm,Vg1,2021,,open
Karmsund videregående skole,Restaurant- og matfag,0,rm,Vg1,2022,25.4,points
Karmsund videregående skole,Restaurant- og matfag,0,rm,Vg1,2023,,open
Karmsund videregående skole,Restaurant- og matfag,0,rm,Vg1,2024,28.1,points
Karmsund videregående skole,Restaurant- og matfag,0,rm,Vg1,2025,,open
Karmsund videregående skole,Teknikk og industriell produksjon,0,tip,Vg1,2018,27.1,points
Karmsund videregående skole,Teknikk og industriell produksjon,0,tip,Vg1,2019,30.8,points
Karmsund videregående skole,Teknologi- og industrifag,0,tip,Vg1,2019,30.8,points
Karmsund videregående skole,Teknologi- og industrifag,0,tip,Vg1,2020,32.0,points
Karmsund videregående skole,Teknologi- og industrifag,0,tip,Vg1,2021,31.3,points
Karmsund videregående skole,Teknologi- og industrifag,0,tip,Vg1,2022,35.7,points
Karmsund videregående skole,Teknologi- og industrifag,0,tip,Vg1,2023,33.9,points
Karmsund videregående skole,Teknologi- og industrifag,0,tip,Vg1,2024,37.1,points
Karmsund videregående skole,Teknologi- og industrifag,0,tip,Vg1,2025,34.4,points
Karmsund videregående skole,Baker og konditor,0,rm,Vg2,2021,,open
Karmsund videregående skole,Baker og konditor,0,rm,Vg2,2022,,open
Karmsund videregående skole,Baker og konditor,0,rm,Vg2,2023,,open
Karmsund videregående skole,Baker og konditor,0,rm,Vg2,2024,18.6,points
Karmsund videregående skole,Baker og konditor,0,rm,Vg2,2025,32.9,points
Karmsund videregående skole,Data og elektronikk,0,elektro,Vg2,2018,,open
Karmsund videregående skole,Data og elektronikk,0,elektro,Vg2,2019,26.7,points
Karmsund videregående skole,Datateknologi og elektronikk,0,elektro,Vg2,2019,26.7,points
Karmsund videregående skole,Datateknologi og elektronikk,0,elektro,Vg2,2020,,open
Karmsund videregående skole,Datateknologi og elektronikk,0,elektro,Vg2,2021,,open
Karmsund videregående skole,Datateknologi og elektronikk,0,elektro,Vg2,2022,,open
Karmsund videregående skole,Datateknologi og elektronikk,0,elektro,Vg2,2023,,discontinued
Karmsund videregående skole,Elenergi,0,elektro,Vg2,2018,28.9,points
Karmsund videregående skole,Elenergi,0,elektro,Vg2,2019,40.0,points
Karmsund videregående skole,Elenergi og ekom,0,elektro,Vg2,2019,40.0,points
Karmsund videregående skole,Elenergi og ekom,0,elektro,Vg2,2020,42.0,points
Karmsund videregående skole,Elenergi og ekom,0,elektro,Vg2,2021,44.3,points
Karmsund videregående skole,Elenergi og ekom,0,elektro,Vg2,2022,40.0,points
Karmsund videregående skole,Elenergi og ekom,0,elektro,Vg2,2023,38.6,points
Karmsund videregående skole,Elenergi og ekom,0,elektro,Vg2,2024,37.1,points
Karmsund videregående skole,Elenergi og ekom,0,elektro,Vg2,2025,34.3,points
Karmsund videregående skole,Helsearbeiderfag,0,helse,Vg2,2018,,open
Karmsund videregående skole,Helsearbeiderfag,0,helse,Vg2,2019,,open
Karmsund videregående skole,Helsearbeiderfag,0,helse,Vg2,2020,31.1,points
Karmsund videregående skole,Helsearbeiderfag,0,helse,Vg2,2021,,open
Karmsund videregående skole,Helsearbeiderfag,0,helse,Vg2,2022,,open
Karmsund videregående skole,Helsearbeiderfag,0,helse,Vg2,2023,31.3,points
Karmsund videregående skole,Helsearbeiderfag,0,helse,Vg2,2024,,open
Karmsund videregående skole,Helsearbeiderfag,0,helse,Vg2,2025,,open
Karmsund videregående skole,Helseservicefag,0,helse,Vg2,2018,,open
Karmsund videregående skole,Helseservicefag,0,helse,Vg2,2019,20.0,points
Karmsund videregående skole,Helseservicefag,0,helse,Vg2,2020,,open
Karmsund videregående skole,Helseservicefag,0,helse,Vg2,2021,,open
Karmsund videregående skole,Helseservicefag,0,helse,Vg2,2022,,open
Karmsund videregående skole,Helseservicefag,0,helse,Vg2,2023,33.8,points
Karmsund videregående skole,Helseservicefag,0,helse,Vg2,2024,,open
Karmsund videregående skole,Helseservicefag,0,helse,Vg2,2025,,open
Karmsund videregående skole,Industriteknologi,0,tip,Vg2,2025,37.5,points
Karmsund videregående skole,Kjemiprosess,0,tip,Vg2,2018,42.2,points
Karmsund videregående skole,Kjemiprosess,0,tip,Vg2,2019,35.6,points
Karmsund videregående skole,Kjemiprosess- og laboratoriefag,0,tip,Vg2,2019,35.6,points
Karmsund videregående skole,Kjemiprosess- og laboratoriefag,0,tip,Vg2,2020,34.4,points
Karmsund videregående skole,Kjemiprosess- og laboratoriefag,0,tip,Vg2,2021,32.5,points
Karmsund videregående skole,Kjemiprosess- og laboratoriefag,0,tip,Vg2,2022,38.6,points
Karmsund videregående skole,Kjemiprosess- og laboratoriefag,0,tip,Vg2,2023,47.8,points
Karmsund videregående skole,Kjemiprosess- og laboratoriefag,0,tip,Vg2,2024,48.9,points
Karmsund videregående skole,Kjemiprosess- og laboratoriefag,0,tip,Vg2,2025,48.8,points
Karmsund videregående skole,Kokk og servitør,0,rm,Vg2,2018,,open
Karmsund videregående skole,Kokk og servitør,0,rm,Vg2,2019,,open
Karmsund videregående skole,Kokk og servitørfag,0,rm,Vg2,2019,,open
Karmsund videregående skole,Kokk og servitørfag,0,rm,Vg2,2020,23.3,points
Karmsund videregående skole,Kokk og servitørfag,0,rm,Vg2,2021,,open
Karmsund videregående skole,Kokk og servitørfag,0,rm,Vg2,2022,25.7,points
Karmsund videregående skole,Kokk og servitørfag,0,rm,Vg2,2023,,open
Karmsund videregående skole,Kokk og servitørfag,0,rm,Vg2,2024,25.7,points
Karmsund videregående skole,Kokk og servitørfag,0,rm,Vg2,2025,,open
Karmsund videregående skole,Maritime fag,0,tip,Vg2,2018,28.9,points
Karmsund videregående skole,Maritime fag,0,tip,Vg2,2019,40.0,points
Karmsund videregående skole,Maritime fag,0,tip,Vg2,2020,22.0,points
Karmsund videregående skole,Maritime fag,0,tip,Vg2,2021,34.4,points
Karmsund videregående skole,Maritime fag,0,tip,Vg2,2022,30.0,points
Karmsund videregående skole,Maritime fag,0,tip,Vg2,2023,37.5,points
Karmsund videregående skole,Maritime fag,0,tip,Vg2,2024,38.9,points
Karmsund videregående skole,Maritime fag,0,tip,Vg2,2025,45.0,points
Karmsund videregående skole,Matfag,0,rm,Vg2,2018,,open
Karmsund videregående skole,Matfag,0,rm,Vg2,2019,,open
Karmsund videregående skole,Matfag,0,rm,Vg2,2020,,open
Karmsund videregående skole,Matfag,0,rm,Vg2,2021,,discontinued
Karmsund videregående skole,Matproduksjon,0,rm,Vg2,2022,,open
Karmsund videregående skole,Matproduksjon,0,rm,Vg2,2023,,discontinued
Karmsund videregående skole,Apotekteknikk,0,helse,Vg3,2018,,open
Karmsund videregående skole,Apotekteknikk,0,helse,Vg3,2019,,open
Karmsund videregående skole,Apotekteknikk,0,helse,Vg3,2020,28.8,points
Karmsund videregående skole,Apotekteknikk,0,helse,Vg3,2021,,open
Karmsund videregående skole,Apotekteknikk,0,helse,Vg3,2022,,open
Karmsund videregående skole,Apotekteknikk,0,helse,Vg3,2023,27.5,points
Karmsund videregående skole,Apotekteknikk,0,helse,Vg3,2024,,open
Karmsund videregående skole,Apotekteknikk,0,helse,Vg3,2025,,open
Karmsund videregående skole,Helsesekretær,0,helse,Vg3,2018,,open
Karmsund videregående skole,Helsesekretær,0,helse,Vg3,2019,31.0,points
Karmsund videregående skole,Helsesekretær,0,helse,Vg3,2020,27.5,points
Karmsund videregående skole,Helsesekretær,0,helse,Vg3,2021,,open
Karmsund videregående skole,Helsesekretær,0,helse,Vg3,2022,,open
Karmsund videregående skole,Helsesekretær,0,helse,Vg3,2023,,open
Karmsund videregående skole,Helsesekretær,0,helse,Vg3,2024,,open
Karmsund videregående skole,Helsesekretær,0,helse,Vg3,2025,,open
Karmsund videregående skole,Maritime elektrikerfaget,0,tip,Vg3,2018,25.0,points
Karmsund videregående skole,Maritime elektrikerfaget,0,tip,Vg3,2019,34.4,points
Karmsund videregående skole,Maritime elektrikerfaget,0,tip,Vg3,2020,,open
Karmsund videregående skole,Maritime elektrikerfaget,0,tip,Vg3,2021,38.9,points
Karmsund videregående skole,Maritime elektrikerfaget,0,tip,Vg3,2022,46.7,points
Karmsund videregående skole,Maritime elektrikerfaget,0,tip,Vg3,2023,40.0,points
Karmsund videregående skole,Maritime elektrikerfaget,0,tip,Vg3,2024,44.3,points
Karmsund videregående skole,Maritime elektrikerfaget,0,tip,Vg3,2025,37.1,points
Karmsund videregående skole,Påbygg gen. studiekompetanse,0,pb,Vg3,2022,38.6,points
Karmsund videregående skole,Tannhelsesekretær,0,helse,Vg3,2022,,open
Karmsund videregående skole,Tannhelsesekretær,0,helse,Vg3,2023,,open
Karmsund videregående skole,Tannhelsesekretær,0,helse,Vg3,2024,,open
Karmsund videregående skole,Tannhelsesekretær,0,helse,Vg3,2025,,open
Karmsund videregående skole,"Påbygg etter yrkeskompetanse, dagtid",0,pb,Vg4,2018,34.4,points
Karmsund videregående skole,"Påbygg etter yrkeskompetanse, dagtid",0,pb,Vg4,2019,28.0,points
Karmsund videregående skole,"Påbygg etter yrkeskompetanse, dagtid",0,pb,Vg4,2020,,open
Karmsund videregående skole,"Påbygg etter yrkeskompetanse, dagtid",0,pb,Vg4,2021,,open
Karmsund videregående skole,"Påbygg etter yrkeskompetanse, dagtid",0,pb,Vg4,2022,,open
Karmsund videregående skole,"Påbygg etter yrkeskompetanse, dagtid",0,pb,Vg4,2023,,open
Karmsund videregående skole,"Påbygg etter yrkeskompetanse, dagtid",0,pb,Vg4,2024,,open
Karmsund videregående skole,"Påbygg etter yrkeskompetanse, dagtid",0,pb,Vg4,2025,,open
Kopervik videregående skole,Idrettsfag,0,idrett,Vg1,2018,30.6,points
Kopervik videregående skole,Idrettsfag,0,idrett,Vg1,2019,,open
Kopervik videregående skole,Idrettsfag,0,idrett,Vg1,2020,,open
Kopervik videregående skole,Idrettsfag,0,idrett,Vg1,2021,,open
Kopervik videregående skole,Idrettsfag,0,idrett,Vg1,2022,,open
Kopervik videregående skole,Idrettsfag,0,idrett,Vg1,2023,,open
Kopervik videregående skole,Idrettsfag,0,idrett,Vg1,2024,,open
Kopervik videregående skole,Idrettsfag,0,idrett,Vg1,2025,33.8,points
Kopervik videregående skole,Medier og kommunikasjon,0,mk,Vg1,2018,,open
Kopervik videregående skole,Medier og kommunikasjon,0,mk,Vg1,2019,,discontinued
Kopervik videregående skole,Medier og kommunikasjon,0,mk,Vg1,2020,,open
Kopervik videregående skole,Medier og kommunikasjon,0,mk,Vg1,2021,,open
Kopervik videregående skole,Medier og kommunikasjon,0,mk,Vg1,2022,,open
Kopervik videregående skole,Medier og kommunikasjon,0,mk,Vg1,2023,,open
Kopervik videregående skole,Studiespesialisering,0,st,Vg1,2018,,open
Kopervik videregående skole,Studiespesialisering,0,st,Vg1,2019,,open
Kopervik videregående skole,Studiespesialisering,0,st,Vg1,2020,,open
Kopervik videregående skole,Studiespesialisering,0,st,Vg1,2021,,open
Kopervik videregående skole,Studiespesialisering,0,st,Vg1,2022,,open
Kopervik videregående skole,Studiespesialisering,0,st,Vg1,2023,,open
Kopervik videregående skole,Studiespesialisering,0,st,Vg1,2024,,open
Kopervik videregående skole,Studiespesialisering,0,st,Vg1,2025,38.0,points
Kopervik videregående skole,Idrettsfag,1,idrett,Vg2,2018,,open
Kopervik videregående skole,Idrettsfag,1,idrett,Vg2,2019,,open
Kopervik videregående skole,Idrettsfag,1,idrett,Vg2,2020,,open
Kopervik videregående skole,Idrettsfag,1,idrett,Vg2,2021,,open
Kopervik videregående skole,Idrettsfag,1,idrett,Vg2,2022,,open
Kopervik videregående skole,Idrettsfag,1,idrett,Vg2,2023,,open
Kopervik videregående skole,Idrettsfag,1,idrett,Vg2,2024,,open
Kopervik videregående skole,Idrettsfag,1,idrett,Vg2,2025,,open
Kopervik videregående skole,Medier og kommunikasjon,1,mk,Vg2,2018,,open
Kopervik videregående skole,Medier og kommunikasjon,1,mk,Vg2,2019,,open
Kopervik videregående skole,Medier og kommunikasjon,1,mk,Vg2,2020,,open
Kopervik videregående skole,Medier og kommunikasjon,1,mk,Vg2,2021,,open
Kopervik videregående skole,Medier og kommunikasjon,1,mk,Vg2,2022,,open
Kopervik videregående skole,Medier og kommunikasjon,1,mk,Vg2,2023,,open
Kopervik videregående skole,Realfag,0,st,Vg2,2018,24.5,points
Kopervik videregående skole,Realfag,0,st,Vg2,2019,,open
Kopervik videregående skole,Realfag,0,st,Vg2,2020,,open
Kopervik videregående skole,Realfag,0,st,Vg2,2021,,open
Kopervik videregående skole,Realfag,0,st,Vg2,2022,,open
Kopervik videregående skole,Realfag,0,st,Vg2,2023,,open
Kopervik videregående skole,Realfag,0,st,Vg2,2024,36.7,points
Kopervik videregående skole,Realfag,0,st,Vg2,2025,,open
Kopervik videregående skole,"Språk, samfunn og økonomi",0,st,Vg2,2018,27.0,points
Kopervik videregående skole,"Språk, samfunn og økonomi",0,st,Vg2,2019,28.9,points
Kopervik videregående skole,"Språk, samfunn og økonomi",0,st,Vg2,2020,30.0,points
Kopervik videregående skole,"Språk, samfunn og økonomi",0,st,Vg2,2021,,open
Kopervik videregående skole,"Språk, samfunn og økonomi",0,st,Vg2,2022,,open
Kopervik videregående skole,"Språk, samfunn og økonomi",0,st,Vg2,2023,,open
Kopervik videregående skole,"Språk, samfunn og økonomi",0,st,Vg2,2024,,open
Kopervik videregående skole,"Språk, samfunn og økonomi",0,st,Vg2,2025,26.7,points
Kopervik videregående skole,Idrettsfag,2,idrett,Vg3,2018,,priority
Kopervik videregående skole,Idrettsfag,2,idrett,Vg3,2019,,priority
Kopervik videregående skole,Idrettsfag,2,idrett,Vg3,2020,,priority
Kopervik videregående skole,Idrettsfag,2,idrett,Vg3,2021,,priority
Kopervik videregående skole,Idrettsfag,2,idrett,Vg3,2022,,priority
Kopervik videregående skole,Idrettsfag,2,idrett,Vg3,2023,,priority
Kopervik videregående skole,Idrettsfag,2,idrett,Vg3,2024,,priority
Kopervik videregående skole,Idrettsfag,2,idrett,Vg3,2025,,priority
Kopervik videregående skole,Medier og kommunikasjon,2,mk,Vg3,2018,,priority
Kopervik videregående skole,Medier og kommunikasjon,2,mk,Vg3,2019,,priority
Kopervik videregående skole,Medier og kommunikasjon,2,mk,Vg3,2020,,priority
Kopervik videregående skole,Medier og kommunikasjon,2,mk,Vg3,2021,,priority
Kopervik videregående skole,Medier og kommunikasjon,2,mk,Vg3,2022,,priority
Kopervik videregående skole,Medier og kommunikasjon,2,mk,Vg3,2023,,priority
Kopervik videregående skole,Medier og kommunikasjon,2,mk,Vg3,2024,,priority
Kopervik videregående skole,Medier og kommunikasjon,2,mk,Vg3,2025,,priority
Kopervik videregående skole,Påbygg til generell studiekompetanse,0,pb,Vg3,2018,20.0,points
Kopervik videregående skole,Påbygg til generell studiekompetanse,0,pb,Vg3,2019,30.0,points
Kopervik videregående skole,Påbygg til generell studiekompetanse,0,pb,Vg3,2020,28.8,points
Kopervik videregående skole,Påbygg til generell studiekompetanse,0,pb,Vg3,2021,31.4,points
Kopervik videregående skole,Påbygg til generell studiekompetanse,0,pb,Vg3,2022,33.8,points
Kopervik videregående skole,Påbygg til generell studiekompetanse,0,pb,Vg3,2023,,open
Kopervik videregående skole,Påbygg til generell studiekompetanse,0,pb,Vg3,2024,,open
Kopervik videregående skole,Påbygg til generell studiekompetanse,0,pb,Vg3,2025,22.5,points
Kopervik videregående skole,Realfag,1,st,Vg3,2018,,priority
Kopervik videregående skole,Realfag,1,st,Vg3,2019,,priority
Kopervik videregående skole,Realfag,1,st,Vg3,2020,,priority
Kopervik videregående skole,Realfag,1,st,Vg3,2021,,priority
Kopervik videregående skole,Realfag,1,st,Vg3,2022,,priority
Kopervik videregående skole,Realfag,1,st,Vg3,2023,,priority
Kopervik videregående skole,Realfag,1,st,Vg3,2024,,priority
Kopervik videregående skole,Realfag,1,st,Vg3,2025,,priority
Kopervik videregående skole,"Språk, samfunn og økonomi",1,st,Vg3,2018,,priority
Kopervik videregående skole,"Språk, samfunn og økonomi",1,st,Vg3,2019,,priority
Kopervik videregående skole,"Språk, samfunn og økonomi",1,st,Vg3,2020,,priority
Kopervik videregående skole,"Språk, samfunn og økonomi",1,st,Vg3,2021,,priority
Kopervik videregående skole,"Språk, samfunn og økonomi",1,st,Vg3,2022,,priority
Kopervik videregående skole,"Språk, samfunn og økonomi",1,st,Vg3,2023,,priority
Kopervik videregående skole,"Språk, samfunn og økonomi",1,st,Vg3,2024,,priority
Kopervik videregående skole,"Språk, samfunn og økonomi",1,st,Vg3,2025,,priority
Kopervik videregående skole,"Påbygg etter yrkeskompetanse, dagtid",0,pb,Vg4,2018,22.7,points
Kopervik videregående skole,"Påbygg etter yrkeskompetanse, dagtid",0,pb,Vg4,2019,31.0,points
Kopervik videregående skole,"Påbygg etter yrkeskompetanse, dagtid",0,pb,Vg4,2020,,open
Kopervik videregående skole,"Påbygg etter yrkeskompetanse, dagtid",0,pb,Vg4,2021,,open
Kopervik videregående skole,"Påbygg etter yrkeskompetanse, dagtid",0,pb,Vg4,2022,,open
Kopervik videregående skole,"Påbygg etter yrkeskompetanse, dagtid",0,pb,Vg4,2023,,open
Kopervik videregående skole,"Påbygg etter yrkeskompetanse, dagtid",0,pb,Vg4,2024,,open
Kopervik videregående skole,"Påbygg etter yrkeskompetanse, dagtid",0,pb,Vg4,2025,,open
Randaberg videregående skole,Elektro og datateknologi,0,elektro,Vg1,2019,33.0,points
Randaberg videregående skole,Elektro og datateknologi,0,elektro,Vg1,2020,35.2,points
Randaberg videregående skole,Elektro og datateknologi,0,elektro,Vg1,2021,36.0,points
Randaberg videregående skole,Elektro og datateknologi,0,elektro,Vg1,2022,37.6,points
Randaberg videregående skole,Elektro og datateknologi,0,elektro,Vg1,2023,18.6,points
Randaberg videregående skole,Elektro og datateknologi,0,elektro,Vg1,2024,17.8,points
Randaberg videregående skole,Elektro og datateknologi,0,elektro,Vg1,2025,27.0,points
Randaberg videregående skole,Elektrofag,0,elektro,Vg1,2018,33.1,points
Randaberg videregående skole,Elektrofag,0,elektro,Vg1,2019,33.0,points
Randaberg videregående skole,Helse- og oppvekstfag,0,helse,Vg1,2018,27.9,points
Randaberg videregående skole,Helse- og oppvekstfag,0,helse,Vg1,2019,28.9,points
Randaberg videregående skole,Helse- og oppvekstfag,0,helse,Vg1,2020,,open
Randaberg videregående skole,Helse- og oppvekstfag,0,helse,Vg1,2021,,open
Randaberg videregående skole,Helse- og oppvekstfag,0,helse,Vg1,2022,,open
Randaberg videregående skole,Helse- og oppvekstfag,0,helse,Vg1,2023,,open
Randaberg videregående skole,Helse- og oppvekstfag,0,helse,Vg1,2024,,open
Randaberg videregående skole,Helse- og oppvekstfag,0,helse,Vg1,2025,,open
Randaberg videregående skole,Medier og kommunikasjon,0,mk,Vg1,2018,31.6,points
Randaberg videregående skole,Medier og kommunikasjon,0,mk,Vg1,2019,,discontinued
Randaberg videregående skole,Studiespesialisering,0,st,Vg1,2018,,open
Randaberg videregående skole,Studiespesialisering,0,st,Vg1,2019,23.3,points
Randaberg videregående skole,Studiespesialisering,0,st,Vg1,2020,,open
Randaberg videregående skole,Studiespesialisering,0,st,Vg1,2021,,open
Randaberg videregående skole,Studiespesialisering,0,st,Vg1,2022,,open
Randaberg videregående skole,Studiespesialisering,0,st,Vg1,2023,,open
Randaberg videregående skole,Studiespesialisering,0,st,Vg1,2024,,open
Randaberg videregående skole,Studiespesialisering,0,st,Vg1,2025,,open
Randaberg videregående skole,Teknikk og industriell produksjon,0,tip,Vg1,2018,27.1,points
Randaberg videregående skole,Teknikk og industriell produksjon,0,tip,Vg1,2019,26.9,points
Randaberg videregående skole,Teknologi- og industrifag,0,tip,Vg1,2019,26.9,points
Randaberg videregående skole,Teknologi- og industrifag,0,tip,Vg1,2020,27.9,points
Randaberg videregående skole,Teknologi- og industrifag,0,tip,Vg1,2021,,open
Randaberg videregående skole,Teknologi- og industrifag,0,tip,Vg1,2022,28.6,points
Randaberg videregående skole,Teknologi- og industrifag,0,tip,Vg1,2023,24.3,points
Randaberg videregående skole,Teknologi- og industrifag,0,tip,Vg1,2024,26.2,points
Randaberg videregående skole,Teknologi- og industrifag,0,tip,Vg1,2025,30.0,points
Randaberg videregående skole,Barne- og ungdomsarbeider,0,helse,Vg2,2018,22.5,points
Randaberg videregående skole,Barne- og ungdomsarbeider,0,helse,Vg2,2019,31.0,points
Randaberg videregående skole,Barne- og ungdomsarbeider,0,helse,Vg2,2020,,open
Randaberg videregående skole,Barne- og ungdomsarbeider,0,helse,Vg2,2021,23.8,points
Randaberg videregående skole,Barne- og ungdomsarbeider,0,helse,Vg2,2022,,open
Randaberg videregående skole,Barne- og ungdomsarbeider,0,helse,Vg2,2023,,open
Randaberg videregående skole,Barne- og ungdomsarbeider,0,helse,Vg2,2024,25.6,points
Randaberg videregående skole,Barne- og ungdomsarbeider,0,helse,Vg2,2025,,open
Randaberg videregående skole,Elenergi,0,elektro,Vg2,2018,34.0,points
Randaberg videregående skole,Elenergi,0,elektro,Vg2,2019,,open
Randaberg videregående skole,Elenergi og ekom,0,elektro,Vg2,2019,,open
Randaberg videregående skole,Elenergi og ekom,0,elektro,Vg2,2020,27.8,points
Randaberg videregående skole,Elenergi og ekom,0,elektro,Vg2,2021,,open
Randaberg videregående skole,Elenergi og ekom,0,elektro,Vg2,2022,,open
Randaberg videregående skole,Elenergi og ekom,0,elektro,Vg2,2023,,open
Randaberg videregående skole,Elenergi og ekom,0,elektro,Vg2,2024,24.3,points
Randaberg videregående skole,Elenergi og ekom,0,elektro,Vg2,2025,24.3,points
Randaberg videregående skole,Helsearbeiderfag,0,helse,Vg2,2018,23.8,points
Randaberg videregående skole,Helsearbeiderfag,0,helse,Vg2,2019,35.6,points
Randaberg videregående skole,Helsearbeiderfag,0,helse,Vg2,2020,31.1,points
Randaberg videregående skole,Helsearbeiderfag,0,helse,Vg2,2021,35.0,points
Randaberg videregående skole,Helsearbeiderfag,0,helse,Vg2,2022,,open
Randaberg videregående skole,Helsearbeiderfag,0,helse,Vg2,2023,23.3,points
Randaberg videregående skole,Helsearbeiderfag,0,helse,Vg2,2024,,open
Randaberg videregående skole,Helsearbeiderfag,0,helse,Vg2,2025,,open
Randaberg videregående skole,Industriteknologi,0,tip,Vg2,2018,26.7,points
Randaberg videregående skole,Industriteknologi,0,tip,Vg2,2019,33.3,points
Randaberg videregående skole,Industriteknologi,0,tip,Vg2,2020,33.3,points
Randaberg videregående skole,Industriteknologi,0,tip,Vg2,2021,28.3,points
Randaberg videregående skole,Industriteknologi,0,tip,Vg2,2022,26.3,points
Randaberg videregående skole,Industriteknologi,0,tip,Vg2,2023,25.6,points
Randaberg videregående skole,Industriteknologi,0,tip,Vg2,2024,23.8,points
Randaberg videregående skole,Industriteknologi,0,tip,Vg2,2025,20.0,points
Randaberg videregående skole,Kjøretøy,0,tip,Vg2,2018,26.7,points
Randaberg videregående skole,Kjøretøy,0,tip,Vg2,2019,26.7,points
Randaberg videregående skole,Kjøretøy,0,tip,Vg2,2020,24.4,points
Randaberg videregående skole,Kjøretøy,0,tip,Vg2,2021,18.8,points
Randaberg videregående skole,Kjøretøy,0,tip,Vg2,2022,,open
Randaberg videregående skole,Kjøretøy,0,tip,Vg2,2023,,open
Randaberg videregående skole,Kjøretøy,0,tip,Vg2,2024,,open
Randaberg videregående skole,Kjøretøy,0,tip,Vg2,2025,,open
Randaberg videregående skole,Medier og kommunikasjon,1,mk,Vg2,2018,,open
Randaberg videregående skole,Medier og kommunikasjon,1,mk,Vg2,2019,,open
Randaberg videregående skole,Medier og kommunikasjon,1,mk,Vg2,2020,,discontinued
Randaberg videregående skole,Medier og kommunikasjon,1,mk,Vg2,2021,,discontinued
Randaberg videregående skole,Realfag,0,st,Vg2,2018,30.0,points
Randaberg videregående skole,Realfag,0,st,Vg2,2019,30.0,points
Randaberg videregående skole,Realfag,0,st,Vg2,2020,,open
Randaberg videregående skole,Realfag,0,st,Vg2,2021,,open
Randaberg videregående skole,Realfag,0,st,Vg2,2022,,open
Randaberg videregående skole,Realfag,0,st,Vg2,2023,,open
Randaberg videregående skole,Realfag,0,st,Vg2,2024,,open
Randaberg videregående skole,Realfag,0,st,Vg2,2025,,open
Randaberg videregående skole,"Språk, samfunn og økonomi",0,st,Vg2,2018,30.0,points
Randaberg videregående skole,"Språk, samfunn og økonomi",0,st,Vg2,2019,30.0,points
Randaberg videregående skole,"Språk, samfunn og økonomi",0,st,Vg2,2020,28.9,points
Randaberg videregående skole,"Språk, samfunn og økonomi",0,st,Vg2,2021,,open
Randaberg videregående skole,"Språk, samfunn og økonomi",0,st,Vg2,2022,,open
Randaberg videregående skole,"Språk, samfunn og økonomi",0,st,Vg2,2023,30.0,points
Randaberg videregående skole,"Språk, samfunn og økonomi",0,st,Vg2,2024,23.8,points
Randaberg videregående skole,"Språk, samfunn og økonomi",0,st,Vg2,2025,,open
Randaberg videregående skole,Medier og kommunikasjon,2,mk,Vg3,2018,,priority
Randaberg videregående skole,Medier og kommunikasjon,2,mk,Vg3,2019,,priority
Randaberg videregående skole,Medier og kommunikasjon,2,mk,Vg3,2020,,priority
Randaberg videregående skole,Medier og kommunikasjon,2,mk,Vg3,2021,,priority
Randaberg videregående skole,Medier og kommunikasjon,2,mk,Vg3,2022,,priority
Randaberg videregående skole,Medier og kommunikasjon,2,mk,Vg3,2023,,priority
Randaberg videregående skole,Medier og kommunikasjon,2,mk,Vg3,2024,,priority
Randaberg videregående skole,Medier og kommunikasjon,2,mk,Vg3,2025,,priority
Randaberg videregående skole,Påbygg til generell studiekompetanse,0,pb,Vg3,2018,36.3,points
Randaberg videregående skole,Påbygg til generell studiekompetanse,0,pb,Vg3,2019,34.4,points
Randaberg videregående skole,Påbygg til generell studiekompetanse,0,pb,Vg3,2020,30.0,points
Randaberg videregående skole,Påbygg til generell studiekompetanse,0,pb,Vg3,2021,36.3,points
Randaberg videregående skole,Påbygg til generell studiekompetanse,0,pb,Vg3,2022,31.3,points
Randaberg videregående skole,Påbygg til generell studiekompetanse,0,pb,Vg3,2023,34.4,points
Randaberg videregående skole,Påbygg til generell studiekompetanse,0,pb,Vg3,2024,37.1,points
Randaberg videregående skole,Påbygg til generell studiekompetanse,0,pb,Vg3,2025,21.4,points
Randaberg videregående skole,Realfag,1,st,Vg3,2018,,priority
Randaberg videregående skole,Realfag,1,st,Vg3,2019,,priority
Randaberg videregående skole,Realfag,1,st,Vg3,2020,,priority
Randaberg videregående skole,Realfag,1,st,Vg3,2021,,priority
Randaberg videregående skole,Realfag,1,st,Vg3,2022,,priority
Randaberg videregående skole,Realfag,1,st,Vg3,2023,,priority
Randaberg videregående skole,Realfag,1,st,Vg3,2024,,priority
Randaberg videregående skole,Realfag,1,st,Vg3,2025,,priority
Randaberg videregående skole,"Språk, samfunn og økonomi",1,st,Vg3,2018,,priority
Randaberg videregående skole,"Språk, samfunn og økonomi",1,st,Vg3,2019,,priority
Randaberg videregående skole,"Språk, samfunn og økonomi",1,st,Vg3,2020,,priority
Randaberg videregående skole,"Språk, samfunn og økonomi",1,st,Vg3,2021,,priority
Randaberg videregående skole,"Språk, samfunn og økonomi",1,st,Vg3,2022,,priority
Randaberg videregående skole,"Språk, samfunn og økonomi",1,st,Vg3,2023,,priority
Randaberg videregående skole,"Språk, samfunn og økonomi",1,st,Vg3,2024,,priority
Randaberg videregående skole,"Språk, samfunn og økonomi",1,st,Vg3,2025,,priority
Randaberg videregående skole,"Påbygg etter yrkeskompetanse, dagtid",0,pb,Vg4,2018,35.0,points
Randaberg videregående skole,"Påbygg etter yrkeskompetanse, dagtid",0,pb,Vg4,2019,33.8,points
Randaberg videregående skole,"Påbygg etter yrkeskompetanse, dagtid",0,pb,Vg4,2020,22.5,points
Randaberg videregående skole,"Påbygg etter yrkeskompetanse, dagtid",0,pb,Vg4,2021,45.6,points
Randaberg videregående skole,"Påbygg etter yrkeskompetanse, dagtid",0,pb,Vg4,2022,37.8,points
Randaberg videregående skole,"Påbygg etter yrkeskompetanse, dagtid",0,pb,Vg4,2023,36.3,points
Randaberg videregående skole,"Påbygg etter yrkeskompetanse, dagtid",0,pb,Vg4,2024,,open
Randaberg videregående skole,"Påbygg etter yrkeskompetanse, dagtid",0,pb,Vg4,2025,,open
Sandnes videregående skole,Idrettsfag,0,idrett,Vg1,2018,45.5,points
Sandnes videregående skole,Idrettsfag,0,idrett,Vg1,2019,45.3,points
Sandnes videregående skole,Idrettsfag,0,idrett,Vg1,2020,47.0,points
Sandnes videregående skole,Idrettsfag,0,idrett,Vg1,2021,46.0,points
Sandnes videregående skole,Idrettsfag,0,idrett,Vg1,2022,42.7,points
Sandnes videregående skole,Idrettsfag,0,idrett,Vg1,2023,42.7,points
Sandnes videregående skole,Idrettsfag,0,idrett,Vg1,2024,44.7,points
Sandnes videregående skole,Idrettsfag,0,idrett,Vg1,2025,45.1,points
Sandnes videregående skole,Studiespesialisering,0,st,Vg1,2018,24.3,points
Sandnes videregående skole,Studiespesialisering,0,st,Vg1,2019,41.8,points
Sandnes videregående skole,Studiespesialisering,0,st,Vg1,2020,40.2,points
Sandnes videregående skole,Studiespesialisering,0,st,Vg1,2021,40.0,points
Sandnes videregående skole,Studiespesialisering,0,st,Vg1,2022,41.1,points
Sandnes videregående skole,Studiespesialisering,0,st,Vg1,2023,38.3,points
Sandnes videregående skole,Studiespesialisering,0,st,Vg1,2024,37.6,points
Sandnes videregående skole,Studiespesialisering,0,st,Vg1,2025,40.3,points
Sandnes videregående skole,Idrettsfag,1,idrett,Vg2,2019,41.0,points
Sandnes videregående skole,Idrettsfag,1,idrett,Vg2,2020,19.0,points
Sandnes videregående skole,Idrettsfag,1,idrett,Vg2,2021,35.6,points
Sandnes videregående skole,Idrettsfag,1,idrett,Vg2,2022,25.6,points
Sandnes videregående skole,Idrettsfag,1,idrett,Vg2,2023,,open
Sandnes videregående skole,Idrettsfag,1,idrett,Vg2,2024,33.3,points
Sandnes videregående skole,Idrettsfag,1,idrett,Vg2,2025,34.4,points
Sandnes videregående skole,Realfag,0,st,Vg2,2018,36.0,points
Sandnes videregående skole,Realfag,0,st,Vg2,2019,,open
Sandnes videregående skole,Realfag,0,st,Vg2,2020,40.0,points
Sandnes videregående skole,Realfag,0,st,Vg2,2021,31.1,points
Sandnes videregående skole,Realfag,0,st,Vg2,2022,,open
Sandnes videregående skole,Realfag,0,st,Vg2,2023,,open
Sandnes videregående skole,Realfag,0,st,Vg2,2024,35.0,points
Sandnes videregående skole,Realfag,0,st,Vg2,2025,,open
Sandnes videregående skole,"Språk, samfunn og økonomi",0,st,Vg2,2018,33.6,points
Sandnes videregående skole,"Språk, samfunn og økonomi",0,st,Vg2,2019,,open
Sandnes videregående skole,"Språk, samfunn og økonomi",0,st,Vg2,2020,33.8,points
Sandnes videregående skole,"Språk, samfunn og økonomi",0,st,Vg2,2021,35.0,points
Sandnes videregående skole,"Språk, samfunn og økonomi",0,st,Vg2,2022,36.0,points
Sandnes videregående skole,"Språk, samfunn og økonomi",0,st,Vg2,2023,36.0,points
Sandnes videregående skole,"Språk, samfunn og økonomi",0,st,Vg2,2024,29.0,points
Sandnes videregående skole,"Språk, samfunn og økonomi",0,st,Vg2,2025,32.2,points
Sandnes videregående skole,Idrettsfag,2,idrett,Vg3,2018,,priority
Sandnes videregående skole,Idrettsfag,2,idrett,Vg3,2019,,priority
Sandnes videregående skole,Idrettsfag,2,idrett,Vg3,2020,,priority
Sandnes videregående skole,Idrettsfag,2,idrett,Vg3,2021,,priority
Sandnes videregående skole,Idrettsfag,2,idrett,Vg3,2022,,priority
Sandnes videregående skole,Idrettsfag,2,idrett,Vg3,2023,,priority
Sandnes videregående skole,Idrettsfag,2,idrett,Vg3,2024,,priority
Sandnes videregående skole,Idrettsfag,2,idrett,Vg3,2025,,priority
Sandnes videregående skole,Realfag,1,st,Vg3,2018,,priority
Sandnes videregående skole,Realfag,1,st,Vg3,2019,,priority
Sandnes videregående skole,Realfag,1,st,Vg3,2020,,priority
Sandnes videregående skole,Realfag,1,st,Vg3,2021,,priority
Sandnes videregående skole,Realfag,1,st,Vg3,2022,,priority
Sandnes videregående skole,Realfag,1,st,Vg3,2023,,priority
Sandnes videregående skole,Realfag,1,st,Vg3,2024,,priority
Sandnes videregående skole,Realfag,1,st,Vg3,2025,,priority
Sandnes videregående skole,"Språk, samfunn og økonomi",1,st,Vg3,2018,,priority
Sandnes videregående skole,"Språk, samfunn og økonomi",1,st,Vg3,2019,,priority
Sandnes videregående skole,"Språk, samfunn og økonomi",1,st,Vg3,2020,,priority
Sandnes videregående skole,"Språk, samfunn og økonomi",1,st,Vg3,2021,,priority
Sandnes videregående skole,"Språk, samfunn og økonomi",1,st,Vg3,2022,,priority
Sandnes videregående skole,"Språk, samfunn og økonomi",1,st,Vg3,2023,,priority
Sandnes videregående skole,"Språk, samfunn og økonomi",1,st,Vg3,2024,,priority
Sandnes videregående skole,"Språk, samfunn og økonomi",1,st,Vg3,2025,,priority
Sauda vidaregåande skule,Bygg- og anleggsteknikk,0,bygg,Vg1,2018,,open
Sauda vidaregåande skule,Bygg- og anleggsteknikk,0,bygg,Vg1,2019,,open
Sauda vidaregåande skule,Bygg- og anleggsteknikk,0,bygg,Vg1,2020,,open
Sauda vidaregåande skule,Bygg- og anleggsteknikk,0,bygg,Vg1,2021,,open
Sauda vidaregåande skule,Bygg- og anleggsteknikk,0,bygg,Vg1,2022,,open
Sauda vidaregåande skule,Bygg- og anleggsteknikk,0,bygg,Vg1,2023,,open
Sauda vidaregåande skule,Bygg- og anleggsteknikk,0,bygg,Vg1,2024,20.6,points
Sauda vidaregåande skule,Bygg- og anleggsteknikk,0,bygg,Vg1,2025,41.8,points
Sauda vidaregåande skule,Elektro og datateknologi,0,elektro,Vg1,2019,30.0,points
Sauda vidaregåande skule,Elektro og datateknologi,0,elektro,Vg1,2020,,open
Sauda vidaregåande skule,Elektro og datateknologi,0,elektro,Vg1,2021,,open
Sauda vidaregåande skule,Elektro og datateknologi,0,elektro,Vg1,2022,,open
Sauda vidaregåande skule,Elektro og datateknologi,0,elektro,Vg1,2023,,open
Sauda vidaregåande skule,Elektro og datateknologi,0,elektro,Vg1,2024,30.8,points
Sauda vidaregåande skule,Elektro og datateknologi,0,elektro,Vg1,2025,32.9,points
Sauda vidaregåande skule,Elektrofag,0,elektro,Vg1,2018,,open
Sauda vidaregåande skule,Elektrofag,0,elektro,Vg1,2019,30.0,points
Sauda vidaregåande skule,Helse og oppvekst,0,helse,Vg1,2018,20.0,points
Sauda vidaregåande skule,Helse og oppvekst,0,helse,Vg1,2019,26.7,points
Sauda vidaregåande skule,Helse og oppvekst,0,helse,Vg1,2020,,open
Sauda vidaregåande skule,Helse og oppvekst,0,helse,Vg1,2021,,open
Sauda vidaregåande skule,Helse og oppvekst,0,helse,Vg1,2022,,open
Sauda vidaregåande skule,Helse og oppvekst,0,helse,Vg1,2023,,open
Sauda vidaregåande skule,Helse og oppvekst,0,helse,Vg1,2024,,open
Sauda vidaregåande skule,Helse og oppvekst,0,helse,Vg1,2025,26.7,points
Sauda vidaregåande skule,Idrettsfag,0,idrett,Vg1,2018,,open
Sauda vidaregåande skule,Idrettsfag,0,idrett,Vg1,2019,,open
Sauda vidaregåande skule,Idrettsfag,0,idrett,Vg1,2020,,open
Sauda vidaregåande skule,Idrettsfag,0,idrett,Vg1,2021,,open
Sauda vidaregåande skule,Idrettsfag,0,idrett,Vg1,2022,,open
Sauda vidaregåande skule,Idrettsfag,0,idrett,Vg1,2023,,open
Sauda vidaregåande skule,Idrettsfag,0,idrett,Vg1,2024,,open
Sauda vidaregåande skule,Idrettsfag,0,idrett,Vg1,2025,,open
Sauda vidaregåande skule,Studiespesialisering,0,st,Vg1,2018,,open
Sauda vidaregåande skule,Studiespesialisering,0,st,Vg1,2019,,open
Sauda vidaregåande skule,Studiespesialisering,0,st,Vg1,2020,,open
Sauda vidaregåande skule,Studiespesialisering,0,st,Vg1,2021,,open
Sauda vidaregåande skule,Studiespesialisering,0,st,Vg1,2022,,open
Sauda vidaregåande skule,Studiespesialisering,0,st,Vg1,2023,,open
Sauda vidaregåande skule,Studiespesialisering,0,st,Vg1,2024,,open
Sauda vidaregåande skule,Studiespesialisering,0,st,Vg1,2025,,open
Sauda vidaregåande skule,Teknikk og industriell produksjon,0,tip,Vg1,2018,,open
Sauda vidaregåande skule,Teknikk og industriell produksjon,0,tip,Vg1,2019,,open
Sauda vidaregåande skule,"Teknologi og industrifag, YSK 4 år",0,tip,Vg1,2019,,open
Sauda vidaregåande skule,"Teknologi og industrifag, YSK 4 år",0,tip,Vg1,2020,29.3,points
Sauda vidaregåande skule,"Teknologi og industrifag, YSK 4 år",0,tip,Vg1,2021,,open
Sauda vidaregåande skule,"Teknologi og industrifag, YSK 4 år",0,tip,Vg1,2022,,open
Sauda vidaregåande skule,"Teknologi og industrifag, YSK 4 år",0,tip,Vg1,2023,,open
Sauda vidaregåande skule,Teknologi- og industrifag,0,tip,Vg1,2024,35.1,points
Sauda vidaregåande skule,Teknologi- og industrifag,0,tip,Vg1,2025,29.6,points
Sauda vidaregåande skule,Ambulansefag,0,helse,Vg2,2018,51.0,points
Sauda vidaregåande skule,Ambulansefag,0,helse,Vg2,2019,49.0,points
Sauda vidaregåande skule,Ambulansefag,0,helse,Vg2,2020,53.3,points
Sauda vidaregåande skule,Ambulansefag,0,helse,Vg2,2021,53.8,points
Sauda vidaregåande skule,Ambulansefag,0,helse,Vg2,2022,53.8,points
Sauda vidaregåande skule,Ambulansefag,0,helse,Vg2,2023,52.5,points
Sauda vidaregåande skule,Ambulansefag,0,helse,Vg2,2024,51.3,points
Sauda vidaregåande skule,Ambulansefag,0,helse,Vg2,2025,53.8,points
Sauda vidaregåande skule,Barne- og ungdomsarbeider,0,helse,Vg2,2018,,open
Sauda vidaregåande skule,Barne- og ungdomsarbeider,0,helse,Vg2,2019,,open
Sauda vidaregåande skule,Barne- og ungdomsarbeider,0,helse,Vg2,2020,24.4,points
Sauda vidaregåande skule,Barne- og ungdomsarbeider,0,helse,Vg2,2021,,discontinued
Sauda vidaregåande skule,Barne- og ungdomsarbeider,0,helse,Vg2,2024,,open
Sauda vidaregåande skule,Barne- og ungdomsarbeider,0,helse,Vg2,2025,,open
Sauda vidaregåande skule,Byggteknikk,0,bygg,Vg2,2018,,open
Sauda vidaregåande skule,Byggteknikk,0,bygg,Vg2,2019,,open
Sauda vidaregåande skule,Byggteknikk,0,bygg,Vg2,2020,,open
Sauda vidaregåande skule,Byggteknikk,0,bygg,Vg2,2021,,discontinued
Sauda vidaregåande skule,Elenergi,0,elektro,Vg2,2018,,open
Sauda vidaregåande skule,Elenergi,0,elektro,Vg2,2019,,open
Sauda vidaregåande skule,Elenergi og ekom,0,elektro,Vg2,2019,,open
Sauda vidaregåande skule,Elenergi og ekom,0,elektro,Vg2,2020,,open
Sauda vidaregåande skule,Elenergi og ekom,0,elektro,Vg2,2021,,open
Sauda vidaregåande skule,Elenergi og ekom,0,elektro,Vg2,2022,,open
Sauda vidaregåande skule,Elenergi og ekom,0,elektro,Vg2,2023,,open
Sauda vidaregåande skule,Elenergi og ekom,0,elektro,Vg2,2024,,open
Sauda vidaregåande skule,Elenergi og ekom,0,elektro,Vg2,2025,,open
Sauda vidaregåande skule,Helsearbeiderfag,0,helse,Vg2,2018,,open
Sauda vidaregåande skule,Helsearbeiderfag,0,helse,Vg2,2019,,open
Sauda vidaregåande skule,Helsearbeiderfag,0,helse,Vg2,2020,,open
Sauda vidaregåande skule,Helsearbeiderfag,0,helse,Vg2,2021,,open
Sauda vidaregåande skule,Helsearbeiderfag,0,helse,Vg2,2022,,open
Sauda vidaregåande skule,Helsearbeiderfag,0,helse,Vg2,2023,,open
Sauda vidaregåande skule,Helsearbeiderfag,0,helse,Vg2,2024,26.3,points
Sauda vidaregåande skule,Helsearbeiderfag,0,helse,Vg2,2025,,open
Sauda vidaregåande skule,Idrettsfag,1,idrett,Vg2,2018,,open
Sauda vidaregåande skule,Idrettsfag,1,idrett,Vg2,2019,,open
Sauda vidaregåande skule,Idrettsfag,1,idrett,Vg2,2020,,open
Sauda vidaregåande skule,Idrettsfag,1,idrett,Vg2,2021,,open
Sauda vidaregåande skule,Idrettsfag,1,idrett,Vg2,2022,,open
Sauda vidaregåande skule,Idrettsfag,1,idrett,Vg2,2023,,open
Sauda vidaregåande skule,Idrettsfag,1,idrett,Vg2,2024,,open
Sauda vidaregåande skule,Idrettsfag,1,idrett,Vg2,2025,,open
Sauda vidaregåande skule,Industriteknologi,0,tip,Vg2,2018,28.9,points
Sauda vidaregåande skule,Industriteknologi,0,tip,Vg2,2019,24.0,points
Sauda vidaregåande skule,Industriteknologi,0,tip,Vg2,2020,,open
Sauda vidaregåande skule,Industriteknologi,0,tip,Vg2,2021,32.5,points
Sauda vidaregåande skule,Industriteknologi,0,tip,Vg2,2022,,open
Sauda vidaregåande skule,Industriteknologi,0,tip,Vg2,2023,,open
Sauda vidaregåande skule,Industriteknologi,0,tip,Vg2,2024,34.4,points
Sauda vidaregåande skule,Industriteknologi,0,tip,Vg2,2025,30.0,points
Sauda vidaregåande skule,Kjemiprosess YSK,0,tip,Vg2,2018,26.7,points
Sauda vidaregåande skule,Kjemiprosess YSK,0,tip,Vg2,2019,47.5,points
Sauda vidaregåande skule,Kjemiprosess YSK,0,tip,Vg2,2020,,open
Sauda vidaregåande skule,Kjemiprosess YSK,0,tip,Vg2,2021,,open
Sauda vidaregåande skule,Kjemiprosess YSK,0,tip,Vg2,2022,,open
Sauda vidaregåande skule,Kjemiprosess YSK,0,tip,Vg2,2023,,open
Sauda vidaregåande skule,Kjemiprosess og laboratoriefag,0,tip,Vg2,2021,20.8,points
Sauda vidaregåande skule,Kjemiprosess og laboratoriefag,0,tip,Vg2,2022,36.3,points
Sauda vidaregåande skule,Kjemiprosess og laboratoriefag,0,tip,Vg2,2023,30.0,points
Sauda vidaregåande skule,Kjemiprosess og laboratoriefag,0,tip,Vg2,2024,43.8,points
Sauda vidaregåande skule,Kjemiprosess og laboratoriefag,0,tip,Vg2,2025,46.3,points
Sauda vidaregåande skule,Realfag,0,st,Vg2,2018,,open
Sauda vidaregåande skule,Realfag,0,st,Vg2,2019,,open
Sauda vidaregåande skule,Realfag,0,st,Vg2,2020,,open
Sauda vidaregåande skule,Realfag,0,st,Vg2,2021,,open
Sauda vidaregåande skule,Realfag,0,st,Vg2,2022,,open
Sauda vidaregåande skule,Realfag,0,st,Vg2,2023,,open
Sauda vidaregåande skule,Realfag,0,st,Vg2,2024,,open
Sauda vidaregåande skule,Realfag,0,st,Vg2,2025,,open
Sauda vidaregåande skule,"Språk, samfunn og økonomi",0,st,Vg2,2018,,open
Sauda vidaregåande skule,"Språk, samfunn og økonomi",0,st,Vg2,2019,,open
Sauda vidaregåande skule,"Språk, samfunn og økonomi",0,st,Vg2,2020,30.8,points
Sauda vidaregåande skule,"Språk, samfunn og økonomi",0,st,Vg2,2021,,open
Sauda vidaregåande skule,"Språk, samfunn og økonomi",0,st,Vg2,2022,,open
Sauda vidaregåande skule,"Språk, samfunn og økonomi",0,st,Vg2,2023,,open
Sauda vidaregåande skule,"Språk, samfunn og økonomi",0,st,Vg2,2024,,open
Sauda vidaregåande skule,"Språk, samfunn og økonomi",0,st,Vg2,2025,,open
Sauda vidaregåande skule,Transport og logistikk,0,tip,Vg2,2019,23.3,points
Sauda vidaregåande skule,Transport og logistikk,0,tip,Vg2,2020,,open
Sauda vidaregåande skule,Transport og logistikk,0,tip,Vg2,2021,,open
Sauda vidaregåande skule,Transport og logistikk,0,tip,Vg2,2022,25.0,points
Sauda vidaregåande skule,Transport og logistikk,0,tip,Vg2,2023,,open
Sauda vidaregåande skule,Transport og logistikk,0,tip,Vg2,2024,,open
Sauda vidaregåande skule,Transport og logistikk,0,tip,Vg2,2025,28.8,points
Sauda vidaregåande skule,Tømrer,0,bygg,Vg2,2021,,open
Sauda vidaregåande skule,Tømrer,0,bygg,Vg2,2022,,open
Sauda vidaregåande skule,Tømrer,0,bygg,Vg2,2023,,open
Sauda vidaregåande skule,Tømrer,0,bygg,Vg2,2024,,open
Sauda vidaregåande skule,Tømrer,0,bygg,Vg2,2025,,open
Sauda vidaregåande skule,Påbygg yrkeskompetanse PBPBY4P1,0,pb,Vg2/Vg3,2023,,open
Sauda vidaregåande skule,Idrettsfag,2,idrett,Vg3,2018,,priority
Sauda vidaregåande skule,Idrettsfag,2,idrett,Vg3,2019,,priority
Sauda vidaregåande skule,Idrettsfag,2,idrett,Vg3,2020,,priority
Sauda vidaregåande skule,Idrettsfag,2,idrett,Vg3,2021,,priority
Sauda vidaregåande skule,Idrettsfag,2,idrett,Vg3,2022,,priority
Sauda vidaregåande skule,Idrettsfag,2,idrett,Vg3,2023,,priority
Sauda vidaregåande skule,Idrettsfag,2,idrett,Vg3,2024,,priority
Sauda vidaregåande skule,Idrettsfag,2,idrett,Vg3,2025,,priority
Sauda vidaregåande skule,Realfag,1,st,Vg3,2018,,priority
Sauda vidaregåande skule,Realfag,1,st,Vg3,2019,,priority
Sauda vidaregåande skule,Realfag,1,st,Vg3,2020,,priority
Sauda vidaregåande skule,Realfag,1,st,Vg3,2021,,priority
Sauda vidaregåande skule,Realfag,1,st,Vg3,2022,,priority
Sauda vidaregåande skule,Realfag,1,st,Vg3,2023,,priority
Sauda vidaregåande skule,Realfag,1,st,Vg3,2024,,priority
Sauda vidaregåande skule,Realfag,1,st,Vg3,2025,,priority
Sauda vidaregåande skule,"Språk, samfunn og økonomi",1,st,Vg3,2018,,priority
Sauda vidaregåande skule,"Språk, samfunn og økonomi",1,st,Vg3,2019,,priority
Sauda vidaregåande skule,"Språk, samfunn og økonomi",1,st,Vg3,2020,,priority
Sauda vidaregåande skule,"Språk, samfunn og økonomi",1,st,Vg3,2021,,priority
Sauda vidaregåande skule,"Språk, samfunn og økonomi",1,st,Vg3,2022,,priority
Sauda vidaregåande skule,"Språk, samfunn og økonomi",1,st,Vg3,2023,,priority
Sauda vidaregåande skule,"Språk, samfunn og økonomi",1,st,Vg3,2024,,priority
Sauda vidaregåande skule,"Språk, samfunn og økonomi",1,st,Vg3,2025,,priority
Sauda vidaregåande skule,"Påbygg er yrkeskompetanse, PBPBY4P2",0,pb,Vg4,2022,31.7,points
Sauda vidaregåande skule,"Påbygg er yrkeskompetanse, PBPBY4P2",0,pb,Vg4,2023,,open
Sauda vidaregåande skule,"Påbygg etter yrkeskompetanse, nett",0,pb,Vg4,2018,40.0,points
Sauda vidaregåande skule,"Påbygg etter yrkeskompetanse, nett",0,pb,Vg4,2019,36.4,points
Sauda vidaregåande skule,"Påbygg etter yrkeskompetanse, nett",0,pb,Vg4,2020,35.6,points
Sauda vidaregåande skule,"Påbygg etter yrkeskompetanse, nett",0,pb,Vg4,2021,,open
Sauda vidaregåande skule,"Påbygg etter yrkeskompetanse, nett",0,pb,Vg4,2022,42.9,points
Sauda vidaregåande skule,"Påbygg etter yrkeskompetanse, nett",0,pb,Vg4,2023,40.0,points
Sauda vidaregåande skule,"Påbygg etter yrkeskompetanse, nett",0,pb,Vg4,2024,,open
Sauda vidaregåande skule,"Påbygg etter yrkeskompetanse, nett",0,pb,Vg4,2025,,open
Skeisvang videregående skole,Dans,0,mdd,Vg1,2018,39.6,points
Skeisvang videregående skole,Dans,0,mdd,Vg1,2019,40.6,points
Skeisvang videregående skole,Dans,0,mdd,Vg1,2020,33.6,points
Skeisvang videregående skole,Dans,0,mdd,Vg1,2021,,open
Skeisvang videregående skole,Dans,0,mdd,Vg1,2022,,open
Skeisvang videregående skole,Dans,0,mdd,Vg1,2023,,open
Skeisvang videregående skole,Dans,0,mdd,Vg1,2024,40.3,points
Skeisvang videregående skole,Dans,0,mdd,Vg1,2025,,open
Skeisvang videregående skole,Drama,0,mdd,Vg1,2018,,open
Skeisvang videregående skole,Drama,0,mdd,Vg1,2019,,open
Skeisvang videregående skole,Drama,0,mdd,Vg1,2020,,open
Skeisvang videregående skole,Drama,0,mdd,Vg1,2021,,open
Skeisvang videregående skole,Drama,0,mdd,Vg1,2022,,open
Skeisvang videregående skole,Drama,0,mdd,Vg1,2023,,open
Skeisvang videregående skole,Drama,0,mdd,Vg1,2024,,open
Skeisvang videregående skole,Drama,0,mdd,Vg1,2025,,open
Skeisvang videregående skole,Musikk,0,mdd,Vg1,2018,29.7,points
Skeisvang videregående skole,Musikk,0,mdd,Vg1,2019,46.6,points
Skeisvang videregående skole,Musikk,0,mdd,Vg1,2020,42.0,points
Skeisvang videregående skole,Musikk,0,mdd,Vg1,2021,40.7,points
Skeisvang videregående skole,Musikk,0,mdd,Vg1,2022,,open
Skeisvang videregående skole,Musikk,0,mdd,Vg1,2023,,open
Skeisvang videregående skole,Musikk,0,mdd,Vg1,2024,,open
Skeisvang videregående skole,Musikk,0,mdd,Vg1,2025,42.7,points
Skeisvang videregående skole,Studiespesialisering,0,st,Vg1,2018,36.0,points
Skeisvang videregående skole,Studiespesialisering,0,st,Vg1,2019,34.2,points
Skeisvang videregående skole,Studiespesialisering,0,st,Vg1,2020,37.0,points
Skeisvang videregående skole,Studiespesialisering,0,st,Vg1,2021,44.4,points
Skeisvang videregående skole,Studiespesialisering,0,st,Vg1,2022,,open
Skeisvang videregående skole,Studiespesialisering,0,st,Vg1,2023,41.3,points
Skeisvang videregående skole,Studiespesialisering,0,st,Vg1,2024,43.8,points
Skeisvang videregående skole,Studiespesialisering,0,st,Vg1,2025,,open
Skeisvang videregående skole,Dans,1,mdd,Vg2,2018,,open
Skeisvang videregående skole,Dans,1,mdd,Vg2,2019,,open
Skeisvang videregående skole,Dans,1,mdd,Vg2,2020,,open
Skeisvang videregående skole,Dans,1,mdd,Vg2,2021,,open
Skeisvang videregående skole,Dans,1,mdd,Vg2,2022,,open
Skeisvang videregående skole,Dans,1,mdd,Vg2,2023,,open
Skeisvang videregående skole,Dans,1,mdd,Vg2,2024,,open
Skeisvang videregående skole,Dans,1,mdd,Vg2,2025,,open
Skeisvang videregående skole,Drama,1,mdd,Vg2,2018,,open
Skeisvang videregående skole,Drama,1,mdd,Vg2,2019,,open
Skeisvang videregående skole,Drama,1,mdd,Vg2,2020,,open
Skeisvang videregående skole,Drama,1,mdd,Vg2,2021,,open
Skeisvang videregående skole,Drama,1,mdd,Vg2,2022,,open
Skeisvang videregående skole,Drama,1,mdd,Vg2,2023,,open
Skeisvang videregående skole,Drama,1,mdd,Vg2,2024,,open
Skeisvang videregående skole,Drama,1,mdd,Vg2,2025,,open
Skeisvang videregående skole,Musikk,1,mdd,Vg2,2018,,open
Skeisvang videregående skole,Musikk,1,mdd,Vg2,2019,,open
Skeisvang videregående skole,Musikk,1,mdd,Vg2,2020,,open
Skeisvang videregående skole,Musikk,1,mdd,Vg2,2021,,open
Skeisvang videregående skole,Musikk,1,mdd,Vg2,2022,,open
Skeisvang videregående skole,Musikk,1,mdd,Vg2,2023,,open
Skeisvang videregående skole,Musikk,1,mdd,Vg2,2024,,open
Skeisvang videregående skole,Musikk,1,mdd,Vg2,2025,,open
Skeisvang videregående skole,Realfag,0,st,Vg2,2018,31.0,points
Skeisvang videregående skole,Realfag,0,st,Vg2,2019,,open
Skeisvang videregående skole,Realfag,0,st,Vg2,2020,38.8,points
Skeisvang videregående skole,Realfag,0,st,Vg2,2021,40.0,points
Skeisvang videregående skole,Realfag,0,st,Vg2,2022,,open
Skeisvang videregående skole,Realfag,0,st,Vg2,2023,32.2,points
Skeisvang videregående skole,Realfag,0,st,Vg2,2024,,open
Skeisvang videregående skole,Realfag,0,st,Vg2,2025,,open
Skeisvang videregående skole,"Språk, samfunn og økonomi",0,st,Vg2,2018,30.0,points
Skeisvang videregående skole,"Språk, samfunn og økonomi",0,st,Vg2,2019,25.5,points
Skeisvang videregående skole,"Språk, samfunn og økonomi",0,st,Vg2,2020,32.9,points
Skeisvang videregående skole,"Språk, samfunn og økonomi",0,st,Vg2,2021,32.0,points
Skeisvang videregående skole,"Språk, samfunn og økonomi",0,st,Vg2,2022,,open
Skeisvang videregående skole,"Språk, samfunn og økonomi",0,st,Vg2,2023,,open
Skeisvang videregående skole,"Språk, samfunn og økonomi",0,st,Vg2,2024,30.0,points
Skeisvang videregående skole,"Språk, samfunn og økonomi",0,st,Vg2,2025,35.0,points
Skeisvang videregående skole,Dans,2,mdd,Vg3,2018,,priority
Skeisvang videregående skole,Dans,2,mdd,Vg3,2019,,priority
Skeisvang videregående skole,Dans,2,mdd,Vg3,2020,,priority
Skeisvang videregående skole,Dans,2,mdd,Vg3,2021,,priority
Skeisvang videregående skole,Dans,2,mdd,Vg3,2022,,priority
Skeisvang videregående skole,Dans,2,mdd,Vg3,2023,,priority
Skeisvang videregående skole,Dans,2,mdd,Vg3,2024,,priority
Skeisvang videregående skole,Dans,2,mdd,Vg3,2025,,priority
Skeisvang videregående skole,Drama,2,mdd,Vg3,2018,,priority
Skeisvang videregående skole,Drama,2,mdd,Vg3,2019,,priority
Skeisvang videregående skole,Drama,2,mdd,Vg3,2020,,priority
Skeisvang videregående skole,Drama,2,mdd,Vg3,2021,,priority
Skeisvang videregående skole,Drama,2,mdd,Vg3,2022,,priority
Skeisvang videregående skole,Drama,2,mdd,Vg3,2023,,priority
Skeisvang videregående skole,Drama,2,mdd,Vg3,2024,,priority
Skeisvang videregående skole,Drama,2,mdd,Vg3,2025,,priority
Skeisvang videregående skole,Musikk,2,mdd,Vg3,2018,,priority
Skeisvang videregående skole,Musikk,2,mdd,Vg3,2019,,priority
Skeisvang videregående skole,Musikk,2,mdd,Vg3,2020,,priority
Skeisvang videregående skole,Musikk,2,mdd,Vg3,2021,,priority
Skeisvang videregående skole,Musikk,2,mdd,Vg3,2022,,priority
Skeisvang videregående skole,Musikk,2,mdd,Vg3,2023,,priority
Skeisvang videregående skole,Musikk,2,mdd,Vg3,2024,,priority
Skeisvang videregående skole,Musikk,2,mdd,Vg3,2025,,priority
Skeisvang videregående skole,Realfag,1,st,Vg3,2018,,priority
Skeisvang videregående skole,Realfag,1,st,Vg3,2019,,priority
Skeisvang videregående skole,Realfag,1,st,Vg3,2020,,priority
Skeisvang videregående skole,Realfag,1,st,Vg3,2021,,priority
Skeisvang videregående skole,Realfag,1,st,Vg3,2022,,priority
Skeisvang videregående skole,Realfag,1,st,Vg3,2023,,priority
Skeisvang videregående skole,Realfag,1,st,Vg3,2024,,priority
Skeisvang videregående skole,Realfag,1,st,Vg3,2025,,priority
Skeisvang videregående skole,"Språk, samfunn og økonomi",1,st,Vg3,2018,,priority
Skeisvang videregående skole,"Språk, samfunn og økonomi",1,st,Vg3,2019,,priority
Skeisvang videregående skole,"Språk, samfunn og økonomi",1,st,Vg3,2020,,priority
Skeisvang videregående skole,"Språk, samfunn og økonomi",1,st,Vg3,2021,,priority
Skeisvang videregående skole,"Språk, samfunn og økonomi",1,st,Vg3,2022,,priority
Skeisvang videregående skole,"Språk, samfunn og økonomi",1,st,Vg3,2023,,priority
Skeisvang videregående skole,"Språk, samfunn og økonomi",1,st,Vg3,2024,,priority
Skeisvang videregående skole,"Språk, samfunn og økonomi",1,st,Vg3,2025,,priority
Sola videregående skole,Elektro,0,elektro,Vg1,2018,32.4,points
Sola videregående skole,Elektro,0,elektro,Vg1,2019,29.1,points
Sola videregående skole,Elektro og datateknologi,0,elektro,Vg1,2019,29.1,points
Sola videregående skole,Elektro og datateknologi,0,elektro,Vg1,2020,27.5,points
Sola videregående skole,Elektro og datateknologi,0,elektro,Vg1,2021,34.7,points
Sola videregående skole,Elektro og datateknologi,0,elektro,Vg1,2022,36.2,points
Sola videregående skole,Elektro og datateknologi,0,elektro,Vg1,2023,29.1,points
Sola videregående skole,Elektro og datateknologi,0,elektro,Vg1,2024,29.3,points
Sola videregående skole,Elektro og datateknologi,0,elektro,Vg1,2025,27.7,points
Sola videregående skole,Idrettsfag,0,idrett,Vg1,2018,30.0,points
Sola videregående skole,Idrettsfag,0,idrett,Vg1,2019,34.7,points
Sola videregående skole,Idrettsfag,0,idrett,Vg1,2020,28.8,points
Sola videregående skole,Idrettsfag,0,idrett,Vg1,2021,,open
Sola videregående skole,Idrettsfag,0,idrett,Vg1,2022,,open
Sola videregående skole,Idrettsfag,0,idrett,Vg1,2023,33.5,points
Sola videregående skole,Idrettsfag,0,idrett,Vg1,2024,,open
Sola videregående skole,Idrettsfag,0,idrett,Vg1,2025,,open
Sola videregående skole,Idrettsfag,1,idrett,Vg1,2023,,open
Sola videregående skole,Idrettsfag,1,idrett,Vg1,2024,,open
Sola videregående skole,Idrettsfag,1,idrett,Vg1,2025,,open
Sola videregående skole,Studiespesialisering,0,st,Vg1,2018,,open
Sola videregående skole,Studiespesialisering,0,st,Vg1,2019,,open
Sola videregående skole,Studiespesialisering,0,st,Vg1,2020,35.7,points
Sola videregående skole,Studiespesialisering,0,st,Vg1,2021,33.3,points
Sola videregående skole,Studiespesialisering,0,st,Vg1,2022,,open
Sola videregående skole,Studiespesialisering,0,st,Vg1,2023,,open
Sola videregående skole,Studiespesialisering,0,st,Vg1,2024,,open
Sola videregående skole,Studiespesialisering,0,st,Vg1,2025,,open
Sola videregående skole,Teknikk og industriell produksjon,0,tip,Vg1,2018,25.6,points
Sola videregående skole,Teknikk og industriell produksjon,0,tip,Vg1,2019,24.6,points
Sola videregående skole,Teknologi- og industrifag,0,tip,Vg1,2019,24.6,points
Sola videregående skole,Teknologi- og industrifag,0,tip,Vg1,2020,24.5,points
Sola videregående skole,Teknologi- og industrifag,0,tip,Vg1,2021,24.6,points
Sola videregående skole,Teknologi- og industrifag,0,tip,Vg1,2022,27.6,points
Sola videregående skole,Teknologi- og industrifag,0,tip,Vg1,2023,31.3,points
Sola videregående skole,Teknologi- og industrifag,0,tip,Vg1,2024,35.6,points
Sola videregående skole,Teknologi- og industrifag,0,tip,Vg1,2025,33.8,points
Sola videregående skole,Data og elektronikk,0,elektro,Vg2,2018,32.2,points
Sola videregående skole,Data og elektronikk,0,elektro,Vg2,2019,35.6,points
Sola videregående skole,Datateknologi og elektronikk,0,elektro,Vg2,2019,35.6,points
Sola videregående skole,Datateknologi og elektronikk,0,elektro,Vg2,2020,,discontinued
Sola videregående skole,Datateknologi og elektronikk,0,elektro,Vg2,2021,30.0,points
Sola videregående skole,Datateknologi og elektronikk,0,elektro,Vg2,2022,22.9,points
Sola videregående skole,Datateknologi og elektronikk,0,elektro,Vg2,2023,,discontinued
Sola videregående skole,"Flyfag, Landslinje",0,elektro,Vg2,2018,40.0,points
Sola videregående skole,"Flyfag, Landslinje",0,elektro,Vg2,2019,38.9,points
Sola videregående skole,"Flyfag, Landslinje",0,elektro,Vg2,2020,42.2,points
Sola videregående skole,"Flyfag, Landslinje",0,elektro,Vg2,2021,47.1,points
Sola videregående skole,"Flyfag, Landslinje",0,elektro,Vg2,2022,47.1,points
Sola videregående skole,"Flyfag, Landslinje",0,elektro,Vg2,2023,47.1,points
Sola videregående skole,"Flyfag, Landslinje",1,elektro,Vg2,2018,40.0,points
Sola videregående skole,"Flyfag, Landslinje",1,elektro,Vg2,2019,38.9,points
Sola videregående skole,"Flyfag, Landslinje",1,elektro,Vg2,2020,42.2,points
Sola videregående skole,"Flyfag, Landslinje",1,elektro,Vg2,2021,47.1,points
Sola videregående skole,"Flyfag, Landslinje",1,elektro,Vg2,2022,47.1,points
Sola videregående skole,"Flyfag, Landslinje",1,elektro,Vg2,2023,47.1,points
Sola videregående skole,Idrettsfag,2,idrett,Vg2,2018,,open
Sola videregående skole,Idrettsfag,2,idrett,Vg2,2019,,open
Sola videregående skole,Idrettsfag,2,idrett,Vg2,2020,,open
Sola videregående skole,Idrettsfag,2,idrett,Vg2,2021,,open
Sola videregående skole,Idrettsfag,2,idrett,Vg2,2022,,open
Sola videregående skole,Idrettsfag,2,idrett,Vg2,2023,,open
Sola videregående skole,Industriteknologi,0,tip,Vg2,2018,20.0,points
Sola videregående skole,Industriteknologi,0,tip,Vg2,2019,33.0,points
Sola videregående skole,Industriteknologi,0,tip,Vg2,2020,24.4,points
Sola videregående skole,Industriteknologi,0,tip,Vg2,2021,20.0,points
Sola videregående skole,Industriteknologi,0,tip,Vg2,2022,,open
Sola videregående skole,Industriteknologi,0,tip,Vg2,2023,,open
Sola videregående skole,Realfag,0,st,Vg2,2018,30.0,points
Sola videregående skole,Realfag,0,st,Vg2,2019,,open
Sola videregående skole,Realfag,0,st,Vg2,2020,30.0,points
Sola videregående skole,Realfag,0,st,Vg2,2021,37.8,points
Sola videregående skole,Realfag,0,st,Vg2,2022,21.3,points
Sola videregående skole,Realfag,0,st,Vg2,2023,,open
Sola videregående skole,"Språk, samfunn og økonomi",0,st,Vg2,2018,30.0,points
Sola videregående skole,"Språk, samfunn og økonomi",0,st,Vg2,2019,,open
Sola videregående skole,"Språk, samfunn og økonomi",0,st,Vg2,2020,25.0,points
Sola videregående skole,"Språk, samfunn og økonomi",0,st,Vg2,2021,29.0,points
Sola videregående skole,"Språk, samfunn og økonomi",0,st,Vg2,2022,31.3,points
Sola videregående skole,"Språk, samfunn og økonomi",0,st,Vg2,2023,35.6,points
Sola videregående skole,Avionikerfaget Landslinje,0,elektro,Vg2/Vg3,2023,,priority
Sola videregående skole,Avionikerfaget Landslinje,0,elektro,Vg2/Vg3,2024,,priority
Sola videregående skole,Avionikerfaget Landslinje,0,elektro,Vg2/Vg3,2025,,priority
Sola videregående skole,Dronefag,0,elektro,Vg2/Vg3,2023,42.5,points
Sola videregående skole,Dronefag,0,elektro,Vg2/Vg3,2024,25.0,points
Sola videregående skole,Dronefag,0,elektro,Vg2/Vg3,2025,25.7,points
Sola videregående skole,Elenergi og ekom,0,elektro,Vg2/Vg3,2025,40.0,points
Sola videregående skole,"Flyfag, Landslinje",2,elektro,Vg2/Vg3,2023,47.1,points
Sola videregående skole,"Flyfag, Landslinje",2,elektro,Vg2/Vg3,2024,48.9,points
Sola videregående skole,"Flyfag, Landslinje",2,elektro,Vg2/Vg3,2025,50.0,points
Sola videregående skole,Industriteknologi,1,tip,Vg2/Vg3,2023,,open
Sola videregående skole,Industriteknologi,1,tip,Vg2/Vg3,2024,,open
Sola videregående skole,Industriteknologi,1,tip,Vg2/Vg3,2025,32.5,points
Sola videregående skole,Realfag,1,st,Vg2/Vg3,2023,,open
Sola videregående skole,Realfag,1,st,Vg2/Vg3,2024,,open
Sola videregående skole,Realfag,1,st,Vg2/Vg3,2025,,open
Sola videregående skole,"Språk, samfunn og økonomi",1,st,Vg2/Vg3,2023,35.6,points
Sola videregående skole,"Språk, samfunn og økonomi",1,st,Vg2/Vg3,2024,20.0,points
Sola videregående skole,"Språk, samfunn og økonomi",1,st,Vg2/Vg3,2025,,open
Sola videregående skole,Avionikerfaget Landslinje,1,elektro,Vg3,2018,40.0,points
Sola videregående skole,Avionikerfaget Landslinje,1,elektro,Vg3,2019,,open
Sola videregående skole,Avionikerfaget Landslinje,1,elektro,Vg3,2020,,priority
Sola videregående skole,Avionikerfaget Landslinje,1,elektro,Vg3,2021,,priority
Sola videregående skole,Avionikerfaget Landslinje,1,elektro,Vg3,2022,,priority
Sola videregående skole,Avionikerfaget Landslinje,1,elektro,Vg3,2023,,priority
Sola videregående skole,Avionikerfaget Landslinje,2,elektro,Vg3,2018,40.0,points
Sola videregående skole,Avionikerfaget Landslinje,2,elektro,Vg3,2019,,open
Sola videregående skole,Avionikerfaget Landslinje,2,elektro,Vg3,2020,,priority
Sola videregående skole,Avionikerfaget Landslinje,2,elektro,Vg3,2021,,priority
Sola videregående skole,Avionikerfaget Landslinje,2,elektro,Vg3,2022,,priority
Sola videregående skole,Avionikerfaget Landslinje,2,elektro,Vg3,2023,,priority
Sola videregående skole,Dataelektronikerfaget,0,elektro,Vg3,2018,,open
Sola videregående skole,Dataelektronikerfaget,0,elektro,Vg3,2019,,open
Sola videregående skole,Dataelektronikerfaget,0,elektro,Vg3,2020,,open
Sola videregående skole,Dataelektronikerfaget,0,elektro,Vg3,2021,,open
Sola videregående skole,Dataelektronikerfaget,0,elektro,Vg3,2022,,open
Sola videregående skole,Dataelektronikerfaget,0,elektro,Vg3,2023,,open
Sola videregående skole,"Flyfag, Landslinje",3,elektro,Vg3,2018,31.4,points
Sola videregående skole,"Flyfag, Landslinje",3,elektro,Vg3,2019,,open
Sola videregående skole,"Flyfag, Landslinje",3,elektro,Vg3,2020,,priority
Sola videregående skole,"Flyfag, Landslinje",3,elektro,Vg3,2021,,priority
Sola videregående skole,"Flyfag, Landslinje",3,elektro,Vg3,2022,,priority
Sola videregående skole,"Flyfag, Landslinje",3,elektro,Vg3,2023,,priority
Sola videregående skole,"Flyfag, Landslinje",3,elektro,Vg3,2024,,priority
Sola videregående skole,"Flyfag, Landslinje",3,elektro,Vg3,2025,,priority
Sola videregående skole,"Flyfag, Landslinje",4,elektro,Vg3,2018,31.4,points
Sola videregående skole,"Flyfag, Landslinje",4,elektro,Vg3,2019,,open
Sola videregående skole,"Flyfag, Landslinje",4,elektro,Vg3,2020,,priority
Sola videregående skole,"Flyfag, Landslinje",4,elektro,Vg3,2021,,priority
Sola videregående skole,"Flyfag, Landslinje",4,elektro,Vg3,2022,,priority
Sola videregående skole,"Flyfag, Landslinje",4,elektro,Vg3,2023,,priority
Sola videregående skole,Idrettsfag,3,idrett,Vg3,2018,,priority
Sola videregående skole,Idrettsfag,3,idrett,Vg3,2019,,priority
Sola videregående skole,Idrettsfag,3,idrett,Vg3,2020,,priority
Sola videregående skole,Idrettsfag,3,idrett,Vg3,2021,,priority
Sola videregående skole,Idrettsfag,3,idrett,Vg3,2022,,priority
Sola videregående skole,Idrettsfag,3,idrett,Vg3,2023,,priority
Sola videregående skole,Idrettsfag,3,idrett,Vg3,2024,,priority
Sola videregående skole,Idrettsfag,3,idrett,Vg3,2025,,priority
Sola videregående skole,Påbygg til generell studiekompetanse,0,pb,Vg3,2018,23.6,points
Sola videregående skole,Påbygg til generell studiekompetanse,0,pb,Vg3,2019,,discontinued
Sola videregående skole,Realfag,2,st,Vg3,2018,,priority
Sola videregående skole,Realfag,2,st,Vg3,2019,,priority
Sola videregående skole,Realfag,2,st,Vg3,2020,,priority
Sola videregående skole,Realfag,2,st,Vg3,2021,,priority
Sola videregående skole,Realfag,2,st,Vg3,2022,,priority
Sola videregående skole,Realfag,2,st,Vg3,2023,,priority
Sola videregående skole,Realfag,2,st,Vg3,2024,,priority
Sola videregående skole,Realfag,2,st,Vg3,2025,,priority
Sola videregående skole,"Språk, samfunn og økonomi",2,st,Vg3,2018,,priority
Sola videregående skole,"Språk, samfunn og økonomi",2,st,Vg3,2019,,priority
Sola videregående skole,"Språk, samfunn og økonomi",2,st,Vg3,2020,,priority
Sola videregående skole,"Språk, samfunn og økonomi",2,st,Vg3,2021,,priority
Sola videregående skole,"Språk, samfunn og økonomi",2,st,Vg3,2022,,priority
Sola videregående skole,"Språk, samfunn og økonomi",2,st,Vg3,2023,,priority
Sola videregående skole,"Språk, samfunn og økonomi",2,st,Vg3,2024,,priority
Sola videregående skole,"Språk, samfunn og økonomi",2,st,Vg3,2025,,priority
St.Olav videregående skole,Studiespesialisering,0,st,Vg1,2018,39.4,points
St.Olav videregående skole,Studiespesialisering,0,st,Vg1,2019,39.4,points
St.Olav videregående skole,Studiespesialisering,0,st,Vg1,2020,43.0,points
St.Olav videregående skole,Studiespesialisering,0,st,Vg1,2021,43.7,points
St.Olav videregående skole,Studiespesialisering,0,st,Vg1,2022,45.7,points
St.Olav videregående skole,Studiespesialisering,0,st,Vg1,2023,,open
St.Olav videregående skole,Studiespesialisering,0,st,Vg1,2024,39.6,points
St.Olav videregående skole,Studiespesialisering,0,st,Vg1,2025,46.1,points
St.Olav videregående skole,"International baccalaureate, IB",0,st,Vg2,2018,,documentation
St.Olav videregående skole,"International baccalaureate, IB",0,st,Vg2,2019,,documentation
St.Olav videregående skole,"International baccalaureate, IB",0,st,Vg2,2020,,documentation
St.Olav videregående skole,"International baccalaureate, IB",0,st,Vg2,2021,,documentation
St.Olav videregående skole,"International baccalaureate, IB",0,st,Vg2,2022,,documentation
St.Olav videregående skole,"International baccalaureate, IB",0,st,Vg2,2023,,documentation
St.Olav videregående skole,"International baccalaureate, IB",0,st,Vg2,2024,,documentation
St.Olav videregående skole,"International baccalaureate, IB",0,st,Vg2,2025,,documentation
St.Olav videregående skole,Realfag,0,st,Vg2,2018,44.4,points
St.Olav videregående skole,Realfag,0,st,Vg2,2019,38.0,points
St.Olav videregående skole,Realfag,0,st,Vg2,2020,38.8,points
St.Olav videregående skole,Realfag,0,st,Vg2,2021,42.2,points
St.Olav videregående skole,Realfag,0,st,Vg2,2022,41.1,points
St.Olav videregående skole,Realfag,0,st,Vg2,2023,37.8,points
St.Olav videregående skole,Realfag,0,st,Vg2,2024,33.0,points
St.Olav videregående skole,Realfag,0,st,Vg2,2025,44.4,points
St.Olav videregående skole,"Språk, samfunn og økonomi",0,st,Vg2,2018,35.0,points
St.Olav videregående skole,"Språk, samfunn og økonomi",0,st,Vg2,2019,35.0,points
St.Olav videregående skole,"Språk, samfunn og økonomi",0,st,Vg2,2020,40.0,points
St.Olav videregående skole,"Språk, samfunn og økonomi",0,st,Vg2,2021,41.1,points
St.Olav videregående skole,"Språk, samfunn og økonomi",0,st,Vg2,2022,41.1,points
St.Olav videregående skole,"Språk, samfunn og økonomi",0,st,Vg2,2023,45.6,points
St.Olav videregående skole,"Språk, samfunn og økonomi",0,st,Vg2,2024,36.7,points
St.Olav videregående skole,"Språk, samfunn og økonomi",0,st,Vg2,2025,43.0,points
St.Olav videregående skole,"International baccalaureate, IB",1,st,Vg3,2018,,documentation
St.Olav videregående skole,"International baccalaureate, IB",1,st,Vg3,2019,,documentation
St.Olav videregående skole,"International baccalaureate, IB",1,st,Vg3,2020,,documentation
St.Olav videregående skole,"International baccalaureate, IB",1,st,Vg3,2021,,documentation
St.Olav videregående skole,"International baccalaureate, IB",1,st,Vg3,2022,,documentation
St.Olav videregående skole,"International baccalaureate, IB",1,st,Vg3,2023,,documentation
St.Olav videregående skole,"International baccalaureate, IB",1,st,Vg3,2024,,documentation
St.Olav videregående skole,"International baccalaureate, IB",1,st,Vg3,2025,,documentation
St.Olav videregående skole,Realfag,1,st,Vg3,2018,,priority
St.Olav videregående skole,Realfag,1,st,Vg3,2019,,priority
St.Olav videregående skole,Realfag,1,st,Vg3,2020,,priority
St.Olav videregående skole,Realfag,1,st,Vg3,2021,,priority
St.Olav videregående skole,Realfag,1,st,Vg3,2022,,priority
St.Olav videregående skole,Realfag,1,st,Vg3,2023,,priority
St.Olav videregående skole,Realfag,1,st,Vg3,2024,,priority
St.Olav videregående skole,Realfag,1,st,Vg3,2025,,priority
St.Olav videregående skole,"Språk, samfunn og økonomi",1,st,Vg3,2018,,priority
St.Olav videregående skole,"Språk, samfunn og økonomi",1,st,Vg3,2019,,priority
St.Olav videregående skole,"Språk, samfunn og økonomi",1,st,Vg3,2020,,priority
St.Olav videregående skole,"Språk, samfunn og økonomi",1,st,Vg3,2021,,priority
St.Olav videregående skole,"Språk, samfunn og økonomi",1,st,Vg3,2022,,priority
St.Olav videregående skole,"Språk, samfunn og økonomi",1,st,Vg3,2023,,priority
St.Olav videregående skole,"Språk, samfunn og økonomi",1,st,Vg3,2024,,priority
St.Olav videregående skole,"Språk, samfunn og økonomi",1,st,Vg3,2025,,priority
St.Svithun videregående skole,Idrettsfag,0,idrett,Vg1,2018,43.9,points
St.Svithun videregående skole,Idrettsfag,0,idrett,Vg1,2019,43.3,points
St.Svithun videregående skole,Idrettsfag,0,idrett,Vg1,2020,40.0,points
St.Svithun videregående skole,Idrettsfag,0,idrett,Vg1,2021,45.0,points
St.Svithun videregående skole,Idrettsfag,0,idrett,Vg1,2022,43.2,points
St.Svithun videregående skole,Idrettsfag,0,idrett,Vg1,2023,41.3,points
St.Svithun videregående skole,Idrettsfag,0,idrett,Vg1,2024,43.8,points
St.Svithun videregående skole,Idrettsfag,0,idrett,Vg1,2025,45.3,points
St.Svithun videregående skole,Studiespesialisering,0,st,Vg1,2018,43.5,points
St.Svithun videregående skole,Studiespesialisering,0,st,Vg1,2019,41.8,points
St.Svithun videregående skole,Studiespesialisering,0,st,Vg1,2020,42.2,points
St.Svithun videregående skole,Studiespesialisering,0,st,Vg1,2021,45.0,points
St.Svithun videregående skole,Studiespesialisering,0,st,Vg1,2022,43.3,points
St.Svithun videregående skole,Studiespesialisering,0,st,Vg1,2023,38.8,points
St.Svithun videregående skole,Studiespesialisering,0,st,Vg1,2024,42.8,points
St.Svithun videregående skole,Studiespesialisering,0,st,Vg1,2025,43.8,points
St.Svithun videregående skole,"Studiespesialisering, toppidrett",0,idrett,Vg1,2018,,documentation
St.Svithun videregående skole,"Studiespesialisering, toppidrett",0,idrett,Vg1,2019,,documentation
St.Svithun videregående skole,"Studiespesialisering, toppidrett",0,idrett,Vg1,2020,,documentation
St.Svithun videregående skole,"Studiespesialisering, toppidrett",0,idrett,Vg1,2021,,documentation
St.Svithun videregående skole,"Studiespesialisering, toppidrett",0,idrett,Vg1,2022,,documentation
St.Svithun videregående skole,"Studiespesialisering, toppidrett",0,idrett,Vg1,2023,,documentation
St.Svithun videregående skole,"Studiespesialisering, toppidrett",0,idrett,Vg1,2024,,documentation
St.Svithun videregående skole,"Studiespesialisering, toppidrett",0,idrett,Vg1,2025,,documentation
St.Svithun videregående skole,Idrettsfag,1,idrett,Vg2,2018,32.2,points
St.Svithun videregående skole,Idrettsfag,1,idrett,Vg2,2019,35.0,points
St.Svithun videregående skole,Idrettsfag,1,idrett,Vg2,2020,30.0,points
St.Svithun videregående skole,Idrettsfag,1,idrett,Vg2,2021,,open
St.Svithun videregående skole,Idrettsfag,1,idrett,Vg2,2022,,open
St.Svithun videregående skole,Idrettsfag,1,idrett,Vg2,2023,,open
St.Svithun videregående skole,Idrettsfag,1,idrett,Vg2,2024,31.1,points
St.Svithun videregående skole,Idrettsfag,1,idrett,Vg2,2025,30.0,points
St.Svithun videregående skole,Realfag,0,st,Vg2,2018,40.0,points
St.Svithun videregående skole,Realfag,0,st,Vg2,2019,42.5,points
St.Svithun videregående skole,Realfag,0,st,Vg2,2020,41.3,points
St.Svithun videregående skole,Realfag,0,st,Vg2,2021,37.8,points
St.Svithun videregående skole,Realfag,0,st,Vg2,2022,38.9,points
St.Svithun videregående skole,Realfag,0,st,Vg2,2023,,open
St.Svithun videregående skole,Realfag,0,st,Vg2,2024,,open
St.Svithun videregående skole,Realfag,0,st,Vg2,2025,43.0,points
St.Svithun videregående skole,"Realfag, toppidrett",0,idrett,Vg2,2018,,documentation
St.Svithun videregående skole,"Realfag, toppidrett",0,idrett,Vg2,2019,,documentation
St.Svithun videregående skole,"Realfag, toppidrett",0,idrett,Vg2,2020,,documentation
St.Svithun videregående skole,"Realfag, toppidrett",0,idrett,Vg2,2021,,documentation
St.Svithun videregående skole,"Realfag, toppidrett",0,idrett,Vg2,2022,,documentation
St.Svithun videregående skole,"Realfag, toppidrett",0,idrett,Vg2,2023,,documentation
St.Svithun videregående skole,"Realfag, toppidrett",0,idrett,Vg2,2024,,documentation
St.Svithun videregående skole,"Realfag, toppidrett",0,idrett,Vg2,2025,,documentation
St.Svithun videregående skole,"Språk, samfunn og økonomi",0,st,Vg2,2018,,open
St.Svithun videregående skole,"Språk, samfunn og økonomi",0,st,Vg2,2019,35.0,points
St.Svithun videregående skole,"Språk, samfunn og økonomi",0,st,Vg2,2020,38.8,points
St.Svithun videregående skole,"Språk, samfunn og økonomi",0,st,Vg2,2021,33.3,points
St.Svithun videregående skole,"Språk, samfunn og økonomi",0,st,Vg2,2022,36.0,points
St.Svithun videregående skole,"Språk, samfunn og økonomi",0,st,Vg2,2023,38.8,points
St.Svithun videregående skole,"Språk, samfunn og økonomi",0,st,Vg2,2024,32.2,points
St.Svithun videregående skole,"Språk, samfunn og økonomi",0,st,Vg2,2025,30.0,points
St.Svithun videregående skole,"Språk, samfunn og økonomi, toppidrett",0,idrett,Vg2,2018,,documentation
St.Svithun videregående skole,"Språk, samfunn og økonomi, toppidrett",0,idrett,Vg2,2019,,documentation
St.Svithun videregående skole,"Språk, samfunn og økonomi, toppidrett",0,idrett,Vg2,2020,,documentation
St.Svithun videregående skole,"Språk, samfunn og økonomi, toppidrett",0,idrett,Vg2,2021,,documentation
St.Svithun videregående skole,"Språk, samfunn og økonomi, toppidrett",0,idrett,Vg2,2022,,documentation
St.Svithun videregående skole,"Språk, samfunnsfag og økonomi, toppidrett",0,idrett,Vg2,2021,,documentation
St.Svithun videregående skole,"Språk, samfunnsfag og økonomi, toppidrett",0,idrett,Vg2,2022,,documentation
St.Svithun videregående skole,"Språk, samfunnsfag og økonomi, toppidrett",0,idrett,Vg2,2023,,documentation
St.Svithun videregående skole,"Språk, samfunnsfag og økonomi, toppidrett",0,idrett,Vg2,2024,,documentation
St.Svithun videregående skole,"Språk, samfunnsfag og økonomi, toppidrett",0,idrett,Vg2,2025,,documentation
St.Svithun videregående skole,Idrettsfag,2,idrett,Vg3,2018,,priority
St.Svithun videregående skole,Idrettsfag,2,idrett,Vg3,2019,,priority
St.Svithun videregående skole,Idrettsfag,2,idrett,Vg3,2020,,priority
St.Svithun videregående skole,Idrettsfag,2,idrett,Vg3,2021,,priority
St.Svithun videregående skole,Idrettsfag,2,idrett,Vg3,2022,,priority
St.Svithun videregående skole,Idrettsfag,2,idrett,Vg3,2023,,priority
St.Svithun videregående skole,Idrettsfag,2,idrett,Vg3,2024,,priority
St.Svithun videregående skole,Idrettsfag,2,idrett,Vg3,2025,,priority
St.Svithun videregående skole,Realfag,1,st,Vg3,2018,,priority
St.Svithun videregående skole,Realfag,1,st,Vg3,2019,,priority
St.Svithun videregående skole,Realfag,1,st,Vg3,2020,,priority
St.Svithun videregående skole,Realfag,1,st,Vg3,2021,,priority
St.Svithun videregående skole,Realfag,1,st,Vg3,2022,,priority
St.Svithun videregående skole,Realfag,1,st,Vg3,2023,,priority
St.Svithun videregående skole,Realfag,1,st,Vg3,2024,,priority
St.Svithun videregående skole,Realfag,1,st,Vg3,2025,,priority
St.Svithun videregående skole,"Realfag, toppidrett",1,idrett,Vg3,2018,,documentation
St.Svithun videregående skole,"Realfag, toppidrett",1,idrett,Vg3,2019,,documentation
St.Svithun videregående skole,"Realfag, toppidrett",1,idrett,Vg3,2020,,documentation
St.Svithun videregående skole,"Realfag, toppidrett",1,idrett,Vg3,2021,,documentation
St.Svithun videregående skole,"Realfag, toppidrett",1,idrett,Vg3,2022,,documentation
St.Svithun videregående skole,"Realfag, toppidrett",1,idrett,Vg3,2023,,documentation
St.Svithun videregående skole,"Realfag, toppidrett",1,idrett,Vg3,2024,,documentation
St.Svithun videregående skole,"Realfag, toppidrett",1,idrett,Vg3,2025,,documentation
St.Svithun videregående skole,"Språk, samfunn og økonomi",1,st,Vg3,2018,,priority
St.Svithun videregående skole,"Språk, samfunn og økonomi",1,st,Vg3,2019,,priority
St.Svithun videregående skole,"Språk, samfunn og økonomi",1,st,Vg3,2020,,priority
St.Svithun videregående skole,"Språk, samfunn og økonomi",1,st,Vg3,2021,,priority
St.Svithun videregående skole,"Språk, samfunn og økonomi",1,st,Vg3,2022,,priority
St.Svithun videregående skole,"Språk, samfunn og økonomi",1,st,Vg3,2023,,priority
St.Svithun videregående skole,"Språk, samfunn og økonomi",1,st,Vg3,2024,,priority
St.Svithun videregående skole,"Språk, samfunn og økonomi",1,st,Vg3,2025,,priority
St.Svithun videregående skole,"Språk, samfunn og økonomi, toppidrett",1,idrett,Vg3,2018,,documentation
St.Svithun videregående skole,"Språk, samfunn og økonomi, toppidrett",1,idrett,Vg3,2019,,documentation
St.Svithun videregående skole,"Språk, samfunn og økonomi, toppidrett",1,idrett,Vg3,2020,,documentation
St.Svithun videregående skole,"Språk, samfunn og økonomi, toppidrett",1,idrett,Vg3,2021,,documentation
St.Svithun videregående skole,"Språk, samfunn og økonomi, toppidrett",1,idrett,Vg3,2022,,documentation
St.Svithun videregående skole,"Språk, samfunn og økonomi, toppidrett",1,idrett,Vg3,2023,,documentation
St.Svithun videregående skole,"Språk, samfunn og økonomi, toppidrett",1,idrett,Vg3,2024,,documentation
St.Svithun videregående skole,"Språk, samfunn og økonomi, toppidrett",1,idrett,Vg3,2025,,documentation
Stavanger Katedralskole,Dans,0,mdd,Vg1,2018,42.1,points
Stavanger Katedralskole,Dans,0,mdd,Vg1,2019,39.6,points
Stavanger Katedralskole,Dans,0,mdd,Vg1,2020,46.4,points
Stavanger Katedralskole,Dans,0,mdd,Vg1,2021,40.7,points
Stavanger Katedralskole,Dans,0,mdd,Vg1,2022,29.3,points
Stavanger Katedralskole,Dans,0,mdd,Vg1,2023,50.6,points
Stavanger Katedralskole,Dans,0,mdd,Vg1,2024,40.8,points
Stavanger Katedralskole,Dans,0,mdd,Vg1,2025,40.0,points
Stavanger Katedralskole,Drama,0,mdd,Vg1,2018,41.5,points
Stavanger Katedralskole,Drama,0,mdd,Vg1,2019,42.1,points
Stavanger Katedralskole,Drama,0,mdd,Vg1,2020,40.3,points
Stavanger Katedralskole,Drama,0,mdd,Vg1,2021,44.9,points
Stavanger Katedralskole,Drama,0,mdd,Vg1,2022,44.3,points
Stavanger Katedralskole,Drama,0,mdd,Vg1,2023,49.1,points
Stavanger Katedralskole,Drama,0,mdd,Vg1,2024,,open
Stavanger Katedralskole,Drama,0,mdd,Vg1,2025,40.3,points
Stavanger Katedralskole,Musikk,0,mdd,Vg1,2018,45.0,points
Stavanger Katedralskole,Musikk,0,mdd,Vg1,2019,45.0,points
Stavanger Katedralskole,Musikk,0,mdd,Vg1,2020,49.7,points
Stavanger Katedralskole,Musikk,0,mdd,Vg1,2021,,open
Stavanger Katedralskole,Musikk,0,mdd,Vg1,2022,46.7,points
Stavanger Katedralskole,Musikk,0,mdd,Vg1,2023,45.0,points
Stavanger Katedralskole,Musikk,0,mdd,Vg1,2024,44.3,points
Stavanger Katedralskole,Musikk,0,mdd,Vg1,2025,47.8,points
Stavanger Katedralskole,Studiespesialisering,0,st,Vg1,2018,42.4,points
Stavanger Katedralskole,Studiespesialisering,0,st,Vg1,2019,42.4,points
Stavanger Katedralskole,Studiespesialisering,0,st,Vg1,2020,,open
Stavanger Katedralskole,Studiespesialisering,0,st,Vg1,2021,43.3,points
Stavanger Katedralskole,Studiespesialisering,0,st,Vg1,2022,38.3,points
Stavanger Katedralskole,Studiespesialisering,0,st,Vg1,2023,33.5,points
Stavanger Katedralskole,Studiespesialisering,0,st,Vg1,2024,,open
Stavanger Katedralskole,Studiespesialisering,0,st,Vg1,2025,,open
Stavanger Katedralskole,Dans,1,mdd,Vg2,2018,,open
Stavanger Katedralskole,Dans,1,mdd,Vg2,2019,,open
Stavanger Katedralskole,Dans,1,mdd,Vg2,2020,,open
Stavanger Katedralskole,Dans,1,mdd,Vg2,2021,,open
Stavanger Katedralskole,Dans,1,mdd,Vg2,2022,,open
Stavanger Katedralskole,Dans,1,mdd,Vg2,2023,,open
Stavanger Katedralskole,Dans,1,mdd,Vg2,2024,,open
Stavanger Katedralskole,Dans,1,mdd,Vg2,2025,,open
Stavanger Katedralskole,Drama,1,mdd,Vg2,2018,,open
Stavanger Katedralskole,Drama,1,mdd,Vg2,2019,,open
Stavanger Katedralskole,Drama,1,mdd,Vg2,2020,,open
Stavanger Katedralskole,Drama,1,mdd,Vg2,2021,,open
Stavanger Katedralskole,Drama,1,mdd,Vg2,2022,,open
Stavanger Katedralskole,Drama,1,mdd,Vg2,2023,,open
Stavanger Katedralskole,Drama,1,mdd,Vg2,2024,,open
Stavanger Katedralskole,Drama,1,mdd,Vg2,2025,,open
Stavanger Katedralskole,Musikk,1,mdd,Vg2,2018,,open
Stavanger Katedralskole,Musikk,1,mdd,Vg2,2019,,open
Stavanger Katedralskole,Musikk,1,mdd,Vg2,2020,,open
Stavanger Katedralskole,Musikk,1,mdd,Vg2,2021,,open
Stavanger Katedralskole,Musikk,1,mdd,Vg2,2022,,open
Stavanger Katedralskole,Musikk,1,mdd,Vg2,2023,,open
Stavanger Katedralskole,Musikk,1,mdd,Vg2,2024,,open
Stavanger Katedralskole,Musikk,1,mdd,Vg2,2025,,open
Stavanger Katedralskole,Realfag,0,st,Vg2,2018,40.0,points
Stavanger Katedralskole,Realfag,0,st,Vg2,2019,26.7,points
Stavanger Katedralskole,Realfag,0,st,Vg2,2020,37.0,points
Stavanger Katedralskole,Realfag,0,st,Vg2,2021,,open
Stavanger Katedralskole,Realfag,0,st,Vg2,2022,,open
Stavanger Katedralskole,Realfag,0,st,Vg2,2023,,open
Stavanger Katedralskole,Realfag,0,st,Vg2,2024,,open
Stavanger Katedralskole,Realfag,0,st,Vg2,2025,34.4,points
Stavanger Katedralskole,"Språk, samfunn og økonomi",0,st,Vg2,2018,36.0,points
Stavanger Katedralskole,"Språk, samfunn og økonomi",0,st,Vg2,2019,43.0,points
Stavanger Katedralskole,"Språk, samfunn og økonomi",0,st,Vg2,2020,43.0,points
Stavanger Katedralskole,"Språk, samfunn og økonomi",0,st,Vg2,2021,33.3,points
Stavanger Katedralskole,"Språk, samfunn og økonomi",0,st,Vg2,2022,42.2,points
Stavanger Katedralskole,"Språk, samfunn og økonomi",0,st,Vg2,2023,36.7,points
Stavanger Katedralskole,"Språk, samfunn og økonomi",0,st,Vg2,2024,36.7,points
Stavanger Katedralskole,"Språk, samfunn og økonomi",0,st,Vg2,2025,30.0,points
Stavanger Katedralskole,Dans,2,mdd,Vg3,2018,,priority
Stavanger Katedralskole,Dans,2,mdd,Vg3,2019,,priority
Stavanger Katedralskole,Dans,2,mdd,Vg3,2020,,priority
Stavanger Katedralskole,Dans,2,mdd,Vg3,2021,,priority
Stavanger Katedralskole,Dans,2,mdd,Vg3,2022,,priority
Stavanger Katedralskole,Dans,2,mdd,Vg3,2023,,priority
Stavanger Katedralskole,Dans,2,mdd,Vg3,2024,,priority
Stavanger Katedralskole,Dans,2,mdd,Vg3,2025,,priority
Stavanger Katedralskole,Drama,2,mdd,Vg3,2018,,priority
Stavanger Katedralskole,Drama,2,mdd,Vg3,2019,,priority
Stavanger Katedralskole,Drama,2,mdd,Vg3,2020,,priority
Stavanger Katedralskole,Drama,2,mdd,Vg3,2021,,priority
Stavanger Katedralskole,Drama,2,mdd,Vg3,2022,,priority
Stavanger Katedralskole,Drama,2,mdd,Vg3,2023,,priority
Stavanger Katedralskole,Drama,2,mdd,Vg3,2024,,priority
Stavanger Katedralskole,Drama,2,mdd,Vg3,2025,,priority
Stavanger Katedralskole,Musikk,2,mdd,Vg3,2018,,priority
Stavanger Katedralskole,Musikk,2,mdd,Vg3,2019,,priority
Stavanger Katedralskole,Musikk,2,mdd,Vg3,2020,,priority
Stavanger Katedralskole,Musikk,2,mdd,Vg3,2021,,priority
Stavanger Katedralskole,Musikk,2,mdd,Vg3,2022,,priority
Stavanger Katedralskole,Musikk,2,mdd,Vg3,2023,,priority
Stavanger Katedralskole,Musikk,2,mdd,Vg3,2024,,priority
Stavanger Katedralskole,Musikk,2,mdd,Vg3,2025,,priority
Stavanger Katedralskole,Realfag,1,st,Vg3,2018,,priority
Stavanger Katedralskole,Realfag,1,st,Vg3,2019,,priority
Stavanger Katedralskole,Realfag,1,st,Vg3,2020,,priority
Stavanger Katedralskole,Realfag,1,st,Vg3,2021,,priority
Stavanger Katedralskole,Realfag,1,st,Vg3,2022,,priority
Stavanger Katedralskole,Realfag,1,st,Vg3,2023,,priority
Stavanger Katedralskole,Realfag,1,st,Vg3,2024,,priority
Stavanger Katedralskole,Realfag,1,st,Vg3,2025,,priority
Stavanger Katedralskole,"Språk, samfunn og økonomi",1,st,Vg3,2018,,priority
Stavanger Katedralskole,"Språk, samfunn og økonomi",1,st,Vg3,2019,,priority
Stavanger Katedralskole,"Språk, samfunn og økonomi",1,st,Vg3,2020,,priority
Stavanger Katedralskole,"Språk, samfunn og økonomi",1,st,Vg3,2021,,priority
Stavanger Katedralskole,"Språk, samfunn og økonomi",1,st,Vg3,2022,,priority
Stavanger Katedralskole,"Språk, samfunn og økonomi",1,st,Vg3,2023,,priority
Stavanger Katedralskole,"Språk, samfunn og økonomi",1,st,Vg3,2024,,priority
Stavanger Katedralskole,"Språk, samfunn og økonomi",1,st,Vg3,2025,,priority
Stavanger Offshore Tekniske skole,Teknikk og industriell produksjon,0,tip,Vg1,2018,36.3,points
Stavanger Offshore Tekniske skole,Teknikk og industriell produksjon,0,tip,Vg1,2019,36.7,points
Stavanger Offshore Tekniske skole,Teknologi- og industrifag,0,tip,Vg1,2019,36.7,points
Stavanger Offshore Tekniske skole,Teknologi- og industrifag,0,tip,Vg1,2020,39.0,points
Stavanger Offshore Tekniske skole,Teknologi- og industrifag,0,tip,Vg1,2021,35.9,points
Stavanger Offshore Tekniske skole,Teknologi- og industrifag,0,tip,Vg1,2022,38.7,points
Stavanger Offshore Tekniske skole,Teknologi- og industrifag,0,tip,Vg1,2023,,discontinued
Stavanger Offshore Tekniske skole,Brønnteknikk,0,tip,Vg2,2018,30.0,points
Stavanger Offshore Tekniske skole,Brønnteknikk,0,tip,Vg2,2019,34.4,points
Stavanger Offshore Tekniske skole,Brønnteknikk,0,tip,Vg2,2020,38.9,points
Stavanger Offshore Tekniske skole,Brønnteknikk,0,tip,Vg2,2021,38.8,points
Stavanger Offshore Tekniske skole,Brønnteknikk,0,tip,Vg2,2022,37.5,points
Stavanger Offshore Tekniske skole,Brønnteknikk,0,tip,Vg2,2023,,discontinued
Stavanger Offshore Tekniske skole,Kjemiprosess,0,tip,Vg2,2018,28.9,points
Stavanger Offshore Tekniske skole,Kjemiprosess,0,tip,Vg2,2019,37.0,points
Stavanger Offshore Tekniske skole,Kjemiprosess- og laboratoriefag,0,tip,Vg2,2019,37.0,points
Stavanger Offshore Tekniske skole,Kjemiprosess- og laboratoriefag,0,tip,Vg2,2020,36.7,points
Stavanger Offshore Tekniske skole,Kjemiprosess- og laboratoriefag,0,tip,Vg2,2021,38.8,points
Stavanger Offshore Tekniske skole,Kjemiprosess- og laboratoriefag,0,tip,Vg2,2022,32.5,points
Stavanger Offshore Tekniske skole,Kjemiprosess- og laboratoriefag,0,tip,Vg2,2023,,discontinued
Stavanger Offshore Tekniske skole,Laboratoriefag,0,tip,Vg2,2018,,open
Stavanger Offshore Tekniske skole,Laboratoriefag,0,tip,Vg2,2019,,discontinued
Strand videregående skole,Elektro og datateknologi,0,elektro,Vg1,2019,,open
Strand videregående skole,Elektro og datateknologi,0,elektro,Vg1,2020,,open
Strand videregående skole,Elektro og datateknologi,0,elektro,Vg1,2021,,open
Strand videregående skole,Elektro og datateknologi,0,elektro,Vg1,2022,36.2,points
Strand videregående skole,Elektro og datateknologi,0,elektro,Vg1,2023,36.3,points
Strand videregående skole,Elektro og datateknologi,0,elektro,Vg1,2024,31.8,points
Strand videregående skole,Elektro og datateknologi,0,elektro,Vg1,2025,34.1,points
Strand videregående skole,Elektrofag,0,elektro,Vg1,2018,20.0,points
Strand videregående skole,Elektrofag,0,elektro,Vg1,2019,,open
Strand videregående skole,Helse- og oppvekstfag,0,helse,Vg1,2018,26.1,points
Strand videregående skole,Helse- og oppvekstfag,0,helse,Vg1,2019,,open
Strand videregående skole,Helse- og oppvekstfag,0,helse,Vg1,2020,,open
Strand videregående skole,Helse- og oppvekstfag,0,helse,Vg1,2021,35.0,points
Strand videregående skole,Helse- og oppvekstfag,0,helse,Vg1,2022,,open
Strand videregående skole,Helse- og oppvekstfag,0,helse,Vg1,2023,,open
Strand videregående skole,Helse- og oppvekstfag,0,helse,Vg1,2024,29.1,points
Strand videregående skole,Helse- og oppvekstfag,0,helse,Vg1,2025,33.8,points
Strand videregående skole,Idrettsfag,0,idrett,Vg1,2018,,open
Strand videregående skole,Idrettsfag,0,idrett,Vg1,2019,,open
Strand videregående skole,Idrettsfag,0,idrett,Vg1,2020,40.7,points
Strand videregående skole,Idrettsfag,0,idrett,Vg1,2021,,open
Strand videregående skole,Idrettsfag,0,idrett,Vg1,2022,27.8,points
Strand videregående skole,Idrettsfag,0,idrett,Vg1,2023,,open
Strand videregående skole,Idrettsfag,0,idrett,Vg1,2024,,open
Strand videregående skole,Idrettsfag,0,idrett,Vg1,2025,41.3,points
Strand videregående skole,Naturbruk,0,nat,Vg1,2018,27.8,points
Strand videregående skole,Naturbruk,0,nat,Vg1,2019,26.9,points
Strand videregående skole,Naturbruk,0,nat,Vg1,2020,25.9,points
Strand videregående skole,Naturbruk,0,nat,Vg1,2021,27.3,points
Strand videregående skole,Naturbruk,0,nat,Vg1,2022,29.6,points
Strand videregående skole,Naturbruk,0,nat,Vg1,2023,39.1,points
Strand videregående skole,Naturbruk,0,nat,Vg1,2024,35.0,points
Strand videregående skole,Naturbruk,0,nat,Vg1,2025,34.0,points
Strand videregående skole,"Salg, service og reiseliv",0,sr,Vg1,2020,21.8,points
Strand videregående skole,"Salg, service og reiseliv",0,sr,Vg1,2021,28.3,points
Strand videregående skole,"Salg, service og reiseliv",0,sr,Vg1,2022,,open
Strand videregående skole,"Salg, service og reiseliv",0,sr,Vg1,2023,,open
Strand videregående skole,"Salg, service og reiseliv",0,sr,Vg1,2024,28.3,points
Strand videregående skole,"Salg, service og reiseliv",0,sr,Vg1,2025,35.0,points
Strand videregående skole,Service og samferdsel,0,sr,Vg1,2018,26.1,points
Strand videregående skole,Service og samferdsel,0,sr,Vg1,2019,25.0,points
Strand videregående skole,Service og samferdsel,0,sr,Vg1,2020,,discontinued
Strand videregående skole,Service og samferdsel,0,sr,Vg1,2021,,discontinued
Strand videregående skole,Studiespesialisering,0,st,Vg1,2018,,open
Strand videregående skole,Studiespesialisering,0,st,Vg1,2019,,open
Strand videregående skole,Studiespesialisering,0,st,Vg1,2020,,open
Strand videregående skole,Studiespesialisering,0,st,Vg1,2021,,open
Strand videregående skole,Studiespesialisering,0,st,Vg1,2022,,open
Strand videregående skole,Studiespesialisering,0,st,Vg1,2023,,open
Strand videregående skole,Studiespesialisering,0,st,Vg1,2024,,open
Strand videregående skole,Studiespesialisering,0,st,Vg1,2025,40.0,points
Strand videregående skole,Teknikk og industriell produksjon,0,tip,Vg1,2018,,open
Strand videregående skole,Teknikk og industriell produksjon,0,tip,Vg1,2019,22.5,points
Strand videregående skole,Teknologi- og industrifag,0,tip,Vg1,2019,22.5,points
Strand videregående skole,Teknologi- og industrifag,0,tip,Vg1,2020,,open
Strand videregående skole,Teknologi- og industrifag,0,tip,Vg1,2021,22.4,points
Strand videregående skole,Teknologi- og industrifag,0,tip,Vg1,2022,34.3,points
Strand videregående skole,Teknologi- og industrifag,0,tip,Vg1,2023,33.6,points
Strand videregående skole,Teknologi- og industrifag,0,tip,Vg1,2024,29.4,points
Strand videregående skole,Teknologi- og industrifag,0,tip,Vg1,2025,34.4,points
Strand videregående skole,Akvakultur,0,nat,Vg2,2018,28.8,points
Strand videregående skole,Akvakultur,0,nat,Vg2,2019,28.8,points
Strand videregående skole,Akvakultur,0,nat,Vg2,2020,,open
Strand videregående skole,Akvakultur,0,nat,Vg2,2021,,open
Strand videregående skole,Akvakultur,0,nat,Vg2,2022,,open
Strand videregående skole,Akvakultur,0,nat,Vg2,2023,,open
Strand videregående skole,Akvakultur,0,nat,Vg2,2024,40.0,points
Strand videregående skole,Akvakultur,0,nat,Vg2,2025,41.4,points
Strand videregående skole,Automatisering,0,elektro,Vg2,2021,,open
Strand videregående skole,Automatisering,0,elektro,Vg2,2022,,open
Strand videregående skole,Automatisering,0,elektro,Vg2,2023,45.7,points
Strand videregående skole,Automatisering,0,elektro,Vg2,2024,31.3,points
Strand videregående skole,Automatisering,0,elektro,Vg2,2025,40.0,points
Strand videregående skole,Barne- og ungdomsarbeider,0,helse,Vg2,2018,,open
Strand videregående skole,Barne- og ungdomsarbeider,0,helse,Vg2,2019,,open
Strand videregående skole,Barne- og ungdomsarbeider,0,helse,Vg2,2020,,open
Strand videregående skole,Barne- og ungdomsarbeider,0,helse,Vg2,2021,,open
Strand videregående skole,Barne- og ungdomsarbeider,0,helse,Vg2,2022,31.3,points
Strand videregående skole,Barne- og ungdomsarbeider,0,helse,Vg2,2023,,open
Strand videregående skole,Barne- og ungdomsarbeider,0,helse,Vg2,2024,40.0,points
Strand videregående skole,Barne- og ungdomsarbeider,0,helse,Vg2,2025,,open
Strand videregående skole,Elenergi,0,elektro,Vg2,2018,,open
Strand videregående skole,Elenergi,0,elektro,Vg2,2019,27.8,points
Strand videregående skole,Elenergi og ekom,0,elektro,Vg2,2019,27.8,points
Strand videregående skole,Elenergi og ekom,0,elektro,Vg2,2020,32.2,points
Strand videregående skole,Elenergi og ekom,0,elektro,Vg2,2021,,open
Strand videregående skole,Elenergi og ekom,0,elektro,Vg2,2022,38.6,points
Strand videregående skole,Elenergi og ekom,0,elektro,Vg2,2023,,open
Strand videregående skole,Elenergi og ekom,0,elektro,Vg2,2024,32.9,points
Strand videregående skole,Elenergi og ekom,0,elektro,Vg2,2025,32.9,points
Strand videregående skole,Fiske og fangst,0,nat,Vg2,2018,,open
Strand videregående skole,Fiske og fangst,0,nat,Vg2,2019,28.8,points
Strand videregående skole,Fiske og fangst,0,nat,Vg2,2020,31.3,points
Strand videregående skole,Fiske og fangst,0,nat,Vg2,2021,35.7,points
Strand videregående skole,Fiske og fangst,0,nat,Vg2,2022,31.4,points
Strand videregående skole,Fiske og fangst,0,nat,Vg2,2023,30.0,points
Strand videregående skole,Fiske og fangst,0,nat,Vg2,2024,42.5,points
Strand videregående skole,Fiske og fangst,0,nat,Vg2,2025,44.3,points
Strand videregående skole,Helsearbeiderfag,0,helse,Vg2,2018,,open
Strand videregående skole,Helsearbeiderfag,0,helse,Vg2,2019,37.8,points
Strand videregående skole,Helsearbeiderfag,0,helse,Vg2,2020,,open
Strand videregående skole,Helsearbeiderfag,0,helse,Vg2,2021,36.3,points
Strand videregående skole,Helsearbeiderfag,0,helse,Vg2,2022,,open
Strand videregående skole,Helsearbeiderfag,0,helse,Vg2,2023,25.0,points
Strand videregående skole,Helsearbeiderfag,0,helse,Vg2,2024,,open
Strand videregående skole,Helsearbeiderfag,0,helse,Vg2,2025,,open
Strand videregående skole,Idrettsfag,1,idrett,Vg2,2018,,open
Strand videregående skole,Idrettsfag,1,idrett,Vg2,2019,,open
Strand videregående skole,Idrettsfag,1,idrett,Vg2,2020,,open
Strand videregående skole,Idrettsfag,1,idrett,Vg2,2021,,open
Strand videregående skole,Idrettsfag,1,idrett,Vg2,2022,,open
Strand videregående skole,Idrettsfag,1,idrett,Vg2,2023,32.0,points
Strand videregående skole,Idrettsfag,1,idrett,Vg2,2024,,open
Strand videregående skole,Industriteknologi,0,tip,Vg2,2018,,open
Strand videregående skole,Industriteknologi,0,tip,Vg2,2019,33.3,points
Strand videregående skole,Industriteknologi,0,tip,Vg2,2020,31.1,points
Strand videregående skole,Industriteknologi,0,tip,Vg2,2021,37.8,points
Strand videregående skole,Industriteknologi,0,tip,Vg2,2022,28.8,points
Strand videregående skole,Industriteknologi,0,tip,Vg2,2023,45.0,points
Strand videregående skole,Industriteknologi,0,tip,Vg2,2024,32.5,points
Strand videregående skole,Industriteknologi,0,tip,Vg2,2025,,open
Strand videregående skole,Realfag,0,st,Vg2,2018,,open
Strand videregående skole,Realfag,0,st,Vg2,2019,29.0,points
Strand videregående skole,Realfag,0,st,Vg2,2020,30.0,points
Strand videregående skole,Realfag,0,st,Vg2,2021,,open
Strand videregående skole,Realfag,0,st,Vg2,2022,,open
Strand videregående skole,Realfag,0,st,Vg2,2023,,open
Strand videregående skole,Realfag,0,st,Vg2,2024,,open
Strand videregående skole,Realfag,0,st,Vg2,2025,,open
Strand videregående skole,Salg og Reiseliv,0,sr,Vg2,2021,,open
Strand videregående skole,Salg og Reiseliv,0,sr,Vg2,2022,,open
Strand videregående skole,Salg og Reiseliv,0,sr,Vg2,2023,,open
Strand videregående skole,Salg og Reiseliv,0,sr,Vg2,2024,,open
Strand videregående skole,Salg og Reiseliv,0,sr,Vg2,2025,37.5,points
Strand videregående skole,"Salg, service og sikkerhet",0,sr,Vg2,2018,,open
Strand videregående skole,"Salg, service og sikkerhet",0,sr,Vg2,2019,,open
Strand videregående skole,"Salg, service og sikkerhet",0,sr,Vg2,2020,,open
Strand videregående skole,"Salg, service og sikkerhet",0,sr,Vg2,2021,,discontinued
Strand videregående skole,"Salg, service og sikkerhet",0,sr,Vg2,2022,,discontinued
Strand videregående skole,"Salg, service og sikkerhet",0,sr,Vg2,2023,,discontinued
Strand videregående skole,"Service, sikkerhet og administrasjon",0,sr,Vg2,2025,,open
Strand videregående skole,"Språk, samfunn og økonomi",0,st,Vg2,2018,,open
Strand videregående skole,"Språk, samfunn og økonomi",0,st,Vg2,2019,,open
Strand videregående skole,"Språk, samfunn og økonomi",0,st,Vg2,2020,,open
Strand videregående skole,"Språk, samfunn og økonomi",0,st,Vg2,2021,,open
Strand videregående skole,"Språk, samfunn og økonomi",0,st,Vg2,2022,28.8,points
Strand videregående skole,"Språk, samfunn og økonomi",0,st,Vg2,2023,,open
Strand videregående skole,"Språk, samfunn og økonomi",0,st,Vg2,2024,,open
Strand videregående skole,"Språk, samfunn og økonomi",0,st,Vg2,2025,35.0,points
Strand videregående skole,Idrettsfag,2,idrett,Vg3,2018,,priority
Strand videregående skole,Idrettsfag,2,idrett,Vg3,2019,,priority
Strand videregående skole,Idrettsfag,2,idrett,Vg3,2020,,priority
Strand videregående skole,Idrettsfag,2,idrett,Vg3,2021,,priority
Strand videregående skole,Idrettsfag,2,idrett,Vg3,2022,,priority
Strand videregående skole,Idrettsfag,2,idrett,Vg3,2023,,priority
Strand videregående skole,Idrettsfag,2,idrett,Vg3,2024,,priority
Strand videregående skole,Idrettsfag,2,idrett,Vg3,2025,,priority
Strand videregående skole,Påbygg gen. Studiekompetanse,0,pb,Vg3,2022,48.6,points
Strand videregående skole,Påbygg gen. Studiekompetanse,0,pb,Vg3,2023,30.0,points
Strand videregående skole,Påbygg gen. Studiekompetanse,0,pb,Vg3,2024,41.4,points
Strand videregående skole,Påbygg gen. Studiekompetanse,0,pb,Vg3,2025,41.4,points
Strand videregående skole,Realfag,1,st,Vg3,2018,,priority
Strand videregående skole,Realfag,1,st,Vg3,2019,,priority
Strand videregående skole,Realfag,1,st,Vg3,2020,,priority
Strand videregående skole,Realfag,1,st,Vg3,2021,,priority
Strand videregående skole,Realfag,1,st,Vg3,2022,,priority
Strand videregående skole,Realfag,1,st,Vg3,2023,,priority
Strand videregående skole,Realfag,1,st,Vg3,2024,,priority
Strand videregående skole,Realfag,1,st,Vg3,2025,,priority
Strand videregående skole,"Språk, samfunn og økonomi",1,st,Vg3,2018,,priority
Strand videregående skole,"Språk, samfunn og økonomi",1,st,Vg3,2019,,priority
Strand videregående skole,"Språk, samfunn og økonomi",1,st,Vg3,2020,,priority
Strand videregående skole,"Språk, samfunn og økonomi",1,st,Vg3,2021,,priority
Strand videregående skole,"Språk, samfunn og økonomi",1,st,Vg3,2022,,priority
Strand videregående skole,"Språk, samfunn og økonomi",1,st,Vg3,2023,,priority
Strand videregående skole,"Språk, samfunn og økonomi",1,st,Vg3,2024,,priority
Strand videregående skole,"Språk, samfunn og økonomi",1,st,Vg3,2025,,priority
Strand videregående skole,Studieforberedende naturbruk,0,nat,Vg3,2019,,open
Strand videregående skole,Studieforberedende naturbruk,0,nat,Vg3,2020,,open
Strand videregående skole,Studieforberedende naturbruk,0,nat,Vg3,2021,,discontinued
Strand videregående skole,Studieforberedende naturbruk,0,nat,Vg3,2022,,open
Strand videregående skole,Studieforberedende naturbruk,0,nat,Vg3,2023,,open
Strand videregående skole,Studieforberedende naturbruk,0,nat,Vg3,2024,,open
Strand videregående skole,Studieforberedende naturbruk,0,nat,Vg3,2025,,open
Vardafjell videregående skole,Medier og kommunikasjon,0,mk,Vg1,2018,37.6,points
Vardafjell videregående skole,Medier og kommunikasjon,0,mk,Vg1,2019,20.0,points
Vardafjell videregående skole,Medier og kommunikasjon,0,mk,Vg1,2020,23.8,points
Vardafjell videregående skole,Medier og kommunikasjon,0,mk,Vg1,2021,,open
Vardafjell videregående skole,Medier og kommunikasjon,0,mk,Vg1,2022,,open
Vardafjell videregående skole,Medier og kommunikasjon,0,mk,Vg1,2023,,open
Vardafjell videregående skole,Medier og kommunikasjon,0,mk,Vg1,2024,,open
Vardafjell videregående skole,Medier og kommunikasjon,0,mk,Vg1,2025,,open
Vardafjell videregående skole,Studiespesialisering,0,st,Vg1,2018,,open
Vardafjell videregående skole,Studiespesialisering,0,st,Vg1,2019,,open
Vardafjell videregående skole,Studiespesialisering,0,st,Vg1,2020,,open
Vardafjell videregående skole,Studiespesialisering,0,st,Vg1,2021,,open
Vardafjell videregående skole,Studiespesialisering,0,st,Vg1,2022,37.9,points
Vardafjell videregående skole,Studiespesialisering,0,st,Vg1,2023,41.3,points
Vardafjell videregående skole,Studiespesialisering,0,st,Vg1,2024,,open
Vardafjell videregående skole,Studiespesialisering,0,st,Vg1,2025,41.9,points
Vardafjell videregående skole,"International baccalaureate, IB",0,st,Vg2,2018,,documentation
Vardafjell videregående skole,"International baccalaureate, IB",0,st,Vg2,2019,,documentation
Vardafjell videregående skole,"International baccalaureate, IB",0,st,Vg2,2020,,documentation
Vardafjell videregående skole,"International baccalaureate, IB",0,st,Vg2,2021,,documentation
Vardafjell videregående skole,"International baccalaureate, IB",0,st,Vg2,2022,,documentation
Vardafjell videregående skole,"International baccalaureate, IB",0,st,Vg2,2023,,documentation
Vardafjell videregående skole,"International baccalaureate, IB",0,st,Vg2,2024,,documentation
Vardafjell videregående skole,Medier og kommunikasjon,1,mk,Vg2,2018,31.3,points
Vardafjell videregående skole,Medier og kommunikasjon,1,mk,Vg2,2019,,open
Vardafjell videregående skole,Medier og kommunikasjon,1,mk,Vg2,2020,,open
Vardafjell videregående skole,Medier og kommunikasjon,1,mk,Vg2,2021,,open
Vardafjell videregående skole,Medier og kommunikasjon,1,mk,Vg2,2022,,open
Vardafjell videregående skole,Medier og kommunikasjon,1,mk,Vg2,2023,,open
Vardafjell videregående skole,Medier og kommunikasjon,1,mk,Vg2,2024,,open
Vardafjell videregående skole,Medier og kommunikasjon,1,mk,Vg2,2025,,open
Vardafjell videregående skole,Realfag,0,st,Vg2,2018,31.1,points
Vardafjell videregående skole,Realfag,0,st,Vg2,2019,24.0,points
Vardafjell videregående skole,Realfag,0,st,Vg2,2020,,open
Vardafjell videregående skole,Realfag,0,st,Vg2,2021,37.8,points
Vardafjell videregående skole,Realfag,0,st,Vg2,2022,,open
Vardafjell videregående skole,Realfag,0,st,Vg2,2023,28.0,points
Vardafjell videregående skole,Realfag,0,st,Vg2,2024,40.0,points
Vardafjell videregående skole,Realfag,0,st,Vg2,2025,40.0,points
Vardafjell videregående skole,"Språk, samfunn og økonomi",0,st,Vg2,2018,30.0,points
Vardafjell videregående skole,"Språk, samfunn og økonomi",0,st,Vg2,2019,28.0,points
Vardafjell videregående skole,"Språk, samfunn og økonomi",0,st,Vg2,2020,23.3,points
Vardafjell videregående skole,"Språk, samfunn og økonomi",0,st,Vg2,2021,32.0,points
Vardafjell videregående skole,"Språk, samfunn og økonomi",0,st,Vg2,2022,,open
Vardafjell videregående skole,"Språk, samfunn og økonomi",0,st,Vg2,2023,,open
Vardafjell videregående skole,"Språk, samfunn og økonomi",0,st,Vg2,2024,,open
Vardafjell videregående skole,"Språk, samfunn og økonomi",0,st,Vg2,2025,,open
Vardafjell videregående skole,"International baccalaureate, IB",1,st,Vg3,2018,,documentation
Vardafjell videregående skole,"International baccalaureate, IB",1,st,Vg3,2019,,documentation
Vardafjell videregående skole,"International baccalaureate, IB",1,st,Vg3,2020,,documentation
Vardafjell videregående skole,"International baccalaureate, IB",1,st,Vg3,2021,,documentation
Vardafjell videregående skole,"International baccalaureate, IB",1,st,Vg3,2022,,documentation
Vardafjell videregående skole,"International baccalaureate, IB",1,st,Vg3,2023,,documentation
Vardafjell videregående skole,"International baccalaureate, IB",1,st,Vg3,2024,,documentation
Vardafjell videregående skole,"International baccalaureate, IB",1,st,Vg3,2025,,documentation
Vardafjell videregående skole,Medier og kommunikasjon,2,mk,Vg3,2018,,priority
Vardafjell videregående skole,Medier og kommunikasjon,2,mk,Vg3,2019,,priority
Vardafjell videregående skole,Medier og kommunikasjon,2,mk,Vg3,2020,,priority
Vardafjell videregående skole,Medier og kommunikasjon,2,mk,Vg3,2021,,priority
Vardafjell videregående skole,Medier og kommunikasjon,2,mk,Vg3,2022,,priority
Vardafjell videregående skole,Medier og kommunikasjon,2,mk,Vg3,2023,,priority
Vardafjell videregående skole,Medier og kommunikasjon,2,mk,Vg3,2024,,priority
Vardafjell videregående skole,Medier og kommunikasjon,2,mk,Vg3,2025,,priority
Vardafjell videregående skole,Påbygg generell studiekompetanse,0,pb,Vg3,2019,21.7,points
Vardafjell videregående skole,Påbygg generell studiekompetanse,0,pb,Vg3,2020,28.8,points
Vardafjell videregående skole,Påbygg generell studiekompetanse,0,pb,Vg3,2021,30.0,points
Vardafjell videregående skole,Påbygg generell studiekompetanse,0,pb,Vg3,2022,36.3,points
Vardafjell videregående skole,Påbygg generell studiekompetanse,0,pb,Vg3,2023,,open
Vardafjell videregående skole,Påbygg generell studiekompetanse,0,pb,Vg3,2024,,open
Vardafjell videregående skole,Påbygg generell studiekompetanse,0,pb,Vg3,2025,,open
Vardafjell videregående skole,Realfag,1,st,Vg3,2018,,priority
Vardafjell videregående skole,Realfag,1,st,Vg3,2019,,priority
Vardafjell videregående skole,Realfag,1,st,Vg3,2020,,priority
Vardafjell videregående skole,Realfag,1,st,Vg3,2021,,priority
Vardafjell videregående skole,Realfag,1,st,Vg3,2022,,priority
Vardafjell videregående skole,Realfag,1,st,Vg3,2023,,priority
Vardafjell videregående skole,Realfag,1,st,Vg3,2024,,priority
Vardafjell videregående skole,Realfag,1,st,Vg3,2025,,priority
Vardafjell videregående skole,"Språk, samfunn og økonomi",1,st,Vg3,2018,,priority
Vardafjell videregående skole,"Språk, samfunn og økonomi",1,st,Vg3,2019,,priority
Vardafjell videregående skole,"Språk, samfunn og økonomi",1,st,Vg3,2020,,priority
Vardafjell videregående skole,"Språk, samfunn og økonomi",1,st,Vg3,2021,,priority
Vardafjell videregående skole,"Språk, samfunn og økonomi",1,st,Vg3,2022,,priority
Vardafjell videregående skole,"Språk, samfunn og økonomi",1,st,Vg3,2023,,priority
Vardafjell videregående skole,"Språk, samfunn og økonomi",1,st,Vg3,2024,,priority
Vardafjell videregående skole,"Språk, samfunn og økonomi",1,st,Vg3,2025,,priority
Vågen videregående skole,Dans,0,mdd,Vg1,2018,,open
Vågen videregående skole,Dans,0,mdd,Vg1,2019,39.6,points
Vågen videregående skole,Dans,0,mdd,Vg1,2020,40.3,points
Vågen videregående skole,Dans,0,mdd,Vg1,2021,32.1,points
Vågen videregående skole,Dans,0,mdd,Vg1,2022,,open
Vågen videregående skole,Dans,0,mdd,Vg1,2023,44.6,points
Vågen videregående skole,Dans,0,mdd,Vg1,2024,37.5,points
Vågen videregående skole,Dans,0,mdd,Vg1,2025,43.1,points
Vågen videregående skole,Design og håndverk,0,design,Vg1,2018,26.7,points
Vågen videregående skole,Design og håndverk,0,design,Vg1,2019,34.7,points
Vågen videregående skole,Design og håndverk,0,design,Vg1,2020,,discontinued
Vågen videregående skole,Design og håndverk,0,design,Vg1,2021,,discontinued
Vågen videregående skole,Drama,0,mdd,Vg1,2018,,open
Vågen videregående skole,Drama,0,mdd,Vg1,2019,,open
Vågen videregående skole,Drama,0,mdd,Vg1,2020,,open
Vågen videregående skole,Drama,0,mdd,Vg1,2021,,open
Vågen videregående skole,Drama,0,mdd,Vg1,2022,,open
Vågen videregående skole,Drama,0,mdd,Vg1,2023,39.3,points
Vågen videregående skole,Drama,0,mdd,Vg1,2024,36.3,points
Vågen videregående skole,Drama,0,mdd,Vg1,2025,,open
Vågen videregående skole,"Frisør, blomst, int, eksp.design",0,design,Vg1,2020,30.0,points
Vågen videregående skole,"Frisør, blomst, int, eksp.design",0,design,Vg1,2021,27.1,points
Vågen videregående skole,"Frisør, blomst, int, eksp.design",0,design,Vg1,2022,35.4,points
Vågen videregående skole,"Frisør, blomst, int, eksp.design",0,design,Vg1,2023,34.0,points
Vågen videregående skole,"Frisør, blomst, int, eksp.design",0,design,Vg1,2024,38.0,points
Vågen videregående skole,"Frisør, blomst, int, eksp.design",0,design,Vg1,2025,30.0,points
Vågen videregående skole,IT og medieproduksjon,0,im,Vg1,2019,27.8,points
Vågen videregående skole,IT og medieproduksjon,0,im,Vg1,2020,38.0,points
Vågen videregående skole,IT og medieproduksjon,0,im,Vg1,2021,37.7,points
Vågen videregående skole,IT og medieproduksjon,0,im,Vg1,2022,38.2,points
Vågen videregående skole,IT og medieproduksjon,0,im,Vg1,2023,33.3,points
Vågen videregående skole,IT og medieproduksjon,0,im,Vg1,2024,32.5,points
Vågen videregående skole,IT og medieproduksjon,0,im,Vg1,2025,27.9,points
Vågen videregående skole,"Kunst, design og arkitektur",0,kda,Vg1,2018,32.1,points
Vågen videregående skole,"Kunst, design og arkitektur",0,kda,Vg1,2019,32.1,points
Vågen videregående skole,"Kunst, design og arkitektur",0,kda,Vg1,2020,38.3,points
Vågen videregående skole,"Kunst, design og arkitektur",0,kda,Vg1,2021,39.7,points
Vågen videregående skole,"Kunst, design og arkitektur",0,kda,Vg1,2022,45.2,points
Vågen videregående skole,"Kunst, design og arkitektur",0,kda,Vg1,2023,44.3,points
Vågen videregående skole,"Kunst, design og arkitektur",0,kda,Vg1,2024,42.7,points
Vågen videregående skole,"Kunst, design og arkitektur",0,kda,Vg1,2025,39.3,points
Vågen videregående skole,Medieproduksjon,0,im,Vg1,2018,31.0,points
Vågen videregående skole,Medieproduksjon,0,im,Vg1,2019,27.8,points
Vågen videregående skole,Medier og kommunikasjon,0,mk,Vg1,2018,,open
Vågen videregående skole,Medier og kommunikasjon,0,mk,Vg1,2019,38.2,points
Vågen videregående skole,Medier og kommunikasjon,0,mk,Vg1,2020,40.0,points
Vågen videregående skole,Medier og kommunikasjon,0,mk,Vg1,2021,38.0,points
Vågen videregående skole,Medier og kommunikasjon,0,mk,Vg1,2022,46.4,points
Vågen videregående skole,Medier og kommunikasjon,0,mk,Vg1,2023,32.6,points
Vågen videregående skole,Medier og kommunikasjon,0,mk,Vg1,2024,40.3,points
Vågen videregående skole,Medier og kommunikasjon,0,mk,Vg1,2025,38.0,points
Vågen videregående skole,Musikk,0,mdd,Vg1,2018,40.9,points
Vågen videregående skole,Musikk,0,mdd,Vg1,2019,40.3,points
Vågen videregående skole,Musikk,0,mdd,Vg1,2020,44.3,points
Vågen videregående skole,Musikk,0,mdd,Vg1,2021,,open
Vågen videregående skole,Musikk,0,mdd,Vg1,2022,26.5,points
Vågen videregående skole,Musikk,0,mdd,Vg1,2023,39.3,points
Vågen videregående skole,Musikk,0,mdd,Vg1,2024,47.0,points
Vågen videregående skole,Musikk,0,mdd,Vg1,2025,41.7,points
Vågen videregående skole,Dans,1,mdd,Vg2,2018,,open
Vågen videregående skole,Dans,1,mdd,Vg2,2019,,open
Vågen videregående skole,Dans,1,mdd,Vg2,2020,,open
Vågen videregående skole,Dans,1,mdd,Vg2,2021,,open
Vågen videregående skole,Dans,1,mdd,Vg2,2022,,open
Vågen videregående skole,Dans,1,mdd,Vg2,2023,,open
Vågen videregående skole,Dans,1,mdd,Vg2,2024,,open
Vågen videregående skole,Dans,1,mdd,Vg2,2025,,open
Vågen videregående skole,Drama,1,mdd,Vg2,2018,,open
Vågen videregående skole,Drama,1,mdd,Vg2,2019,,open
Vågen videregående skole,Drama,1,mdd,Vg2,2020,,open
Vågen videregående skole,Drama,1,mdd,Vg2,2021,,open
Vågen videregående skole,Drama,1,mdd,Vg2,2022,,open
Vågen videregående skole,Drama,1,mdd,Vg2,2023,,open
Vågen videregående skole,Drama,1,mdd,Vg2,2024,,open
Vågen videregående skole,Drama,1,mdd,Vg2,2025,,open
Vågen videregående skole,Informasjonsteknologi,0,im,Vg2,2023,43.8,points
Vågen videregående skole,Informasjonsteknologi,0,im,Vg2,2024,37.5,points
Vågen videregående skole,Informasjonsteknologi,0,im,Vg2,2025,46.3,points
Vågen videregående skole,Interiør og eksponeringsdesign,0,design,Vg2,2021,,open
Vågen videregående skole,Interiør og eksponeringsdesign,0,design,Vg2,2022,,open
Vågen videregående skole,Interiør og eksponeringsdesign,0,design,Vg2,2023,25.7,points
Vågen videregående skole,Interiør og eksponeringsdesign,0,design,Vg2,2024,,open
Vågen videregående skole,Interiør og eksponeringsdesign,0,design,Vg2,2025,28.6,points
Vågen videregående skole,Interiør og eksponeringsdesign (Interiør og utstillingsdesign),0,design,Vg2,2019,,open
Vågen videregående skole,Interiør og eksponeringsdesign (Interiør og utstillingsdesign),0,design,Vg2,2020,,open
Vågen videregående skole,Interiør og eksponeringsdesign (Interiør og utstillingsdesign),0,design,Vg2,2021,,open
Vågen videregående skole,Interiør og eksponeringsdesign (Interiør og utstillingsdesign),0,design,Vg2,2022,,open
Vågen videregående skole,Interiør og utstillingsdesign,0,design,Vg2,2018,,open
Vågen videregående skole,Interiør og utstillingsdesign,0,design,Vg2,2019,,open
Vågen videregående skole,"Kunst, design og arkitektur",1,kda,Vg2,2018,,open
Vågen videregående skole,"Kunst, design og arkitektur",1,kda,Vg2,2019,,open
Vågen videregående skole,"Kunst, design og arkitektur",1,kda,Vg2,2020,,open
Vågen videregående skole,"Kunst, design og arkitektur",1,kda,Vg2,2021,,open
Vågen videregående skole,"Kunst, design og arkitektur",1,kda,Vg2,2022,,open
Vågen videregående skole,"Kunst, design og arkitektur",1,kda,Vg2,2023,,open
Vågen videregående skole,"Kunst, design og arkitektur",1,kda,Vg2,2024,30.0,points
Vågen videregående skole,"Kunst, design og arkitektur",1,kda,Vg2,2025,,open
Vågen videregående skole,Medieproduksjon,1,im,Vg2,2018,,open
Vågen videregående skole,Medieproduksjon,1,im,Vg2,2019,,open
Vågen videregående skole,Medieproduksjon,1,im,Vg2,2020,,open
Vågen videregående skole,Medieproduksjon,1,im,Vg2,2021,,open
Vågen videregående skole,Medieproduksjon,1,im,Vg2,2022,,open
Vågen videregående skole,Medieproduksjon,1,im,Vg2,2023,28.8,points
Vågen videregående skole,Medieproduksjon,1,im,Vg2,2024,,open
Vågen videregående skole,Medieproduksjon,1,im,Vg2,2025,,open
Vågen videregående skole,Medier og kommunikasjon,1,mk,Vg2,2018,,open
Vågen videregående skole,Medier og kommunikasjon,1,mk,Vg2,2019,,open
Vågen videregående skole,Medier og kommunikasjon,1,mk,Vg2,2020,,open
Vågen videregående skole,Medier og kommunikasjon,1,mk,Vg2,2021,,open
Vågen videregående skole,Medier og kommunikasjon,1,mk,Vg2,2022,,open
Vågen videregående skole,Medier og kommunikasjon,1,mk,Vg2,2023,38.9,points
Vågen videregående skole,Medier og kommunikasjon,1,mk,Vg2,2024,,open
Vågen videregående skole,Medier og kommunikasjon,1,mk,Vg2,2025,32.2,points
Vågen videregående skole,Musikk,1,mdd,Vg2,2018,,open
Vågen videregående skole,Musikk,1,mdd,Vg2,2019,,open
Vågen videregående skole,Musikk,1,mdd,Vg2,2020,,open
Vågen videregående skole,Musikk,1,mdd,Vg2,2021,,open
Vågen videregående skole,Musikk,1,mdd,Vg2,2022,,open
Vågen videregående skole,Musikk,1,mdd,Vg2,2023,,open
Vågen videregående skole,Musikk,1,mdd,Vg2,2024,,open
Vågen videregående skole,Musikk,1,mdd,Vg2,2025,,open
Vågen videregående skole,Dans,2,mdd,Vg3,2018,,priority
Vågen videregående skole,Dans,2,mdd,Vg3,2019,,priority
Vågen videregående skole,Dans,2,mdd,Vg3,2020,,priority
Vågen videregående skole,Dans,2,mdd,Vg3,2021,,priority
Vågen videregående skole,Dans,2,mdd,Vg3,2022,,priority
Vågen videregående skole,Dans,2,mdd,Vg3,2023,,priority
Vågen videregående skole,Dans,2,mdd,Vg3,2024,,priority
Vågen videregående skole,Dans,2,mdd,Vg3,2025,,priority
Vågen videregående skole,Drama,2,mdd,Vg3,2018,,priority
Vågen videregående skole,Drama,2,mdd,Vg3,2019,,priority
Vågen videregående skole,Drama,2,mdd,Vg3,2020,,priority
Vågen videregående skole,Drama,2,mdd,Vg3,2021,,priority
Vågen videregående skole,Drama,2,mdd,Vg3,2022,,priority
Vågen videregående skole,Drama,2,mdd,Vg3,2023,,priority
Vågen videregående skole,Drama,2,mdd,Vg3,2024,,priority
Vågen videregående skole,Drama,2,mdd,Vg3,2025,,priority
Vågen videregående skole,Eksponeringsdesign,0,design,Vg3,2022,,open
Vågen videregående skole,Eksponeringsdesign,0,design,Vg3,2023,,open
Vågen videregående skole,Eksponeringsdesign,0,design,Vg3,2024,,open
Vågen videregående skole,Eksponeringsdesign,0,design,Vg3,2025,,open
Vågen videregående skole,Interiør,0,design,Vg3,2018,,open
Vågen videregående skole,Interiør,0,design,Vg3,2019,,open
Vågen videregående skole,Interiør,0,design,Vg3,2020,,open
Vågen videregående skole,Interiør,0,design,Vg3,2021,,open
Vågen videregående skole,Interiør,0,design,Vg3,2022,,priority
Vågen videregående skole,Interiør,0,design,Vg3,2023,,open
Vågen videregående skole,Interiør,0,design,Vg3,2024,,open
Vågen videregående skole,Interiør,0,design,Vg3,2025,,open
Vågen videregående skole,"Kunst, design og arkitektur",2,kda,Vg3,2018,,priority
Vågen videregående skole,"Kunst, design og arkitektur",2,kda,Vg3,2019,,priority
Vågen videregående skole,"Kunst, design og arkitektur",2,kda,Vg3,2020,,priority
Vågen videregående skole,"Kunst, design og arkitektur",2,kda,Vg3,2021,,priority
Vågen videregående skole,"Kunst, design og arkitektur",2,kda,Vg3,2022,,open
Vågen videregående skole,"Kunst, design og arkitektur",2,kda,Vg3,2023,,priority
Vågen videregående skole,"Kunst, design og arkitektur",2,kda,Vg3,2024,,priority
Vågen videregående skole,"Kunst, design og arkitektur",2,kda,Vg3,2025,,priority
Vågen videregående skole,Mediedesign,0,mk,Vg3,2018,,open
Vågen videregående skole,Mediedesign,0,mk,Vg3,2019,,open
Vågen videregående skole,Mediedesign,0,mk,Vg3,2020,,open
Vågen videregående skole,Mediedesign,0,mk,Vg3,2021,,open
Vågen videregående skole,Mediedesign,0,mk,Vg3,2022,,open
Vågen videregående skole,Medier og kommunikasjon,2,mk,Vg3,2018,,priority
Vågen videregående skole,Medier og kommunikasjon,2,mk,Vg3,2019,,priority
Vågen videregående skole,Medier og kommunikasjon,2,mk,Vg3,2020,,priority
Vågen videregående skole,Medier og kommunikasjon,2,mk,Vg3,2021,,priority
Vågen videregående skole,Medier og kommunikasjon,2,mk,Vg3,2022,,priority
Vågen videregående skole,Medier og kommunikasjon,2,mk,Vg3,2023,,priority
Vågen videregående skole,Medier og kommunikasjon,2,mk,Vg3,2024,,priority
Vågen videregående skole,Medier og kommunikasjon,2,mk,Vg3,2025,,priority
Vågen videregående skole,Musikk,2,mdd,Vg3,2018,,priority
Vågen videregående skole,Musikk,2,mdd,Vg3,2019,,priority
Vågen videregående skole,Musikk,2,mdd,Vg3,2020,,priority
Vågen videregående skole,Musikk,2,mdd,Vg3,2021,,priority
Vågen videregående skole,Musikk,2,mdd,Vg3,2022,,priority
Vågen videregående skole,Musikk,2,mdd,Vg3,2023,,priority
Vågen videregående skole,Musikk,2,mdd,Vg3,2024,,priority
Vågen videregående skole,Musikk,2,mdd,Vg3,2025,,priority
Vågen videregående skole,Utstillingsdesign,0,design,Vg3,2018,,open
Vågen videregående skole,Utstillingsdesign,0,design,Vg3,2019,,open
Vågen videregående skole,Utstillingsdesign,0,design,Vg3,2020,,open
Vågen videregående skole,Utstillingsdesign,0,design,Vg3,2021,,open
Vågen videregående skole,Utstillingsdesign,0,design,Vg3,2022,,open
Åkrehamn vidaregåande skole,Bygg- og anleggsteknikk,0,bygg,Vg1,2018,,open
Åkrehamn vidaregåande skole,Bygg- og anleggsteknikk,0,bygg,Vg1,2019,,open
Åkrehamn vidaregåande skole,Bygg- og anleggsteknikk,0,bygg,Vg1,2020,,open
Åkrehamn vidaregåande skole,Bygg- og anleggsteknikk,0,bygg,Vg1,2021,,open
Åkrehamn vidaregåande skole,Bygg- og anleggsteknikk,0,bygg,Vg1,2022,18.3,points
Åkrehamn vidaregåande skole,Bygg- og anleggsteknikk,0,bygg,Vg1,2023,31.0,points
Åkrehamn vidaregåande skole,Bygg- og anleggsteknikk,0,bygg,Vg1,2024,29.3,points
Åkrehamn vidaregåande skole,Bygg- og anleggsteknikk,0,bygg,Vg1,2025,,open
Åkrehamn vidaregåande skole,Elektro og datateknologi,0,elektro,Vg1,2019,37.5,points
Åkrehamn vidaregåande skole,Elektro og datateknologi,0,elektro,Vg1,2020,31.7,points
Åkrehamn vidaregåande skole,Elektro og datateknologi,0,elektro,Vg1,2021,,open
Åkrehamn vidaregåande skole,Elektro og datateknologi,0,elektro,Vg1,2022,34.3,points
Åkrehamn vidaregåande skole,Elektro og datateknologi,0,elektro,Vg1,2023,36.9,points
Åkrehamn vidaregåande skole,Elektro og datateknologi,0,elektro,Vg1,2024,33.8,points
Åkrehamn vidaregåande skole,Elektro og datateknologi,0,elektro,Vg1,2025,34.4,points
Åkrehamn vidaregåande skole,Elektrofag,0,elektro,Vg1,2018,39.1,points
Åkrehamn vidaregåande skole,Elektrofag,0,elektro,Vg1,2019,37.5,points
Åkrehamn vidaregåande skole,Helse- og oppvekstfag,0,helse,Vg1,2018,20.0,points
Åkrehamn vidaregåande skole,Helse- og oppvekstfag,0,helse,Vg1,2019,22.5,points
Åkrehamn vidaregåande skole,Helse- og oppvekstfag,0,helse,Vg1,2020,,open
Åkrehamn vidaregåande skole,Helse- og oppvekstfag,0,helse,Vg1,2021,,open
Åkrehamn vidaregåande skole,Helse- og oppvekstfag,0,helse,Vg1,2022,24.3,points
Åkrehamn vidaregåande skole,Helse- og oppvekstfag,0,helse,Vg1,2023,31.3,points
Åkrehamn vidaregåande skole,Helse- og oppvekstfag,0,helse,Vg1,2024,,open
Åkrehamn vidaregåande skole,Helse- og oppvekstfag,0,helse,Vg1,2025,21.7,points
Åkrehamn vidaregåande skole,"Salg, service og reiseliv",0,sr,Vg1,2020,,open
Åkrehamn vidaregåande skole,"Salg, service og reiseliv",0,sr,Vg1,2021,,open
Åkrehamn vidaregåande skole,"Salg, service og reiseliv",0,sr,Vg1,2022,,open
Åkrehamn vidaregåande skole,"Salg, service og reiseliv",0,sr,Vg1,2023,24.6,points
Åkrehamn vidaregåande skole,"Salg, service og reiseliv",0,sr,Vg1,2024,26.3,points
Åkrehamn vidaregåande skole,"Salg, service og reiseliv",0,sr,Vg1,2025,21.3,points
Åkrehamn vidaregåande skole,Service og samferdsel,0,sr,Vg1,2018,24.4,points
Åkrehamn vidaregåande skole,Service og samferdsel,0,sr,Vg1,2019,22.5,points
Åkrehamn vidaregåande skole,Service og samferdsel,0,sr,Vg1,2020,,discontinued
Åkrehamn vidaregåande skole,Service og samferdsel,0,sr,Vg1,2021,,discontinued
Åkrehamn vidaregåande skole,Teknikk og industriell produksjon,0,tip,Vg1,2018,25.3,points
Åkrehamn vidaregåande skole,Teknikk og industriell produksjon,0,tip,Vg1,2019,31.0,points
Åkrehamn vidaregåande skole,Teknologi- og industrifag,0,tip,Vg1,2019,31.0,points
Åkrehamn vidaregåande skole,Teknologi- og industrifag,0,tip,Vg1,2020,26.3,points
Åkrehamn vidaregåande skole,Teknologi- og industrifag,0,tip,Vg1,2021,22.5,points
Åkrehamn vidaregåande skole,Teknologi- og industrifag,0,tip,Vg1,2022,32.1,points
Åkrehamn vidaregåande skole,Teknologi- og industrifag,0,tip,Vg1,2023,32.9,points
Åkrehamn vidaregåande skole,Teknologi- og industrifag,0,tip,Vg1,2024,34.1,points
Åkrehamn vidaregåande skole,Teknologi- og industrifag,0,tip,Vg1,2025,32.9,points
Åkrehamn vidaregåande skole,Automatisering,0,elektro,Vg2,2018,35.6,points
Åkrehamn vidaregåande skole,Automatisering,0,elektro,Vg2,2019,41.1,points
Åkrehamn vidaregåande skole,Automatisering,0,elektro,Vg2,2020,,open
Åkrehamn vidaregåande skole,Automatisering,0,elektro,Vg2,2021,40.0,points
Åkrehamn vidaregåande skole,Automatisering,0,elektro,Vg2,2022,31.0,points
Åkrehamn vidaregåande skole,Automatisering,0,elektro,Vg2,2023,41.3,points
Åkrehamn vidaregåande skole,Automatisering,0,elektro,Vg2,2024,35.0,points
Åkrehamn vidaregåande skole,Automatisering,0,elektro,Vg2,2025,44.3,points
Åkrehamn vidaregåande skole,Barne- og ungdomsarbeider,0,helse,Vg2,2018,,open
Åkrehamn vidaregåande skole,Barne- og ungdomsarbeider,0,helse,Vg2,2019,,open
Åkrehamn vidaregåande skole,Barne- og ungdomsarbeider,0,helse,Vg2,2020,35.6,points
Åkrehamn vidaregåande skole,Barne- og ungdomsarbeider,0,helse,Vg2,2021,,open
Åkrehamn vidaregåande skole,Barne- og ungdomsarbeider,0,helse,Vg2,2022,,open
Åkrehamn vidaregåande skole,Barne- og ungdomsarbeider,0,helse,Vg2,2023,,open
Åkrehamn vidaregåande skole,Barne- og ungdomsarbeider,0,helse,Vg2,2024,42.5,points
Åkrehamn vidaregåande skole,Barne- og ungdomsarbeider,0,helse,Vg2,2025,40.0,points
Åkrehamn vidaregåande skole,Byggteknikk,0,bygg,Vg2,2018,26.3,points
Åkrehamn vidaregåande skole,Byggteknikk,0,bygg,Vg2,2019,27.5,points
Åkrehamn vidaregåande skole,Byggteknikk,0,bygg,Vg2,2020,,open
Åkrehamn vidaregåande skole,Byggteknikk,0,bygg,Vg2,2021,,discontinued
Åkrehamn vidaregåande skole,Elenergi,0,elektro,Vg2,2018,,open
Åkrehamn vidaregåande skole,Elenergi,0,elektro,Vg2,2019,44.4,points
Åkrehamn vidaregåande skole,Elenergi og ekom,0,elektro,Vg2,2019,44.4,points
Åkrehamn vidaregåande skole,Elenergi og ekom,0,elektro,Vg2,2020,,open
Åkrehamn vidaregåande skole,Elenergi og ekom,0,elektro,Vg2,2021,44.3,points
Åkrehamn vidaregåande skole,Elenergi og ekom,0,elektro,Vg2,2022,32.9,points
Åkrehamn vidaregåande skole,Elenergi og ekom,0,elektro,Vg2,2023,35.0,points
Åkrehamn vidaregåande skole,Elenergi og ekom,0,elektro,Vg2,2024,,open
Åkrehamn vidaregåande skole,Elenergi og ekom,0,elektro,Vg2,2025,37.1,points
Åkrehamn vidaregåande skole,Helsearbeiderfag,0,helse,Vg2,2018,,open
Åkrehamn vidaregåande skole,Helsearbeiderfag,0,helse,Vg2,2019,,open
Åkrehamn vidaregåande skole,Helsearbeiderfag,0,helse,Vg2,2020,28.9,points
Åkrehamn vidaregåande skole,Helsearbeiderfag,0,helse,Vg2,2021,,open
Åkrehamn vidaregåande skole,Helsearbeiderfag,0,helse,Vg2,2022,,open
Åkrehamn vidaregåande skole,Helsearbeiderfag,0,helse,Vg2,2023,,open
Åkrehamn vidaregåande skole,Helsearbeiderfag,0,helse,Vg2,2024,33.3,points
Åkrehamn vidaregåande skole,Helsearbeiderfag,0,helse,Vg2,2025,40.0,points
Åkrehamn vidaregåande skole,Industriteknologi,0,tip,Vg2,2018,,open
Åkrehamn vidaregåande skole,Industriteknologi,0,tip,Vg2,2019,,open
Åkrehamn vidaregåande skole,Industriteknologi,0,tip,Vg2,2020,,open
Åkrehamn vidaregåande skole,Industriteknologi,0,tip,Vg2,2021,24.4,points
Åkrehamn vidaregåande skole,Industriteknologi,0,tip,Vg2,2022,23.8,points
Åkrehamn vidaregåande skole,Industriteknologi,0,tip,Vg2,2023,,open
Åkrehamn vidaregåande skole,Industriteknologi,0,tip,Vg2,2024,,open
Åkrehamn vidaregåande skole,Industriteknologi,0,tip,Vg2,2025,22.5,points
Åkrehamn vidaregåande skole,"Klima, energi – og miljøteknikk",0,bygg,Vg2,2018,,open
Åkrehamn vidaregåande skole,"Klima, energi – og miljøteknikk",0,bygg,Vg2,2019,20.0,points
Åkrehamn vidaregåande skole,"Klima, energi – og miljøteknikk",0,bygg,Vg2,2020,,open
Åkrehamn vidaregåande skole,"Klima, energi – og miljøteknikk",0,bygg,Vg2,2021,,discontinued
Åkrehamn vidaregåande skole,Rørlegger,0,bygg,Vg2,2021,,open
Åkrehamn vidaregåande skole,Rørlegger,0,bygg,Vg2,2022,,open
Åkrehamn vidaregåande skole,Rørlegger,0,bygg,Vg2,2023,25.7,points
Åkrehamn vidaregåande skole,Rørlegger,0,bygg,Vg2,2024,34.4,points
Åkrehamn vidaregåande skole,Rørlegger,0,bygg,Vg2,2025,26.3,points
Åkrehamn vidaregåande skole,Salg og Reiseliv,0,sr,Vg2,2021,,open
Åkrehamn vidaregåande skole,Salg og Reiseliv,0,sr,Vg2,2022,25.7,points
Åkrehamn vidaregåande skole,Salg og Reiseliv,0,sr,Vg2,2023,,open
Åkrehamn vidaregåande skole,Salg og Reiseliv,0,sr,Vg2,2024,,open
Åkrehamn vidaregåande skole,Salg og Reiseliv,0,sr,Vg2,2025,32.5,points
Åkrehamn vidaregåande skole,"Salg, service og sikkerhet",0,sr,Vg2,2018,,open
Åkrehamn vidaregåande skole,"Salg, service og sikkerhet",0,sr,Vg2,2019,,open
Åkrehamn vidaregåande skole,"Salg, service og sikkerhet",0,sr,Vg2,2020,27.8,points
Åkrehamn vidaregåande skole,"Salg, service og sikkerhet",0,sr,Vg2,2021,,discontinued
Åkrehamn vidaregåande skole,"Service, sikkerhet og administrasjon",0,sr,Vg2,2025,,open
Åkrehamn vidaregåande skole,Tømrer,0,bygg,Vg2,2021,,open
Åkrehamn vidaregåande skole,Tømrer,0,bygg,Vg2,2022,,open
Åkrehamn vidaregåande skole,Tømrer,0,bygg,Vg2,2023,,open
Åkrehamn vidaregåande skole,Tømrer,0,bygg,Vg2,2024,30.0,points
Åkrehamn vidaregåande skole,Tømrer,0,bygg,Vg2,2025,,open
Åkrehamn vidaregåande skole,"Service, sikkerhet og admin",0,sr,Vg2/Vg3,2023,,open
Åkrehamn vidaregåande skole,Tømrer,1,bygg,Vg2/Vg3,2021,,open
Åkrehamn vidaregåande skole,Tømrer,1,bygg,Vg2/Vg3,2022,,open
Åkrehamn vidaregåande skole,Tømrer,1,bygg,Vg2/Vg3,2023,,open
Åkrehamn vidaregåande skole,Automatiseringsfaget,0,elektro,Vg3,2018,40.0,points
Åkrehamn vidaregåande skole,Automatiseringsfaget,0,elektro,Vg3,2019,,open
Åkrehamn vidaregåande skole,Automatiseringsfaget,0,elektro,Vg3,2020,,open
Åkrehamn vidaregåande skole,Automatiseringsfaget,0,elektro,Vg3,2021,,open
Åkrehamn vidaregåande skole,Automatiseringsfaget,0,elektro,Vg3,2022,,open
Åkrehamn vidaregåande skole,Automatiseringsfaget,0,elektro,Vg3,2023,,open
Åkrehamn vidaregåande skole,Automatiseringsfaget,0,elektro,Vg3,2024,40.0,points
Åkrehamn vidaregåande skole,Automatiseringsfaget,0,elektro,Vg3,2025,37.1,points
Øksnevad vidaregåande skole,Naturbruk,0,nat,Vg1,2018,29.4,points
Øksnevad vidaregåande skole,Naturbruk,0,nat,Vg1,2019,28.6,points
Øksnevad vidaregåande skole,Naturbruk,0,nat,Vg1,2020,26.3,points
Øksnevad vidaregåande skole,Naturbruk,0,nat,Vg1,2021,28.2,points
Øksnevad vidaregåande skole,Naturbruk,0,nat,Vg1,2022,31.4,points
Øksnevad vidaregåande skole,Naturbruk,0,nat,Vg1,2023,30.7,points
Øksnevad vidaregåande skole,Naturbruk,0,nat,Vg1,2024,,open
Øksnevad vidaregåande skole,Naturbruk,0,nat,Vg1,2025,28.8,points
Øksnevad vidaregåande skole,Naturbruk dyrekunnskap SK 3år,0,nat,Vg1,2019,36.5,points
Øksnevad vidaregåande skole,Naturbruk dyrekunnskap SK 3år,0,nat,Vg1,2020,36.9,points
Øksnevad vidaregåande skole,Naturbruk dyrekunnskap SK 3år,0,nat,Vg1,2021,30.0,points
Øksnevad vidaregåande skole,Naturbruk dyrekunnskap SK 3år,0,nat,Vg1,2022,,open
Øksnevad vidaregåande skole,Naturbruk dyrekunnskap SK 3år,0,nat,Vg1,2023,38.3,points
Øksnevad vidaregåande skole,Naturbruk dyrekunnskap SK 3år,0,nat,Vg1,2024,,open
Øksnevad vidaregåande skole,Naturbruk dyrekunnskap SK 3år,0,nat,Vg1,2025,38.4,points
Øksnevad vidaregåande skole,Naturbruk hest,0,nat,Vg1,2021,,open
Øksnevad vidaregåande skole,Naturbruk hest,0,nat,Vg1,2022,16.4,points
Øksnevad vidaregåande skole,Naturbruk hest,0,nat,Vg1,2023,,open
Øksnevad vidaregåande skole,Naturbruk hest,0,nat,Vg1,2024,32.9,points
Øksnevad vidaregåande skole,Naturbruk hest,0,nat,Vg1,2025,32.3,points
Øksnevad vidaregåande skole,Naturbruk med dyrekunnskap,0,nat,Vg1,2019,36.5,points
Øksnevad vidaregåande skole,Anleggsgartner,0,bygg,Vg2,2019,20.0,points
Øksnevad vidaregåande skole,Anleggsgartner,0,bygg,Vg2,2020,,open
Øksnevad vidaregåande skole,Anleggsgartner,0,bygg,Vg2,2021,,open
Øksnevad vidaregåande skole,Anleggsgartner,0,bygg,Vg2,2022,,open
Øksnevad vidaregåande skole,Anleggsgartner,0,bygg,Vg2,2023,,open
Øksnevad vidaregåande skole,Anleggsgartner,0,bygg,Vg2,2024,31.4,points
Øksnevad vidaregåande skole,Anleggsgartner,0,bygg,Vg2,2025,,open
Øksnevad vidaregåande skole,Anleggsgartner – og idrettsanlegg,0,bygg,Vg2,2018,,open
Øksnevad vidaregåande skole,Anleggsgartner – og idrettsanlegg,0,bygg,Vg2,2019,20.0,points
Øksnevad vidaregåande skole,"Anleggsteknikk, landslinje",0,bygg,Vg2,2018,35.6,points
Øksnevad vidaregåande skole,"Anleggsteknikk, landslinje",0,bygg,Vg2,2019,35.0,points
Øksnevad vidaregåande skole,"Anleggsteknikk, landslinje",0,bygg,Vg2,2020,33.3,points
Øksnevad vidaregåande skole,"Anleggsteknikk, landslinje",0,bygg,Vg2,2021,35.7,points
Øksnevad vidaregåande skole,"Anleggsteknikk, landslinje",0,bygg,Vg2,2022,32.9,points
Øksnevad vidaregåande skole,"Anleggsteknikk, landslinje",0,bygg,Vg2,2023,36.3,points
Øksnevad vidaregåande skole,"Anleggsteknikk, landslinje",0,bygg,Vg2,2024,38.8,points
Øksnevad vidaregåande skole,"Anleggsteknikk, landslinje",0,bygg,Vg2,2025,26.3,points
Øksnevad vidaregåande skole,Arbeidsmaskiner,0,tip,Vg2,2018,33.3,points
Øksnevad vidaregåande skole,Arbeidsmaskiner,0,tip,Vg2,2019,,open
Øksnevad vidaregåande skole,Arbeidsmaskiner,0,tip,Vg2,2020,32.2,points
Øksnevad vidaregåande skole,Arbeidsmaskiner,0,tip,Vg2,2021,31.3,points
Øksnevad vidaregåande skole,Arbeidsmaskiner,0,tip,Vg2,2022,27.5,points
Øksnevad vidaregåande skole,Arbeidsmaskiner,0,tip,Vg2,2023,31.3,points
Øksnevad vidaregåande skole,Arbeidsmaskiner,0,tip,Vg2,2024,30.0,points
Øksnevad vidaregåande skole,Arbeidsmaskiner,0,tip,Vg2,2025,20.0,points
Øksnevad vidaregåande skole,Heste- og dyrefag,0,nat,Vg2,2019,40.0,points
Øksnevad vidaregåande skole,Heste- og dyrefag,0,nat,Vg2,2020,20.0,points
Øksnevad vidaregåande skole,Heste- og dyrefag,0,nat,Vg2,2021,,open
Øksnevad vidaregåande skole,Heste- og dyrefag,0,nat,Vg2,2022,,open
Øksnevad vidaregåande skole,Heste- og dyrefag,0,nat,Vg2,2023,,open
Øksnevad vidaregåande skole,Heste- og dyrefag,0,nat,Vg2,2024,31.7,points
Øksnevad vidaregåande skole,Heste- og dyrefag,0,nat,Vg2,2025,30.0,points
Øksnevad vidaregåande skole,"Heste- og dyrefag, dyrekunnskap SK 3 år",0,nat,Vg2,2023,,open
Øksnevad vidaregåande skole,"Heste- og dyrefag, dyrekunnskap SK 3 år",0,nat,Vg2,2024,,open
Øksnevad vidaregåande skole,"Heste- og dyrefag, dyrekunnskap SK 3 år",0,nat,Vg2,2025,,open
Øksnevad vidaregåande skole,Heste- og hovslagerfaget,0,nat,Vg2,2018,37.5,points
Øksnevad vidaregåande skole,Heste- og hovslagerfaget,0,nat,Vg2,2019,40.0,points
Øksnevad vidaregåande skole,Landbruk og gartnernæring,0,rm,Vg2,2018,23.8,points
Øksnevad vidaregåande skole,Landbruk og gartnernæring,0,rm,Vg2,2019,,open
Øksnevad vidaregåande skole,Landbruk og gartnernæring,0,rm,Vg2,2021,,open
Øksnevad vidaregåande skole,Landbruk og gartnernæring,0,rm,Vg2,2022,,open
Øksnevad vidaregåande skole,Landbruk og gartnernæring,0,rm,Vg2,2023,,open
Øksnevad vidaregåande skole,Landbruk og gartnernæring,0,rm,Vg2,2024,,open
Øksnevad vidaregåande skole,Landbruk og gartnernæring,0,rm,Vg2,2025,,open
Øksnevad vidaregåande skole,"Landbruk/gartnernæring, dyrekunnskap",0,rm,Vg2,2019,,open
Øksnevad vidaregåande skole,"Landbruk/gartnernæring, dyrekunnskap",0,rm,Vg2,2020,,open
Øksnevad vidaregåande skole,"Landbruk/gartnernæring, dyrekunnskap",0,rm,Vg2,2021,,open
Øksnevad vidaregåande skole,"Landbruk/gartnernæring, dyrekunnskap",0,rm,Vg2,2022,,open
Øksnevad vidaregåande skole,"Landbruk/gartnernæring, dyrekunnskap",0,rm,Vg2,2023,,open
Øksnevad vidaregåande skole,Anleggsmaskinmekaniker landslinje,0,bygg,Vg3,2019,,open
Øksnevad vidaregåande skole,Anleggsmaskinmekaniker landslinje,0,bygg,Vg3,2020,38.6,points
Øksnevad vidaregåande skole,Anleggsmaskinmekaniker landslinje,0,bygg,Vg3,2021,30.0,points
Øksnevad vidaregåande skole,Anleggsmaskinmekaniker landslinje,0,bygg,Vg3,2022,40.0,points
Øksnevad vidaregåande skole,Anleggsmaskinmekaniker landslinje,0,bygg,Vg3,2023,,open
Øksnevad vidaregåande skole,Anleggsmaskinmekaniker landslinje,0,bygg,Vg3,2024,32.5,points
Øksnevad vidaregåande skole,Anleggsmaskinmekaniker landslinje,0,bygg,Vg3,2025,34.3,points
Øksnevad vidaregåande skole,Landbruk,0,nat,Vg3,2018,,open
Øksnevad vidaregåande skole,Landbruk,0,nat,Vg3,2019,,open
Øksnevad vidaregåande skole,Landbruk,0,nat,Vg3,2020,,open
Øksnevad vidaregåande skole,Landbruk,0,nat,Vg3,2021,,open
Øksnevad vidaregåande skole,Landbruk,0,nat,Vg3,2022,,open
Øksnevad vidaregåande skole,Landbruk,0,nat,Vg3,2023,,open
Øksnevad vidaregåande skole,Landbruk,0,nat,Vg3,2024,,open
Øksnevad vidaregåande skole,Landbruk,0,nat,Vg3,2025,,open
Øksnevad vidaregåande skole,Naturbruk dyrekunnskap SK 3år,1,nat,Vg3,2021,,open
Øksnevad vidaregåande skole,Naturbruk dyrekunnskap SK 3år,1,nat,Vg3,2022,,open
Øksnevad vidaregåande skole,Naturbruk dyrekunnskap SK 3år,1,nat,Vg3,2023,,open
Øksnevad vidaregåande skole,Naturbruk dyrekunnskap SK 3år,1,nat,Vg3,2024,,open
Øksnevad vidaregåande skole,Naturbruk dyrekunnskap SK 3år,1,nat,Vg3,2025,,open
Øksnevad vidaregåande skole,Påbygg til generell studiekompetanse,0,pb,Vg3,2018,31.1,points
Øksnevad vidaregåande skole,Påbygg til generell studiekompetanse,0,pb,Vg3,2019,34.4,points
Øksnevad vidaregåande skole,Påbygg til generell studiekompetanse,0,pb,Vg3,2020,42.2,points
Øksnevad vidaregåande skole,Påbygg til generell studiekompetanse,0,pb,Vg3,2021,,open
Øksnevad vidaregåande skole,Påbygg til generell studiekompetanse,0,pb,Vg3,2022,,open
Øksnevad vidaregåande skole,Påbygg til generell studiekompetanse,0,pb,Vg3,2023,,open
Øksnevad vidaregåande skole,Studieforberedende naturbruk,0,nat,Vg3,2018,22.5,points
Øksnevad vidaregåande skole,Studieforberedende naturbruk,0,nat,Vg3,2019,,open
Øksnevad vidaregåande skole,Studieforberedende naturbruk,0,nat,Vg3,2020,27.5,points
Øksnevad vidaregåande skole,Studieforberedende naturbruk,0,nat,Vg3,2021,23.8,points
Øksnevad vidaregåande skole,Studieforberedende naturbruk,0,nat,Vg3,2022,,open
Øksnevad vidaregåande skole,Studieforberedende naturbruk,0,nat,Vg3,2023,,open
Øksnevad vidaregåande skole,Studieforberedende naturbruk,0,nat,Vg3,2024,45.0,points
Øksnevad vidaregåande skole,Studieforberedende naturbruk,0,nat,Vg3,2025,31.4,points
Ølen vidaregåande skule,Bygg- og anleggsteknikk,0,bygg,Vg1,2018,32.4,points
Ølen vidaregåande skule,Bygg- og anleggsteknikk,0,bygg,Vg1,2019,25.6,points
Ølen vidaregåande skule,Bygg- og anleggsteknikk,0,bygg,Vg1,2020,,open
Ølen vidaregåande skule,Bygg- og anleggsteknikk,0,bygg,Vg1,2021,,open
Ølen vidaregåande skule,Bygg- og anleggsteknikk,0,bygg,Vg1,2022,,open
Ølen vidaregåande skule,Bygg- og anleggsteknikk,0,bygg,Vg1,2023,,open
Ølen vidaregåande skule,Bygg- og anleggsteknikk,0,bygg,Vg1,2024,,open
Ølen vidaregåande skule,Bygg- og anleggsteknikk,0,bygg,Vg1,2025,30.0,points
Ølen vidaregåande skule,Design og håndverk,0,design,Vg1,2018,31.0,points
Ølen vidaregåande skule,Design og håndverk,0,design,Vg1,2019,,discontinued
Ølen vidaregåande skule,Design og håndverk,0,design,Vg1,2020,,discontinued
Ølen vidaregåande skule,Design og håndverk,0,design,Vg1,2021,,discontinued
Ølen vidaregåande skule,Elektro og datateknologi,0,elektro,Vg1,2019,35.6,points
Ølen vidaregåande skule,Elektro og datateknologi,0,elektro,Vg1,2020,,open
Ølen vidaregåande skule,Elektro og datateknologi,0,elektro,Vg1,2021,39.1,points
Ølen vidaregåande skule,Elektro og datateknologi,0,elektro,Vg1,2022,37.3,points
Ølen vidaregåande skule,Elektro og datateknologi,0,elektro,Vg1,2023,26.8,points
Ølen vidaregåande skule,Elektro og datateknologi,0,elektro,Vg1,2024,40.9,points
Ølen vidaregåande skule,Elektro og datateknologi,0,elektro,Vg1,2025,39.0,points
Ølen vidaregåande skule,Elektrofag,0,elektro,Vg1,2018,22.8,points
Ølen vidaregåande skule,Elektrofag,0,elektro,Vg1,2019,35.6,points
Ølen vidaregåande skule,Helse- og oppvekstfag,0,helse,Vg1,2018,23.3,points
Ølen vidaregåande skule,Helse- og oppvekstfag,0,helse,Vg1,2019,,open
Ølen vidaregåande skule,Helse- og oppvekstfag,0,helse,Vg1,2020,31.5,points
Ølen vidaregåande skule,Helse- og oppvekstfag,0,helse,Vg1,2021,24.2,points
Ølen vidaregåande skule,Helse- og oppvekstfag,0,helse,Vg1,2022,,open
Ølen vidaregåande skule,Helse- og oppvekstfag,0,helse,Vg1,2023,,open
Ølen vidaregåande skule,Helse- og oppvekstfag,0,helse,Vg1,2024,,open
Ølen vidaregåande skule,Helse- og oppvekstfag,0,helse,Vg1,2025,,open
Ølen vidaregåande skule,Idrettsfag,0,idrett,Vg1,2018,,open
Ølen vidaregåande skule,Idrettsfag,0,idrett,Vg1,2019,,open
Ølen vidaregåande skule,Idrettsfag,0,idrett,Vg1,2020,,open
Ølen vidaregåande skule,Idrettsfag,0,idrett,Vg1,2021,,open
Ølen vidaregåande skule,Idrettsfag,0,idrett,Vg1,2022,,open
Ølen vidaregåande skule,Idrettsfag,0,idrett,Vg1,2023,,discontinued
Ølen vidaregåande skule,Idrettsfag,0,idrett,Vg1,2024,,open
Ølen vidaregåande skule,Idrettsfag,0,idrett,Vg1,2025,,open
Ølen vidaregåande skule,Idrettsfag,1,idrett,Vg1,2023,,priority
Ølen vidaregåande skule,Idrettsfag,1,idrett,Vg1,2024,,priority
Ølen vidaregåande skule,Idrettsfag,1,idrett,Vg1,2025,,priority
Ølen vidaregåande skule,Studiespesialisering,0,st,Vg1,2018,,open
Ølen vidaregåande skule,Studiespesialisering,0,st,Vg1,2019,,open
Ølen vidaregåande skule,Studiespesialisering,0,st,Vg1,2020,,open
Ølen vidaregåande skule,Studiespesialisering,0,st,Vg1,2021,,open
Ølen vidaregåande skule,Studiespesialisering,0,st,Vg1,2022,,open
Ølen vidaregåande skule,Studiespesialisering,0,st,Vg1,2023,,open
Ølen vidaregåande skule,Studiespesialisering,0,st,Vg1,2024,,open
Ølen vidaregåande skule,Studiespesialisering,0,st,Vg1,2025,,open
Ølen vidaregåande skule,Teknikk og industriell produksjon,0,tip,Vg1,2018,30.6,points
Ølen vidaregåande skule,Teknikk og industriell produksjon,0,tip,Vg1,2019,20.0,points
Ølen vidaregåande skule,Teknologi- og industrifag,0,tip,Vg1,2019,20.0,points
Ølen vidaregåande skule,Teknologi- og industrifag,0,tip,Vg1,2020,29.3,points
Ølen vidaregåande skule,Teknologi- og industrifag,0,tip,Vg1,2021,30.0,points
Ølen vidaregåande skule,Teknologi- og industrifag,0,tip,Vg1,2022,,open
Ølen vidaregåande skule,Teknologi- og industrifag,0,tip,Vg1,2023,36.9,points
Ølen vidaregåande skule,Teknologi- og industrifag,0,tip,Vg1,2024,34.4,points
Ølen vidaregåande skule,Teknologi- og industrifag,0,tip,Vg1,2025,37.2,points
Ølen vidaregåande skule,Anleggsteknikk,0,bygg,Vg2,2024,41.3,points
Ølen vidaregåande skule,Anleggsteknikk,0,bygg,Vg2,2025,30.0,points
Ølen vidaregåande skule,Arbeidsmaskiner,0,tip,Vg2,2018,,open
Ølen vidaregåande skule,Arbeidsmaskiner,0,tip,Vg2,2019,,open
Ølen vidaregåande skule,Arbeidsmaskiner,0,tip,Vg2,2020,,open
Ølen vidaregåande skule,Arbeidsmaskiner,0,tip,Vg2,2021,,open
Ølen vidaregåande skule,Arbeidsmaskiner,0,tip,Vg2,2022,,open
Ølen vidaregåande skule,Arbeidsmaskiner,0,tip,Vg2,2023,,open
Ølen vidaregåande skule,Arbeidsmaskiner,0,tip,Vg2,2024,,open
Ølen vidaregåande skule,Arbeidsmaskiner,0,tip,Vg2,2025,,open
Ølen vidaregåande skule,Barne- og ungdomsarbeider,0,helse,Vg2,2018,,open
Ølen vidaregåande skule,Barne- og ungdomsarbeider,0,helse,Vg2,2019,,open
Ølen vidaregåande skule,Barne- og ungdomsarbeider,0,helse,Vg2,2020,,open
Ølen vidaregåande skule,Barne- og ungdomsarbeider,0,helse,Vg2,2021,,open
Ølen vidaregåande skule,Barne- og ungdomsarbeider,0,helse,Vg2,2022,,open
Ølen vidaregåande skule,Barne- og ungdomsarbeider,0,helse,Vg2,2023,,open
Ølen vidaregåande skule,Barne- og ungdomsarbeider,0,helse,Vg2,2024,,open
Ølen vidaregåande skule,Barne- og ungdomsarbeider,0,helse,Vg2,2025,35.0,points
Ølen vidaregåande skule,Byggteknikk,0,bygg,Vg2,2018,,open
Ølen vidaregåande skule,Byggteknikk,0,bygg,Vg2,2019,,open
Ølen vidaregåande skule,Byggteknikk,0,bygg,Vg2,2020,,open
Ølen vidaregåande skule,Byggteknikk,0,bygg,Vg2,2021,,discontinued
Ølen vidaregåande skule,Elenergi,0,elektro,Vg2,2018,,open
Ølen vidaregåande skule,Elenergi,0,elektro,Vg2,2019,,open
Ølen vidaregåande skule,Elenergi og ekom,0,elektro,Vg2,2019,,open
Ølen vidaregåande skule,Elenergi og ekom,0,elektro,Vg2,2020,,open
Ølen vidaregåande skule,Elenergi og ekom,0,elektro,Vg2,2021,31.4,points
Ølen vidaregåande skule,Elenergi og ekom,0,elektro,Vg2,2022,,open
Ølen vidaregåande skule,Elenergi og ekom,0,elektro,Vg2,2023,32.9,points
Ølen vidaregåande skule,Elenergi og ekom,0,elektro,Vg2,2024,,open
Ølen vidaregåande skule,Elenergi og ekom,0,elektro,Vg2,2025,,open
Ølen vidaregåande skule,Helsearbeiderfag,0,helse,Vg2,2018,,open
Ølen vidaregåande skule,Helsearbeiderfag,0,helse,Vg2,2019,,open
Ølen vidaregåande skule,Helsearbeiderfag,0,helse,Vg2,2020,,open
Ølen vidaregåande skule,Helsearbeiderfag,0,helse,Vg2,2021,37.5,points
Ølen vidaregåande skule,Helsearbeiderfag,0,helse,Vg2,2022,,open
Ølen vidaregåande skule,Helsearbeiderfag,0,helse,Vg2,2023,,open
Ølen vidaregåande skule,Helsearbeiderfag,0,helse,Vg2,2024,38.8,points
Ølen vidaregåande skule,Helsearbeiderfag,0,helse,Vg2,2025,42.5,points
Ølen vidaregåande skule,Idrettsfag,2,idrett,Vg2,2018,,open
Ølen vidaregåande skule,Idrettsfag,2,idrett,Vg2,2019,,open
Ølen vidaregåande skule,Idrettsfag,2,idrett,Vg2,2020,,open
Ølen vidaregåande skule,Idrettsfag,2,idrett,Vg2,2021,,open
Ølen vidaregåande skule,Idrettsfag,2,idrett,Vg2,2022,,open
Ølen vidaregåande skule,Idrettsfag,2,idrett,Vg2,2023,,open
Ølen vidaregåande skule,Idrettsfag,2,idrett,Vg2,2025,,open
Ølen vidaregåande skule,Industriteknologi,0,tip,Vg2,2018,,open
Ølen vidaregåande skule,Industriteknologi,0,tip,Vg2,2019,,open
Ølen vidaregåande skule,Industriteknologi,0,tip,Vg2,2020,,open
Ølen vidaregåande skule,Industriteknologi,0,tip,Vg2,2021,,open
Ølen vidaregåande skule,Industriteknologi,0,tip,Vg2,2022,,open
Ølen vidaregåande skule,Industriteknologi,0,tip,Vg2,2023,,open
Ølen vidaregåande skule,Industriteknologi,0,tip,Vg2,2024,30.0,points
Ølen vidaregåande skule,Industriteknologi,0,tip,Vg2,2025,31.0,points
Ølen vidaregåande skule,Interiør og utstillingsdesign,0,design,Vg2,2018,,open
Ølen vidaregåande skule,Interiør og utstillingsdesign,0,design,Vg2,2019,,open
Ølen vidaregåande skule,Interiør og utstillingsdesign,0,design,Vg2,2020,,discontinued
Ølen vidaregåande skule,Interiør og utstillingsdesign,0,design,Vg2,2021,,discontinued
Ølen vidaregåande skule,Interiør og utstillingsdesign,0,design,Vg2,2022,,open
Ølen vidaregåande skule,Interiør og utstillingsdesign,0,design,Vg2,2023,,discontinued
Ølen vidaregåande skule,Kjøretøy,0,tip,Vg2,2018,,open
Ølen vidaregåande skule,Kjøretøy,0,tip,Vg2,2019,,discontinued
Ølen vidaregåande skule,Kjøretøy,0,tip,Vg2,2020,,open
Ølen vidaregåande skule,Kjøretøy,0,tip,Vg2,2021,,discontinued
Ølen vidaregåande skule,Kjøretøy,0,tip,Vg2,2022,,open
Ølen vidaregåande skule,Kjøretøy,0,tip,Vg2,2023,,discontinued
Ølen vidaregåande skule,Realfag,0,st,Vg2,2018,,open
Ølen vidaregåande skule,Realfag,0,st,Vg2,2019,,open
Ølen vidaregåande skule,Realfag,0,st,Vg2,2020,,open
Ølen vidaregåande skule,Realfag,0,st,Vg2,2021,,open
Ølen vidaregåande skule,Realfag,0,st,Vg2,2022,,open
Ølen vidaregåande skule,Realfag,0,st,Vg2,2023,,open
Ølen vidaregåande skule,Realfag,0,st,Vg2,2024,,open
Ølen vidaregåande skule,Realfag,0,st,Vg2,2025,,open
Ølen vidaregåande skule,"Språk, samfunn og økonomi",0,st,Vg2,2018,,open
Ølen vidaregåande skule,"Språk, samfunn og økonomi",0,st,Vg2,2019,,open
Ølen vidaregåande skule,"Språk, samfunn og økonomi",0,st,Vg2,2020,,open
Ølen vidaregåande skule,"Språk, samfunn og økonomi",0,st,Vg2,2021,,open
Ølen vidaregåande skule,"Språk, samfunn og økonomi",0,st,Vg2,2022,,open
Ølen vidaregåande skule,"Språk, samfunn og økonomi",0,st,Vg2,2023,,open
Ølen vidaregåande skule,"Språk, samfunn og økonomi",0,st,Vg2,2024,,open
Ølen vidaregåande skule,"Språk, samfunn og økonomi",0,st,Vg2,2025,,open
Ølen vidaregåande skule,Tømrer,0,bygg,Vg2,2021,,open
Ølen vidaregåande skule,Tømrer,0,bygg,Vg2,2022,,open
Ølen vidaregåande skule,Tømrer,0,bygg,Vg2,2023,,open
Ølen vidaregåande skule,Tømrer,0,bygg,Vg2,2024,,open
Ølen vidaregåande skule,Tømrer,0,bygg,Vg2,2025,,open
Ølen vidaregåande skule,Realfag,1,st,Vg2/Vg3,2023,,priority
Ølen vidaregåande skule,Realfag,1,st,Vg2/Vg3,2024,,priority
Ølen vidaregåande skule,Realfag,1,st,Vg2/Vg3,2025,,priority
Ølen vidaregåande skule,"Språk, samfunn og økonomi",1,st,Vg2/Vg3,2023,,priority
Ølen vidaregåande skule,"Språk, samfunn og økonomi",1,st,Vg2/Vg3,2024,,priority
Ølen vidaregåande skule,"Språk, samfunn og økonomi",1,st,Vg2/Vg3,2025,,priority
Ølen vidaregåande skule,Idrettsfag,3,idrett,Vg3,2018,,priority
Ølen vidaregåande skule,Idrettsfag,3,idrett,Vg3,2019,,priority
Ølen vidaregåande skule,Idrettsfag,3,idrett,Vg3,2020,,priority
Ølen vidaregåande skule,Idrettsfag,3,idrett,Vg3,2021,,priority
Ølen vidaregåande skule,Idrettsfag,3,idrett,Vg3,2022,,priority
Ølen vidaregåande skule,Idrettsfag,3,idrett,Vg3,2023,,priority
Ølen vidaregåande skule,Påbygg til generell studiekompetanse,0,pb,Vg3,2018,41.0,points
Ølen vidaregåande skule,Påbygg til generell studiekompetanse,0,pb,Vg3,2019,20.0,points
Ølen vidaregåande skule,Påbygg til generell studiekompetanse,0,pb,Vg3,2020,42.5,points
Ølen vidaregåande skule,Påbygg til generell studiekompetanse,0,pb,Vg3,2021,41.3,points
Ølen vidaregåande skule,Påbygg til generell studiekompetanse,0,pb,Vg3,2022,43.3,points
Ølen vidaregåande skule,Påbygg til generell studiekompetanse,0,pb,Vg3,2023,,open
Ølen vidaregåande skule,Påbygg til generell studiekompetanse,0,pb,Vg3,2024,,open
Ølen vidaregåande skule,Påbygg til generell studiekompetanse,0,pb,Vg3,2025,,open
Ølen vidaregåande skule,Realfag,2,st,Vg3,2018,,priority
Ølen vidaregåande skule,Realfag,2,st,Vg3,2019,,priority
Ølen vidaregåande skule,Realfag,2,st,Vg3,2020,,priority
Ølen vidaregåande skule,Realfag,2,st,Vg3,2021,,priority
Ølen vidaregåande skule,Realfag,2,st,Vg3,2022,,priority
Ølen vidaregåande skule,Realfag,2,st,Vg3,2023,,priority
Ølen vidaregåande skule,"Språk, samfunn og økonomi",2,st,Vg3,2018,,priority
Ølen vidaregåande skule,"Språk, samfunn og økonomi",2,st,Vg3,2019,,priority
Ølen vidaregåande skule,"Språk, samfunn og økonomi",2,st,Vg3,2020,,priority
Ølen vidaregåande skule,"Språk, samfunn og økonomi",2,st,Vg3,2021,,priority
Ølen vidaregåande skule,"Språk, samfunn og økonomi",2,st,Vg3,2022,,priority
Ølen vidaregåande skule,"Språk, samfunn og økonomi",2,st,Vg3,2023,,priority
Ølen vidaregåande skule,Påbygg etter yrkeskompetanse,0,pb,Vg4,2019,,open
Ølen vidaregåande skule,Påbygg etter yrkeskompetanse,0,pb,Vg4,2020,40.0,points
Ølen vidaregåande skule,Påbygg etter yrkeskompetanse,0,pb,Vg4,2021,,open
Ølen vidaregåande skule,Påbygg etter yrkeskompetanse,0,pb,Vg4,2022,,open
Ølen vidaregåande skule,Påbygg etter yrkeskompetanse,0,pb,Vg4,2023,,open
Ølen vidaregåande skule,Påbygg etter yrkeskompetanse,0,pb,Vg4,2024,,open
Ølen vidaregåande skule,Påbygg etter yrkeskompetanse,0,pb,Vg4,2025,,open
